# Demon Slayer VFX Pack - SM_VFX_Vortex_Cone (unites : cm, +X avant, +Z haut dans Unreal)
o SM_VFX_Vortex_Cone
v 30.0000 0.0000 -0.0000
v 29.4236 0.0000 -5.8527
v 27.7164 0.0000 -11.4805
v 24.9441 0.0000 -16.6671
v 21.2132 0.0000 -21.2132
v 16.6671 0.0000 -24.9441
v 11.4805 0.0000 -27.7164
v 5.8527 0.0000 -29.4236
v 0.0000 0.0000 -30.0000
v -5.8527 0.0000 -29.4236
v -11.4805 0.0000 -27.7164
v -16.6671 0.0000 -24.9441
v -21.2132 0.0000 -21.2132
v -24.9441 0.0000 -16.6671
v -27.7164 0.0000 -11.4805
v -29.4236 0.0000 -5.8527
v -30.0000 0.0000 -0.0000
v -29.4236 0.0000 5.8527
v -27.7164 0.0000 11.4805
v -24.9441 0.0000 16.6671
v -21.2132 0.0000 21.2132
v -16.6671 0.0000 24.9441
v -11.4805 0.0000 27.7164
v -5.8527 0.0000 29.4236
v -0.0000 0.0000 30.0000
v 5.8527 0.0000 29.4236
v 11.4805 0.0000 27.7164
v 16.6671 0.0000 24.9441
v 21.2132 0.0000 21.2132
v 24.9441 0.0000 16.6671
v 27.7164 0.0000 11.4805
v 29.4236 0.0000 5.8527
v 30.0000 0.0000 0.0000
v 38.5181 41.6667 -17.9613
v 34.2739 41.6667 -25.1307
v 28.7126 41.6667 -31.3343
v 22.0479 41.6667 -36.3338
v 14.5359 41.6667 -39.9369
v 6.4652 41.6667 -42.0054
v -1.8538 41.6667 -42.4595
v -10.1017 41.6667 -41.2820
v -17.9613 41.6667 -38.5181
v -25.1307 41.6667 -34.2739
v -31.3343 41.6667 -28.7126
v -36.3338 41.6667 -22.0479
v -39.9369 41.6667 -14.5359
v -42.0054 41.6667 -6.4652
v -42.4595 41.6667 1.8538
v -41.2820 41.6667 10.1017
v -38.5181 41.6667 17.9613
v -34.2739 41.6667 25.1307
v -28.7126 41.6667 31.3343
v -22.0479 41.6667 36.3338
v -14.5359 41.6667 39.9369
v -6.4652 41.6667 42.0054
v 1.8538 41.6667 42.4595
v 10.1017 41.6667 41.2820
v 17.9613 41.6667 38.5181
v 25.1307 41.6667 34.2739
v 31.3343 41.6667 28.7126
v 36.3338 41.6667 22.0479
v 39.9369 41.6667 14.5359
v 42.0054 41.6667 6.4652
v 42.4595 41.6667 -1.8538
v 41.2820 41.6667 -10.1017
v 38.5181 41.6667 -17.9613
v 35.3533 83.3333 -42.1324
v 26.4544 83.3333 -48.2200
v 16.5388 83.3333 -52.4544
v 5.9877 83.3333 -54.6731
v -4.7936 83.3333 -54.7907
v -15.3906 83.3333 -52.8027
v -25.3962 83.3333 -48.7856
v -34.4258 83.3333 -42.8936
v -42.1324 83.3333 -35.3533
v -48.2200 83.3333 -26.4544
v -52.4544 83.3333 -16.5388
v -54.6731 83.3333 -5.9877
v -54.7907 83.3333 4.7936
v -52.8027 83.3333 15.3906
v -48.7856 83.3333 25.3962
v -42.8936 83.3333 34.4258
v -35.3533 83.3333 42.1324
v -26.4544 83.3333 48.2200
v -16.5388 83.3333 52.4544
v -5.9877 83.3333 54.6731
v 4.7936 83.3333 54.7907
v 15.3906 83.3333 52.8027
v 25.3962 83.3333 48.7856
v 34.4258 83.3333 42.8936
v 42.1324 83.3333 35.3533
v 48.2200 83.3333 26.4544
v 52.4544 83.3333 16.5388
v 54.6731 83.3333 5.9877
v 54.7907 83.3333 -4.7936
v 52.8027 83.3333 -15.3906
v 48.7856 83.3333 -25.3962
v 42.8936 83.3333 -34.4258
v 35.3533 83.3333 -42.1324
v 17.4703 125.0000 -65.2000
v 4.4147 125.0000 -67.3555
v -8.8105 125.0000 -66.9225
v -21.6972 125.0000 -63.9178
v -33.7500 125.0000 -58.4567
v -44.5058 125.0000 -50.7492
v -53.5514 125.0000 -41.0914
v -60.5389 125.0000 -29.8545
v -65.2000 125.0000 -17.4703
v -67.3555 125.0000 -4.4147
v -66.9225 125.0000 8.8105
v -63.9178 125.0000 21.6972
v -58.4567 125.0000 33.7500
v -50.7492 125.0000 44.5058
v -41.0914 125.0000 53.5514
v -29.8545 125.0000 60.5389
v -17.4703 125.0000 65.2000
v -4.4147 125.0000 67.3555
v 8.8105 125.0000 66.9225
v 21.6972 125.0000 63.9178
v 33.7500 125.0000 58.4567
v 44.5058 125.0000 50.7492
v 53.5514 125.0000 41.0914
v 60.5389 125.0000 29.8545
v 65.2000 125.0000 17.4703
v 67.3555 125.0000 4.4147
v 66.9225 125.0000 -8.8105
v 63.9178 125.0000 -21.6972
v 58.4567 125.0000 -33.7500
v 50.7492 125.0000 -44.5058
v 41.0914 125.0000 -53.5514
v 29.8545 125.0000 -60.5389
v 17.4703 125.0000 -65.2000
v -13.8919 166.6667 -78.7846
v -28.9950 166.6667 -74.5606
v -42.9840 166.6667 -67.4713
v -55.3210 166.6667 -57.7891
v -65.5322 166.6667 -45.8861
v -73.2249 166.6667 -32.2197
v -78.1037 166.6667 -17.3152
v -79.9810 166.6667 -1.7452
v -78.7846 166.6667 13.8919
v -74.5606 166.6667 28.9950
v -67.4713 166.6667 42.9840
v -57.7891 166.6667 55.3210
v -45.8861 166.6667 65.5322
v -32.2197 166.6667 73.2249
v -17.3152 166.6667 78.1037
v -1.7452 166.6667 79.9810
v 13.8919 166.6667 78.7846
v 28.9950 166.6667 74.5606
v 42.9840 166.6667 67.4713
v 55.3210 166.6667 57.7891
v 65.5322 166.6667 45.8861
v 73.2249 166.6667 32.2197
v 78.1037 166.6667 17.3152
v 79.9810 166.6667 1.7452
v 78.7846 166.6667 -13.8919
v 74.5606 166.6667 -28.9950
v 67.4713 166.6667 -42.9840
v 57.7891 166.6667 -55.3210
v 45.8861 166.6667 -65.5322
v 32.2197 166.6667 -73.2249
v 17.3152 166.6667 -78.1037
v 1.7452 166.6667 -79.9810
v -13.8919 166.6667 -78.7846
v -53.0558 208.3333 -75.7716
v -66.8187 208.3333 -63.9650
v -78.0137 208.3333 -49.7002
v -86.2107 208.3333 -33.5255
v -91.0947 208.3333 -16.0625
v -92.4780 208.3333 2.0179
v -90.3074 208.3333 20.0207
v -84.6663 208.3333 37.2541
v -75.7716 208.3333 53.0558
v -63.9650 208.3333 66.8187
v -49.7002 208.3333 78.0137
v -33.5255 208.3333 86.2107
v -16.0625 208.3333 91.0947
v 2.0179 208.3333 92.4780
v 20.0207 208.3333 90.3074
v 37.2541 208.3333 84.6663
v 53.0558 208.3333 75.7716
v 66.8187 208.3333 63.9650
v 78.0137 208.3333 49.7002
v 86.2107 208.3333 33.5255
v 91.0947 208.3333 16.0625
v 92.4780 208.3333 -2.0179
v 90.3074 208.3333 -20.0207
v 84.6663 208.3333 -37.2541
v 75.7716 208.3333 -53.0558
v 63.9650 208.3333 -66.8187
v 49.7002 208.3333 -78.0137
v 33.5255 208.3333 -86.2107
v 16.0625 208.3333 -91.0947
v -2.0179 208.3333 -92.4780
v -20.0207 208.3333 -90.3074
v -37.2541 208.3333 -84.6663
v -53.0558 208.3333 -75.7716
v -90.9327 250.0000 -52.5000
v -99.4277 250.0000 -33.7511
v -104.1017 250.0000 -13.7053
v -104.7752 250.0000 6.8673
v -101.4222 250.0000 27.1760
v -94.1716 250.0000 46.4403
v -83.3021 250.0000 63.9200
v -69.2313 250.0000 78.9432
v -52.5000 250.0000 90.9327
v -33.7511 250.0000 99.4277
v -13.7053 250.0000 104.1017
v 6.8673 250.0000 104.7752
v 27.1760 250.0000 101.4222
v 46.4403 250.0000 94.1716
v 63.9200 250.0000 83.3021
v 78.9432 250.0000 69.2313
v 90.9327 250.0000 52.5000
v 99.4277 250.0000 33.7511
v 104.1017 250.0000 13.7053
v 104.7752 250.0000 -6.8673
v 101.4222 250.0000 -27.1760
v 94.1716 250.0000 -46.4403
v 83.3021 250.0000 -63.9200
v 69.2313 250.0000 -78.9432
v 52.5000 250.0000 -90.9327
v 33.7511 250.0000 -99.4277
v 13.7053 250.0000 -104.1017
v -6.8673 250.0000 -104.7752
v -27.1760 250.0000 -101.4222
v -46.4403 250.0000 -94.1716
v -63.9200 250.0000 -83.3021
v -78.9432 250.0000 -69.2313
v -90.9327 250.0000 -52.5000
v -117.0529 291.6667 -10.2408
v -116.8016 291.6667 12.7919
v -112.0617 291.6667 35.3329
v -103.0154 291.6667 56.5162
v -90.0102 291.6667 75.5275
v -73.5460 291.6667 91.6364
v -54.2555 291.6667 104.2238
v -32.8799 291.6667 112.8059
v -10.2408 291.6667 117.0529
v 12.7919 291.6667 116.8016
v 35.3329 291.6667 112.0617
v 56.5162 291.6667 103.0154
v 75.5275 291.6667 90.0102
v 91.6364 291.6667 73.5460
v 104.2238 291.6667 54.2555
v 112.8059 291.6667 32.8799
v 117.0529 291.6667 10.2408
v 116.8016 291.6667 -12.7919
v 112.0617 291.6667 -35.3329
v 103.0154 291.6667 -56.5162
v 90.0102 291.6667 -75.5275
v 73.5460 291.6667 -91.6364
v 54.2555 291.6667 -104.2238
v 32.8799 291.6667 -112.8059
v 10.2408 291.6667 -117.0529
v -12.7919 291.6667 -116.8016
v -35.3329 291.6667 -112.0617
v -56.5162 291.6667 -103.0154
v -75.5275 291.6667 -90.0102
v -91.6364 291.6667 -73.5460
v -104.2238 291.6667 -54.2555
v -112.8059 291.6667 -32.8799
v -117.0529 291.6667 -10.2408
v -122.1600 333.3333 44.4626
v -111.1385 333.3333 67.4405
v -95.8461 333.3333 87.8267
v -76.8703 333.3333 104.8378
v -54.9404 333.3333 117.8200
v -30.8992 333.3333 126.2745
v -5.6705 333.3333 129.8763
v 19.7760 333.3333 128.4870
v 44.4626 333.3333 122.1600
v 67.4405 333.3333 111.1385
v 87.8267 333.3333 95.8461
v 104.8378 333.3333 76.8703
v 117.8200 333.3333 54.9404
v 126.2745 333.3333 30.8992
v 129.8763 333.3333 5.6705
v 128.4870 333.3333 -19.7760
v 122.1600 333.3333 -44.4626
v 111.1385 333.3333 -67.4405
v 95.8461 333.3333 -87.8267
v 76.8703 333.3333 -104.8378
v 54.9404 333.3333 -117.8200
v 30.8992 333.3333 -126.2745
v 5.6705 333.3333 -129.8763
v -19.7760 333.3333 -128.4870
v -44.4626 333.3333 -122.1600
v -67.4405 333.3333 -111.1385
v -87.8267 333.3333 -95.8461
v -104.8378 333.3333 -76.8703
v -117.8200 333.3333 -54.9404
v -126.2745 333.3333 -30.8992
v -129.8763 333.3333 -5.6705
v -128.4870 333.3333 19.7760
v -122.1600 333.3333 44.4626
v -100.7627 375.0000 100.7627
v -79.1688 375.0000 118.4844
v -54.5324 375.0000 131.6528
v -27.8004 375.0000 139.7619
v -0.0000 375.0000 142.5000
v 27.8004 375.0000 139.7619
v 54.5324 375.0000 131.6528
v 79.1688 375.0000 118.4844
v 100.7627 375.0000 100.7627
v 118.4844 375.0000 79.1688
v 131.6528 375.0000 54.5324
v 139.7619 375.0000 27.8004
v 142.5000 375.0000 0.0000
v 139.7619 375.0000 -27.8004
v 131.6528 375.0000 -54.5324
v 118.4844 375.0000 -79.1688
v 100.7627 375.0000 -100.7627
v 79.1688 375.0000 -118.4844
v 54.5324 375.0000 -131.6528
v 27.8004 375.0000 -139.7619
v 0.0000 375.0000 -142.5000
v -27.8004 375.0000 -139.7619
v -54.5324 375.0000 -131.6528
v -79.1688 375.0000 -118.4844
v -100.7627 375.0000 -100.7627
v -118.4844 375.0000 -79.1688
v -131.6528 375.0000 -54.5324
v -139.7619 375.0000 -27.8004
v -142.5000 375.0000 -0.0000
v -139.7619 375.0000 27.8004
v -131.6528 375.0000 54.5324
v -118.4844 375.0000 79.1688
v -100.7627 375.0000 100.7627
v -53.0131 416.6667 145.6524
v -23.5791 416.6667 153.1960
v 6.7610 416.6667 154.8525
v 36.8413 416.6667 150.5580
v 65.5058 416.6667 140.4777
v 91.6530 416.6667 124.9989
v 114.2780 416.6667 104.7165
v 132.5113 416.6667 80.4099
v 145.6524 416.6667 53.0131
v 153.1960 416.6667 23.5791
v 154.8525 416.6667 -6.7610
v 150.5580 416.6667 -36.8413
v 140.4777 416.6667 -65.5058
v 124.9989 416.6667 -91.6530
v 104.7165 416.6667 -114.2780
v 80.4099 416.6667 -132.5113
v 53.0131 416.6667 -145.6524
v 23.5791 416.6667 -153.1960
v -6.7610 416.6667 -154.8525
v -36.8413 416.6667 -150.5580
v -65.5058 416.6667 -140.4777
v -91.6530 416.6667 -124.9989
v -114.2780 416.6667 -104.7165
v -132.5113 416.6667 -80.4099
v -145.6524 416.6667 -53.0131
v -153.1960 416.6667 -23.5791
v -154.8525 416.6667 6.7610
v -150.5580 416.6667 36.8413
v -140.4777 416.6667 65.5058
v -124.9989 416.6667 91.6530
v -104.7165 416.6667 114.2780
v -80.4099 416.6667 132.5113
v -53.0131 416.6667 145.6524
v 14.5986 458.3333 166.8626
v 46.8714 458.3333 160.8084
v 77.3429 458.3333 148.5743
v 104.8422 458.3333 130.6307
v 128.3124 458.3333 107.6669
v 146.8517 458.3333 80.5656
v 159.7476 458.3333 50.3682
v 166.5044 458.3333 18.2352
v 166.8626 458.3333 -14.5986
v 160.8084 458.3333 -46.8714
v 148.5743 458.3333 -77.3429
v 130.6307 458.3333 -104.8422
v 107.6669 458.3333 -128.3124
v 80.5656 458.3333 -146.8517
v 50.3682 458.3333 -159.7476
v 18.2352 458.3333 -166.5044
v -14.5986 458.3333 -166.8626
v -46.8714 458.3333 -160.8084
v -77.3429 458.3333 -148.5743
v -104.8422 458.3333 -130.6307
v -128.3124 458.3333 -107.6669
v -146.8517 458.3333 -80.5656
v -159.7476 458.3333 -50.3682
v -166.5044 458.3333 -18.2352
v -166.8626 458.3333 14.5986
v -160.8084 458.3333 46.8714
v -148.5743 458.3333 77.3429
v -130.6307 458.3333 104.8422
v -107.6669 458.3333 128.3124
v -80.5656 458.3333 146.8517
v -50.3682 458.3333 159.7476
v -18.2352 458.3333 166.5044
v 14.5986 458.3333 166.8626
v 90.0000 500.0000 155.8846
v 118.6822 500.0000 135.3312
v 142.8036 500.0000 109.5771
v 161.4371 500.0000 79.6120
v 173.8666 500.0000 46.5874
v 179.6146 500.0000 11.7726
v 178.4601 500.0000 -23.4947
v 170.4474 500.0000 -57.8591
v 155.8846 500.0000 -90.0000
v 135.3312 500.0000 -118.6822
v 109.5771 500.0000 -142.8036
v 79.6120 500.0000 -161.4371
v 46.5874 500.0000 -173.8666
v 11.7726 500.0000 -179.6146
v -23.4947 500.0000 -178.4601
v -57.8591 500.0000 -170.4474
v -90.0000 500.0000 -155.8846
v -118.6822 500.0000 -135.3312
v -142.8036 500.0000 -109.5771
v -161.4371 500.0000 -79.6120
v -173.8666 500.0000 -46.5874
v -179.6146 500.0000 -11.7726
v -178.4601 500.0000 23.4947
v -170.4474 500.0000 57.8591
v -155.8846 500.0000 90.0000
v -135.3312 500.0000 118.6822
v -109.5771 500.0000 142.8036
v -79.6120 500.0000 161.4371
v -46.5874 500.0000 173.8666
v -11.7726 500.0000 179.6146
v 23.4947 500.0000 178.4601
v 57.8591 500.0000 170.4474
v 90.0000 500.0000 155.8846
v 30.0000 0.0000 -0.0000
v 29.4236 0.0000 -5.8527
v 27.7164 0.0000 -11.4805
v 24.9441 0.0000 -16.6671
v 21.2132 0.0000 -21.2132
v 16.6671 0.0000 -24.9441
v 11.4805 0.0000 -27.7164
v 5.8527 0.0000 -29.4236
v 0.0000 0.0000 -30.0000
v -5.8527 0.0000 -29.4236
v -11.4805 0.0000 -27.7164
v -16.6671 0.0000 -24.9441
v -21.2132 0.0000 -21.2132
v -24.9441 0.0000 -16.6671
v -27.7164 0.0000 -11.4805
v -29.4236 0.0000 -5.8527
v -30.0000 0.0000 -0.0000
v -29.4236 0.0000 5.8527
v -27.7164 0.0000 11.4805
v -24.9441 0.0000 16.6671
v -21.2132 0.0000 21.2132
v -16.6671 0.0000 24.9441
v -11.4805 0.0000 27.7164
v -5.8527 0.0000 29.4236
v -0.0000 0.0000 30.0000
v 5.8527 0.0000 29.4236
v 11.4805 0.0000 27.7164
v 16.6671 0.0000 24.9441
v 21.2132 0.0000 21.2132
v 24.9441 0.0000 16.6671
v 27.7164 0.0000 11.4805
v 29.4236 0.0000 5.8527
v 30.0000 0.0000 0.0000
v 38.5181 41.6667 -17.9613
v 34.2739 41.6667 -25.1307
v 28.7126 41.6667 -31.3343
v 22.0479 41.6667 -36.3338
v 14.5359 41.6667 -39.9369
v 6.4652 41.6667 -42.0054
v -1.8538 41.6667 -42.4595
v -10.1017 41.6667 -41.2820
v -17.9613 41.6667 -38.5181
v -25.1307 41.6667 -34.2739
v -31.3343 41.6667 -28.7126
v -36.3338 41.6667 -22.0479
v -39.9369 41.6667 -14.5359
v -42.0054 41.6667 -6.4652
v -42.4595 41.6667 1.8538
v -41.2820 41.6667 10.1017
v -38.5181 41.6667 17.9613
v -34.2739 41.6667 25.1307
v -28.7126 41.6667 31.3343
v -22.0479 41.6667 36.3338
v -14.5359 41.6667 39.9369
v -6.4652 41.6667 42.0054
v 1.8538 41.6667 42.4595
v 10.1017 41.6667 41.2820
v 17.9613 41.6667 38.5181
v 25.1307 41.6667 34.2739
v 31.3343 41.6667 28.7126
v 36.3338 41.6667 22.0479
v 39.9369 41.6667 14.5359
v 42.0054 41.6667 6.4652
v 42.4595 41.6667 -1.8538
v 41.2820 41.6667 -10.1017
v 38.5181 41.6667 -17.9613
v 35.3533 83.3333 -42.1324
v 26.4544 83.3333 -48.2200
v 16.5388 83.3333 -52.4544
v 5.9877 83.3333 -54.6731
v -4.7936 83.3333 -54.7907
v -15.3906 83.3333 -52.8027
v -25.3962 83.3333 -48.7856
v -34.4258 83.3333 -42.8936
v -42.1324 83.3333 -35.3533
v -48.2200 83.3333 -26.4544
v -52.4544 83.3333 -16.5388
v -54.6731 83.3333 -5.9877
v -54.7907 83.3333 4.7936
v -52.8027 83.3333 15.3906
v -48.7856 83.3333 25.3962
v -42.8936 83.3333 34.4258
v -35.3533 83.3333 42.1324
v -26.4544 83.3333 48.2200
v -16.5388 83.3333 52.4544
v -5.9877 83.3333 54.6731
v 4.7936 83.3333 54.7907
v 15.3906 83.3333 52.8027
v 25.3962 83.3333 48.7856
v 34.4258 83.3333 42.8936
v 42.1324 83.3333 35.3533
v 48.2200 83.3333 26.4544
v 52.4544 83.3333 16.5388
v 54.6731 83.3333 5.9877
v 54.7907 83.3333 -4.7936
v 52.8027 83.3333 -15.3906
v 48.7856 83.3333 -25.3962
v 42.8936 83.3333 -34.4258
v 35.3533 83.3333 -42.1324
v 17.4703 125.0000 -65.2000
v 4.4147 125.0000 -67.3555
v -8.8105 125.0000 -66.9225
v -21.6972 125.0000 -63.9178
v -33.7500 125.0000 -58.4567
v -44.5058 125.0000 -50.7492
v -53.5514 125.0000 -41.0914
v -60.5389 125.0000 -29.8545
v -65.2000 125.0000 -17.4703
v -67.3555 125.0000 -4.4147
v -66.9225 125.0000 8.8105
v -63.9178 125.0000 21.6972
v -58.4567 125.0000 33.7500
v -50.7492 125.0000 44.5058
v -41.0914 125.0000 53.5514
v -29.8545 125.0000 60.5389
v -17.4703 125.0000 65.2000
v -4.4147 125.0000 67.3555
v 8.8105 125.0000 66.9225
v 21.6972 125.0000 63.9178
v 33.7500 125.0000 58.4567
v 44.5058 125.0000 50.7492
v 53.5514 125.0000 41.0914
v 60.5389 125.0000 29.8545
v 65.2000 125.0000 17.4703
v 67.3555 125.0000 4.4147
v 66.9225 125.0000 -8.8105
v 63.9178 125.0000 -21.6972
v 58.4567 125.0000 -33.7500
v 50.7492 125.0000 -44.5058
v 41.0914 125.0000 -53.5514
v 29.8545 125.0000 -60.5389
v 17.4703 125.0000 -65.2000
v -13.8919 166.6667 -78.7846
v -28.9950 166.6667 -74.5606
v -42.9840 166.6667 -67.4713
v -55.3210 166.6667 -57.7891
v -65.5322 166.6667 -45.8861
v -73.2249 166.6667 -32.2197
v -78.1037 166.6667 -17.3152
v -79.9810 166.6667 -1.7452
v -78.7846 166.6667 13.8919
v -74.5606 166.6667 28.9950
v -67.4713 166.6667 42.9840
v -57.7891 166.6667 55.3210
v -45.8861 166.6667 65.5322
v -32.2197 166.6667 73.2249
v -17.3152 166.6667 78.1037
v -1.7452 166.6667 79.9810
v 13.8919 166.6667 78.7846
v 28.9950 166.6667 74.5606
v 42.9840 166.6667 67.4713
v 55.3210 166.6667 57.7891
v 65.5322 166.6667 45.8861
v 73.2249 166.6667 32.2197
v 78.1037 166.6667 17.3152
v 79.9810 166.6667 1.7452
v 78.7846 166.6667 -13.8919
v 74.5606 166.6667 -28.9950
v 67.4713 166.6667 -42.9840
v 57.7891 166.6667 -55.3210
v 45.8861 166.6667 -65.5322
v 32.2197 166.6667 -73.2249
v 17.3152 166.6667 -78.1037
v 1.7452 166.6667 -79.9810
v -13.8919 166.6667 -78.7846
v -53.0558 208.3333 -75.7716
v -66.8187 208.3333 -63.9650
v -78.0137 208.3333 -49.7002
v -86.2107 208.3333 -33.5255
v -91.0947 208.3333 -16.0625
v -92.4780 208.3333 2.0179
v -90.3074 208.3333 20.0207
v -84.6663 208.3333 37.2541
v -75.7716 208.3333 53.0558
v -63.9650 208.3333 66.8187
v -49.7002 208.3333 78.0137
v -33.5255 208.3333 86.2107
v -16.0625 208.3333 91.0947
v 2.0179 208.3333 92.4780
v 20.0207 208.3333 90.3074
v 37.2541 208.3333 84.6663
v 53.0558 208.3333 75.7716
v 66.8187 208.3333 63.9650
v 78.0137 208.3333 49.7002
v 86.2107 208.3333 33.5255
v 91.0947 208.3333 16.0625
v 92.4780 208.3333 -2.0179
v 90.3074 208.3333 -20.0207
v 84.6663 208.3333 -37.2541
v 75.7716 208.3333 -53.0558
v 63.9650 208.3333 -66.8187
v 49.7002 208.3333 -78.0137
v 33.5255 208.3333 -86.2107
v 16.0625 208.3333 -91.0947
v -2.0179 208.3333 -92.4780
v -20.0207 208.3333 -90.3074
v -37.2541 208.3333 -84.6663
v -53.0558 208.3333 -75.7716
v -90.9327 250.0000 -52.5000
v -99.4277 250.0000 -33.7511
v -104.1017 250.0000 -13.7053
v -104.7752 250.0000 6.8673
v -101.4222 250.0000 27.1760
v -94.1716 250.0000 46.4403
v -83.3021 250.0000 63.9200
v -69.2313 250.0000 78.9432
v -52.5000 250.0000 90.9327
v -33.7511 250.0000 99.4277
v -13.7053 250.0000 104.1017
v 6.8673 250.0000 104.7752
v 27.1760 250.0000 101.4222
v 46.4403 250.0000 94.1716
v 63.9200 250.0000 83.3021
v 78.9432 250.0000 69.2313
v 90.9327 250.0000 52.5000
v 99.4277 250.0000 33.7511
v 104.1017 250.0000 13.7053
v 104.7752 250.0000 -6.8673
v 101.4222 250.0000 -27.1760
v 94.1716 250.0000 -46.4403
v 83.3021 250.0000 -63.9200
v 69.2313 250.0000 -78.9432
v 52.5000 250.0000 -90.9327
v 33.7511 250.0000 -99.4277
v 13.7053 250.0000 -104.1017
v -6.8673 250.0000 -104.7752
v -27.1760 250.0000 -101.4222
v -46.4403 250.0000 -94.1716
v -63.9200 250.0000 -83.3021
v -78.9432 250.0000 -69.2313
v -90.9327 250.0000 -52.5000
v -117.0529 291.6667 -10.2408
v -116.8016 291.6667 12.7919
v -112.0617 291.6667 35.3329
v -103.0154 291.6667 56.5162
v -90.0102 291.6667 75.5275
v -73.5460 291.6667 91.6364
v -54.2555 291.6667 104.2238
v -32.8799 291.6667 112.8059
v -10.2408 291.6667 117.0529
v 12.7919 291.6667 116.8016
v 35.3329 291.6667 112.0617
v 56.5162 291.6667 103.0154
v 75.5275 291.6667 90.0102
v 91.6364 291.6667 73.5460
v 104.2238 291.6667 54.2555
v 112.8059 291.6667 32.8799
v 117.0529 291.6667 10.2408
v 116.8016 291.6667 -12.7919
v 112.0617 291.6667 -35.3329
v 103.0154 291.6667 -56.5162
v 90.0102 291.6667 -75.5275
v 73.5460 291.6667 -91.6364
v 54.2555 291.6667 -104.2238
v 32.8799 291.6667 -112.8059
v 10.2408 291.6667 -117.0529
v -12.7919 291.6667 -116.8016
v -35.3329 291.6667 -112.0617
v -56.5162 291.6667 -103.0154
v -75.5275 291.6667 -90.0102
v -91.6364 291.6667 -73.5460
v -104.2238 291.6667 -54.2555
v -112.8059 291.6667 -32.8799
v -117.0529 291.6667 -10.2408
v -122.1600 333.3333 44.4626
v -111.1385 333.3333 67.4405
v -95.8461 333.3333 87.8267
v -76.8703 333.3333 104.8378
v -54.9404 333.3333 117.8200
v -30.8992 333.3333 126.2745
v -5.6705 333.3333 129.8763
v 19.7760 333.3333 128.4870
v 44.4626 333.3333 122.1600
v 67.4405 333.3333 111.1385
v 87.8267 333.3333 95.8461
v 104.8378 333.3333 76.8703
v 117.8200 333.3333 54.9404
v 126.2745 333.3333 30.8992
v 129.8763 333.3333 5.6705
v 128.4870 333.3333 -19.7760
v 122.1600 333.3333 -44.4626
v 111.1385 333.3333 -67.4405
v 95.8461 333.3333 -87.8267
v 76.8703 333.3333 -104.8378
v 54.9404 333.3333 -117.8200
v 30.8992 333.3333 -126.2745
v 5.6705 333.3333 -129.8763
v -19.7760 333.3333 -128.4870
v -44.4626 333.3333 -122.1600
v -67.4405 333.3333 -111.1385
v -87.8267 333.3333 -95.8461
v -104.8378 333.3333 -76.8703
v -117.8200 333.3333 -54.9404
v -126.2745 333.3333 -30.8992
v -129.8763 333.3333 -5.6705
v -128.4870 333.3333 19.7760
v -122.1600 333.3333 44.4626
v -100.7627 375.0000 100.7627
v -79.1688 375.0000 118.4844
v -54.5324 375.0000 131.6528
v -27.8004 375.0000 139.7619
v -0.0000 375.0000 142.5000
v 27.8004 375.0000 139.7619
v 54.5324 375.0000 131.6528
v 79.1688 375.0000 118.4844
v 100.7627 375.0000 100.7627
v 118.4844 375.0000 79.1688
v 131.6528 375.0000 54.5324
v 139.7619 375.0000 27.8004
v 142.5000 375.0000 0.0000
v 139.7619 375.0000 -27.8004
v 131.6528 375.0000 -54.5324
v 118.4844 375.0000 -79.1688
v 100.7627 375.0000 -100.7627
v 79.1688 375.0000 -118.4844
v 54.5324 375.0000 -131.6528
v 27.8004 375.0000 -139.7619
v 0.0000 375.0000 -142.5000
v -27.8004 375.0000 -139.7619
v -54.5324 375.0000 -131.6528
v -79.1688 375.0000 -118.4844
v -100.7627 375.0000 -100.7627
v -118.4844 375.0000 -79.1688
v -131.6528 375.0000 -54.5324
v -139.7619 375.0000 -27.8004
v -142.5000 375.0000 -0.0000
v -139.7619 375.0000 27.8004
v -131.6528 375.0000 54.5324
v -118.4844 375.0000 79.1688
v -100.7627 375.0000 100.7627
v -53.0131 416.6667 145.6524
v -23.5791 416.6667 153.1960
v 6.7610 416.6667 154.8525
v 36.8413 416.6667 150.5580
v 65.5058 416.6667 140.4777
v 91.6530 416.6667 124.9989
v 114.2780 416.6667 104.7165
v 132.5113 416.6667 80.4099
v 145.6524 416.6667 53.0131
v 153.1960 416.6667 23.5791
v 154.8525 416.6667 -6.7610
v 150.5580 416.6667 -36.8413
v 140.4777 416.6667 -65.5058
v 124.9989 416.6667 -91.6530
v 104.7165 416.6667 -114.2780
v 80.4099 416.6667 -132.5113
v 53.0131 416.6667 -145.6524
v 23.5791 416.6667 -153.1960
v -6.7610 416.6667 -154.8525
v -36.8413 416.6667 -150.5580
v -65.5058 416.6667 -140.4777
v -91.6530 416.6667 -124.9989
v -114.2780 416.6667 -104.7165
v -132.5113 416.6667 -80.4099
v -145.6524 416.6667 -53.0131
v -153.1960 416.6667 -23.5791
v -154.8525 416.6667 6.7610
v -150.5580 416.6667 36.8413
v -140.4777 416.6667 65.5058
v -124.9989 416.6667 91.6530
v -104.7165 416.6667 114.2780
v -80.4099 416.6667 132.5113
v -53.0131 416.6667 145.6524
v 14.5986 458.3333 166.8626
v 46.8714 458.3333 160.8084
v 77.3429 458.3333 148.5743
v 104.8422 458.3333 130.6307
v 128.3124 458.3333 107.6669
v 146.8517 458.3333 80.5656
v 159.7476 458.3333 50.3682
v 166.5044 458.3333 18.2352
v 166.8626 458.3333 -14.5986
v 160.8084 458.3333 -46.8714
v 148.5743 458.3333 -77.3429
v 130.6307 458.3333 -104.8422
v 107.6669 458.3333 -128.3124
v 80.5656 458.3333 -146.8517
v 50.3682 458.3333 -159.7476
v 18.2352 458.3333 -166.5044
v -14.5986 458.3333 -166.8626
v -46.8714 458.3333 -160.8084
v -77.3429 458.3333 -148.5743
v -104.8422 458.3333 -130.6307
v -128.3124 458.3333 -107.6669
v -146.8517 458.3333 -80.5656
v -159.7476 458.3333 -50.3682
v -166.5044 458.3333 -18.2352
v -166.8626 458.3333 14.5986
v -160.8084 458.3333 46.8714
v -148.5743 458.3333 77.3429
v -130.6307 458.3333 104.8422
v -107.6669 458.3333 128.3124
v -80.5656 458.3333 146.8517
v -50.3682 458.3333 159.7476
v -18.2352 458.3333 166.5044
v 14.5986 458.3333 166.8626
v 90.0000 500.0000 155.8846
v 118.6822 500.0000 135.3312
v 142.8036 500.0000 109.5771
v 161.4371 500.0000 79.6120
v 173.8666 500.0000 46.5874
v 179.6146 500.0000 11.7726
v 178.4601 500.0000 -23.4947
v 170.4474 500.0000 -57.8591
v 155.8846 500.0000 -90.0000
v 135.3312 500.0000 -118.6822
v 109.5771 500.0000 -142.8036
v 79.6120 500.0000 -161.4371
v 46.5874 500.0000 -173.8666
v 11.7726 500.0000 -179.6146
v -23.4947 500.0000 -178.4601
v -57.8591 500.0000 -170.4474
v -90.0000 500.0000 -155.8846
v -118.6822 500.0000 -135.3312
v -142.8036 500.0000 -109.5771
v -161.4371 500.0000 -79.6120
v -173.8666 500.0000 -46.5874
v -179.6146 500.0000 -11.7726
v -178.4601 500.0000 23.4947
v -170.4474 500.0000 57.8591
v -155.8846 500.0000 90.0000
v -135.3312 500.0000 118.6822
v -109.5771 500.0000 142.8036
v -79.6120 500.0000 161.4371
v -46.5874 500.0000 173.8666
v -11.7726 500.0000 179.6146
v 23.4947 500.0000 178.4601
v 57.8591 500.0000 170.4474
v 90.0000 500.0000 155.8846
vt 0.00000 1.00000
vt 0.03125 1.00000
vt 0.06250 1.00000
vt 0.09375 1.00000
vt 0.12500 1.00000
vt 0.15625 1.00000
vt 0.18750 1.00000
vt 0.21875 1.00000
vt 0.25000 1.00000
vt 0.28125 1.00000
vt 0.31250 1.00000
vt 0.34375 1.00000
vt 0.37500 1.00000
vt 0.40625 1.00000
vt 0.43750 1.00000
vt 0.46875 1.00000
vt 0.50000 1.00000
vt 0.53125 1.00000
vt 0.56250 1.00000
vt 0.59375 1.00000
vt 0.62500 1.00000
vt 0.65625 1.00000
vt 0.68750 1.00000
vt 0.71875 1.00000
vt 0.75000 1.00000
vt 0.78125 1.00000
vt 0.81250 1.00000
vt 0.84375 1.00000
vt 0.87500 1.00000
vt 0.90625 1.00000
vt 0.93750 1.00000
vt 0.96875 1.00000
vt 1.00000 1.00000
vt 0.00000 0.91667
vt 0.03125 0.91667
vt 0.06250 0.91667
vt 0.09375 0.91667
vt 0.12500 0.91667
vt 0.15625 0.91667
vt 0.18750 0.91667
vt 0.21875 0.91667
vt 0.25000 0.91667
vt 0.28125 0.91667
vt 0.31250 0.91667
vt 0.34375 0.91667
vt 0.37500 0.91667
vt 0.40625 0.91667
vt 0.43750 0.91667
vt 0.46875 0.91667
vt 0.50000 0.91667
vt 0.53125 0.91667
vt 0.56250 0.91667
vt 0.59375 0.91667
vt 0.62500 0.91667
vt 0.65625 0.91667
vt 0.68750 0.91667
vt 0.71875 0.91667
vt 0.75000 0.91667
vt 0.78125 0.91667
vt 0.81250 0.91667
vt 0.84375 0.91667
vt 0.87500 0.91667
vt 0.90625 0.91667
vt 0.93750 0.91667
vt 0.96875 0.91667
vt 1.00000 0.91667
vt 0.00000 0.83333
vt 0.03125 0.83333
vt 0.06250 0.83333
vt 0.09375 0.83333
vt 0.12500 0.83333
vt 0.15625 0.83333
vt 0.18750 0.83333
vt 0.21875 0.83333
vt 0.25000 0.83333
vt 0.28125 0.83333
vt 0.31250 0.83333
vt 0.34375 0.83333
vt 0.37500 0.83333
vt 0.40625 0.83333
vt 0.43750 0.83333
vt 0.46875 0.83333
vt 0.50000 0.83333
vt 0.53125 0.83333
vt 0.56250 0.83333
vt 0.59375 0.83333
vt 0.62500 0.83333
vt 0.65625 0.83333
vt 0.68750 0.83333
vt 0.71875 0.83333
vt 0.75000 0.83333
vt 0.78125 0.83333
vt 0.81250 0.83333
vt 0.84375 0.83333
vt 0.87500 0.83333
vt 0.90625 0.83333
vt 0.93750 0.83333
vt 0.96875 0.83333
vt 1.00000 0.83333
vt 0.00000 0.75000
vt 0.03125 0.75000
vt 0.06250 0.75000
vt 0.09375 0.75000
vt 0.12500 0.75000
vt 0.15625 0.75000
vt 0.18750 0.75000
vt 0.21875 0.75000
vt 0.25000 0.75000
vt 0.28125 0.75000
vt 0.31250 0.75000
vt 0.34375 0.75000
vt 0.37500 0.75000
vt 0.40625 0.75000
vt 0.43750 0.75000
vt 0.46875 0.75000
vt 0.50000 0.75000
vt 0.53125 0.75000
vt 0.56250 0.75000
vt 0.59375 0.75000
vt 0.62500 0.75000
vt 0.65625 0.75000
vt 0.68750 0.75000
vt 0.71875 0.75000
vt 0.75000 0.75000
vt 0.78125 0.75000
vt 0.81250 0.75000
vt 0.84375 0.75000
vt 0.87500 0.75000
vt 0.90625 0.75000
vt 0.93750 0.75000
vt 0.96875 0.75000
vt 1.00000 0.75000
vt 0.00000 0.66667
vt 0.03125 0.66667
vt 0.06250 0.66667
vt 0.09375 0.66667
vt 0.12500 0.66667
vt 0.15625 0.66667
vt 0.18750 0.66667
vt 0.21875 0.66667
vt 0.25000 0.66667
vt 0.28125 0.66667
vt 0.31250 0.66667
vt 0.34375 0.66667
vt 0.37500 0.66667
vt 0.40625 0.66667
vt 0.43750 0.66667
vt 0.46875 0.66667
vt 0.50000 0.66667
vt 0.53125 0.66667
vt 0.56250 0.66667
vt 0.59375 0.66667
vt 0.62500 0.66667
vt 0.65625 0.66667
vt 0.68750 0.66667
vt 0.71875 0.66667
vt 0.75000 0.66667
vt 0.78125 0.66667
vt 0.81250 0.66667
vt 0.84375 0.66667
vt 0.87500 0.66667
vt 0.90625 0.66667
vt 0.93750 0.66667
vt 0.96875 0.66667
vt 1.00000 0.66667
vt 0.00000 0.58333
vt 0.03125 0.58333
vt 0.06250 0.58333
vt 0.09375 0.58333
vt 0.12500 0.58333
vt 0.15625 0.58333
vt 0.18750 0.58333
vt 0.21875 0.58333
vt 0.25000 0.58333
vt 0.28125 0.58333
vt 0.31250 0.58333
vt 0.34375 0.58333
vt 0.37500 0.58333
vt 0.40625 0.58333
vt 0.43750 0.58333
vt 0.46875 0.58333
vt 0.50000 0.58333
vt 0.53125 0.58333
vt 0.56250 0.58333
vt 0.59375 0.58333
vt 0.62500 0.58333
vt 0.65625 0.58333
vt 0.68750 0.58333
vt 0.71875 0.58333
vt 0.75000 0.58333
vt 0.78125 0.58333
vt 0.81250 0.58333
vt 0.84375 0.58333
vt 0.87500 0.58333
vt 0.90625 0.58333
vt 0.93750 0.58333
vt 0.96875 0.58333
vt 1.00000 0.58333
vt 0.00000 0.50000
vt 0.03125 0.50000
vt 0.06250 0.50000
vt 0.09375 0.50000
vt 0.12500 0.50000
vt 0.15625 0.50000
vt 0.18750 0.50000
vt 0.21875 0.50000
vt 0.25000 0.50000
vt 0.28125 0.50000
vt 0.31250 0.50000
vt 0.34375 0.50000
vt 0.37500 0.50000
vt 0.40625 0.50000
vt 0.43750 0.50000
vt 0.46875 0.50000
vt 0.50000 0.50000
vt 0.53125 0.50000
vt 0.56250 0.50000
vt 0.59375 0.50000
vt 0.62500 0.50000
vt 0.65625 0.50000
vt 0.68750 0.50000
vt 0.71875 0.50000
vt 0.75000 0.50000
vt 0.78125 0.50000
vt 0.81250 0.50000
vt 0.84375 0.50000
vt 0.87500 0.50000
vt 0.90625 0.50000
vt 0.93750 0.50000
vt 0.96875 0.50000
vt 1.00000 0.50000
vt 0.00000 0.41667
vt 0.03125 0.41667
vt 0.06250 0.41667
vt 0.09375 0.41667
vt 0.12500 0.41667
vt 0.15625 0.41667
vt 0.18750 0.41667
vt 0.21875 0.41667
vt 0.25000 0.41667
vt 0.28125 0.41667
vt 0.31250 0.41667
vt 0.34375 0.41667
vt 0.37500 0.41667
vt 0.40625 0.41667
vt 0.43750 0.41667
vt 0.46875 0.41667
vt 0.50000 0.41667
vt 0.53125 0.41667
vt 0.56250 0.41667
vt 0.59375 0.41667
vt 0.62500 0.41667
vt 0.65625 0.41667
vt 0.68750 0.41667
vt 0.71875 0.41667
vt 0.75000 0.41667
vt 0.78125 0.41667
vt 0.81250 0.41667
vt 0.84375 0.41667
vt 0.87500 0.41667
vt 0.90625 0.41667
vt 0.93750 0.41667
vt 0.96875 0.41667
vt 1.00000 0.41667
vt 0.00000 0.33333
vt 0.03125 0.33333
vt 0.06250 0.33333
vt 0.09375 0.33333
vt 0.12500 0.33333
vt 0.15625 0.33333
vt 0.18750 0.33333
vt 0.21875 0.33333
vt 0.25000 0.33333
vt 0.28125 0.33333
vt 0.31250 0.33333
vt 0.34375 0.33333
vt 0.37500 0.33333
vt 0.40625 0.33333
vt 0.43750 0.33333
vt 0.46875 0.33333
vt 0.50000 0.33333
vt 0.53125 0.33333
vt 0.56250 0.33333
vt 0.59375 0.33333
vt 0.62500 0.33333
vt 0.65625 0.33333
vt 0.68750 0.33333
vt 0.71875 0.33333
vt 0.75000 0.33333
vt 0.78125 0.33333
vt 0.81250 0.33333
vt 0.84375 0.33333
vt 0.87500 0.33333
vt 0.90625 0.33333
vt 0.93750 0.33333
vt 0.96875 0.33333
vt 1.00000 0.33333
vt 0.00000 0.25000
vt 0.03125 0.25000
vt 0.06250 0.25000
vt 0.09375 0.25000
vt 0.12500 0.25000
vt 0.15625 0.25000
vt 0.18750 0.25000
vt 0.21875 0.25000
vt 0.25000 0.25000
vt 0.28125 0.25000
vt 0.31250 0.25000
vt 0.34375 0.25000
vt 0.37500 0.25000
vt 0.40625 0.25000
vt 0.43750 0.25000
vt 0.46875 0.25000
vt 0.50000 0.25000
vt 0.53125 0.25000
vt 0.56250 0.25000
vt 0.59375 0.25000
vt 0.62500 0.25000
vt 0.65625 0.25000
vt 0.68750 0.25000
vt 0.71875 0.25000
vt 0.75000 0.25000
vt 0.78125 0.25000
vt 0.81250 0.25000
vt 0.84375 0.25000
vt 0.87500 0.25000
vt 0.90625 0.25000
vt 0.93750 0.25000
vt 0.96875 0.25000
vt 1.00000 0.25000
vt 0.00000 0.16667
vt 0.03125 0.16667
vt 0.06250 0.16667
vt 0.09375 0.16667
vt 0.12500 0.16667
vt 0.15625 0.16667
vt 0.18750 0.16667
vt 0.21875 0.16667
vt 0.25000 0.16667
vt 0.28125 0.16667
vt 0.31250 0.16667
vt 0.34375 0.16667
vt 0.37500 0.16667
vt 0.40625 0.16667
vt 0.43750 0.16667
vt 0.46875 0.16667
vt 0.50000 0.16667
vt 0.53125 0.16667
vt 0.56250 0.16667
vt 0.59375 0.16667
vt 0.62500 0.16667
vt 0.65625 0.16667
vt 0.68750 0.16667
vt 0.71875 0.16667
vt 0.75000 0.16667
vt 0.78125 0.16667
vt 0.81250 0.16667
vt 0.84375 0.16667
vt 0.87500 0.16667
vt 0.90625 0.16667
vt 0.93750 0.16667
vt 0.96875 0.16667
vt 1.00000 0.16667
vt 0.00000 0.08333
vt 0.03125 0.08333
vt 0.06250 0.08333
vt 0.09375 0.08333
vt 0.12500 0.08333
vt 0.15625 0.08333
vt 0.18750 0.08333
vt 0.21875 0.08333
vt 0.25000 0.08333
vt 0.28125 0.08333
vt 0.31250 0.08333
vt 0.34375 0.08333
vt 0.37500 0.08333
vt 0.40625 0.08333
vt 0.43750 0.08333
vt 0.46875 0.08333
vt 0.50000 0.08333
vt 0.53125 0.08333
vt 0.56250 0.08333
vt 0.59375 0.08333
vt 0.62500 0.08333
vt 0.65625 0.08333
vt 0.68750 0.08333
vt 0.71875 0.08333
vt 0.75000 0.08333
vt 0.78125 0.08333
vt 0.81250 0.08333
vt 0.84375 0.08333
vt 0.87500 0.08333
vt 0.90625 0.08333
vt 0.93750 0.08333
vt 0.96875 0.08333
vt 1.00000 0.08333
vt 0.00000 0.00000
vt 0.03125 0.00000
vt 0.06250 0.00000
vt 0.09375 0.00000
vt 0.12500 0.00000
vt 0.15625 0.00000
vt 0.18750 0.00000
vt 0.21875 0.00000
vt 0.25000 0.00000
vt 0.28125 0.00000
vt 0.31250 0.00000
vt 0.34375 0.00000
vt 0.37500 0.00000
vt 0.40625 0.00000
vt 0.43750 0.00000
vt 0.46875 0.00000
vt 0.50000 0.00000
vt 0.53125 0.00000
vt 0.56250 0.00000
vt 0.59375 0.00000
vt 0.62500 0.00000
vt 0.65625 0.00000
vt 0.68750 0.00000
vt 0.71875 0.00000
vt 0.75000 0.00000
vt 0.78125 0.00000
vt 0.81250 0.00000
vt 0.84375 0.00000
vt 0.87500 0.00000
vt 0.90625 0.00000
vt 0.93750 0.00000
vt 0.96875 0.00000
vt 1.00000 0.00000
vt 0.00000 1.00000
vt 0.03125 1.00000
vt 0.06250 1.00000
vt 0.09375 1.00000
vt 0.12500 1.00000
vt 0.15625 1.00000
vt 0.18750 1.00000
vt 0.21875 1.00000
vt 0.25000 1.00000
vt 0.28125 1.00000
vt 0.31250 1.00000
vt 0.34375 1.00000
vt 0.37500 1.00000
vt 0.40625 1.00000
vt 0.43750 1.00000
vt 0.46875 1.00000
vt 0.50000 1.00000
vt 0.53125 1.00000
vt 0.56250 1.00000
vt 0.59375 1.00000
vt 0.62500 1.00000
vt 0.65625 1.00000
vt 0.68750 1.00000
vt 0.71875 1.00000
vt 0.75000 1.00000
vt 0.78125 1.00000
vt 0.81250 1.00000
vt 0.84375 1.00000
vt 0.87500 1.00000
vt 0.90625 1.00000
vt 0.93750 1.00000
vt 0.96875 1.00000
vt 1.00000 1.00000
vt 0.00000 0.91667
vt 0.03125 0.91667
vt 0.06250 0.91667
vt 0.09375 0.91667
vt 0.12500 0.91667
vt 0.15625 0.91667
vt 0.18750 0.91667
vt 0.21875 0.91667
vt 0.25000 0.91667
vt 0.28125 0.91667
vt 0.31250 0.91667
vt 0.34375 0.91667
vt 0.37500 0.91667
vt 0.40625 0.91667
vt 0.43750 0.91667
vt 0.46875 0.91667
vt 0.50000 0.91667
vt 0.53125 0.91667
vt 0.56250 0.91667
vt 0.59375 0.91667
vt 0.62500 0.91667
vt 0.65625 0.91667
vt 0.68750 0.91667
vt 0.71875 0.91667
vt 0.75000 0.91667
vt 0.78125 0.91667
vt 0.81250 0.91667
vt 0.84375 0.91667
vt 0.87500 0.91667
vt 0.90625 0.91667
vt 0.93750 0.91667
vt 0.96875 0.91667
vt 1.00000 0.91667
vt 0.00000 0.83333
vt 0.03125 0.83333
vt 0.06250 0.83333
vt 0.09375 0.83333
vt 0.12500 0.83333
vt 0.15625 0.83333
vt 0.18750 0.83333
vt 0.21875 0.83333
vt 0.25000 0.83333
vt 0.28125 0.83333
vt 0.31250 0.83333
vt 0.34375 0.83333
vt 0.37500 0.83333
vt 0.40625 0.83333
vt 0.43750 0.83333
vt 0.46875 0.83333
vt 0.50000 0.83333
vt 0.53125 0.83333
vt 0.56250 0.83333
vt 0.59375 0.83333
vt 0.62500 0.83333
vt 0.65625 0.83333
vt 0.68750 0.83333
vt 0.71875 0.83333
vt 0.75000 0.83333
vt 0.78125 0.83333
vt 0.81250 0.83333
vt 0.84375 0.83333
vt 0.87500 0.83333
vt 0.90625 0.83333
vt 0.93750 0.83333
vt 0.96875 0.83333
vt 1.00000 0.83333
vt 0.00000 0.75000
vt 0.03125 0.75000
vt 0.06250 0.75000
vt 0.09375 0.75000
vt 0.12500 0.75000
vt 0.15625 0.75000
vt 0.18750 0.75000
vt 0.21875 0.75000
vt 0.25000 0.75000
vt 0.28125 0.75000
vt 0.31250 0.75000
vt 0.34375 0.75000
vt 0.37500 0.75000
vt 0.40625 0.75000
vt 0.43750 0.75000
vt 0.46875 0.75000
vt 0.50000 0.75000
vt 0.53125 0.75000
vt 0.56250 0.75000
vt 0.59375 0.75000
vt 0.62500 0.75000
vt 0.65625 0.75000
vt 0.68750 0.75000
vt 0.71875 0.75000
vt 0.75000 0.75000
vt 0.78125 0.75000
vt 0.81250 0.75000
vt 0.84375 0.75000
vt 0.87500 0.75000
vt 0.90625 0.75000
vt 0.93750 0.75000
vt 0.96875 0.75000
vt 1.00000 0.75000
vt 0.00000 0.66667
vt 0.03125 0.66667
vt 0.06250 0.66667
vt 0.09375 0.66667
vt 0.12500 0.66667
vt 0.15625 0.66667
vt 0.18750 0.66667
vt 0.21875 0.66667
vt 0.25000 0.66667
vt 0.28125 0.66667
vt 0.31250 0.66667
vt 0.34375 0.66667
vt 0.37500 0.66667
vt 0.40625 0.66667
vt 0.43750 0.66667
vt 0.46875 0.66667
vt 0.50000 0.66667
vt 0.53125 0.66667
vt 0.56250 0.66667
vt 0.59375 0.66667
vt 0.62500 0.66667
vt 0.65625 0.66667
vt 0.68750 0.66667
vt 0.71875 0.66667
vt 0.75000 0.66667
vt 0.78125 0.66667
vt 0.81250 0.66667
vt 0.84375 0.66667
vt 0.87500 0.66667
vt 0.90625 0.66667
vt 0.93750 0.66667
vt 0.96875 0.66667
vt 1.00000 0.66667
vt 0.00000 0.58333
vt 0.03125 0.58333
vt 0.06250 0.58333
vt 0.09375 0.58333
vt 0.12500 0.58333
vt 0.15625 0.58333
vt 0.18750 0.58333
vt 0.21875 0.58333
vt 0.25000 0.58333
vt 0.28125 0.58333
vt 0.31250 0.58333
vt 0.34375 0.58333
vt 0.37500 0.58333
vt 0.40625 0.58333
vt 0.43750 0.58333
vt 0.46875 0.58333
vt 0.50000 0.58333
vt 0.53125 0.58333
vt 0.56250 0.58333
vt 0.59375 0.58333
vt 0.62500 0.58333
vt 0.65625 0.58333
vt 0.68750 0.58333
vt 0.71875 0.58333
vt 0.75000 0.58333
vt 0.78125 0.58333
vt 0.81250 0.58333
vt 0.84375 0.58333
vt 0.87500 0.58333
vt 0.90625 0.58333
vt 0.93750 0.58333
vt 0.96875 0.58333
vt 1.00000 0.58333
vt 0.00000 0.50000
vt 0.03125 0.50000
vt 0.06250 0.50000
vt 0.09375 0.50000
vt 0.12500 0.50000
vt 0.15625 0.50000
vt 0.18750 0.50000
vt 0.21875 0.50000
vt 0.25000 0.50000
vt 0.28125 0.50000
vt 0.31250 0.50000
vt 0.34375 0.50000
vt 0.37500 0.50000
vt 0.40625 0.50000
vt 0.43750 0.50000
vt 0.46875 0.50000
vt 0.50000 0.50000
vt 0.53125 0.50000
vt 0.56250 0.50000
vt 0.59375 0.50000
vt 0.62500 0.50000
vt 0.65625 0.50000
vt 0.68750 0.50000
vt 0.71875 0.50000
vt 0.75000 0.50000
vt 0.78125 0.50000
vt 0.81250 0.50000
vt 0.84375 0.50000
vt 0.87500 0.50000
vt 0.90625 0.50000
vt 0.93750 0.50000
vt 0.96875 0.50000
vt 1.00000 0.50000
vt 0.00000 0.41667
vt 0.03125 0.41667
vt 0.06250 0.41667
vt 0.09375 0.41667
vt 0.12500 0.41667
vt 0.15625 0.41667
vt 0.18750 0.41667
vt 0.21875 0.41667
vt 0.25000 0.41667
vt 0.28125 0.41667
vt 0.31250 0.41667
vt 0.34375 0.41667
vt 0.37500 0.41667
vt 0.40625 0.41667
vt 0.43750 0.41667
vt 0.46875 0.41667
vt 0.50000 0.41667
vt 0.53125 0.41667
vt 0.56250 0.41667
vt 0.59375 0.41667
vt 0.62500 0.41667
vt 0.65625 0.41667
vt 0.68750 0.41667
vt 0.71875 0.41667
vt 0.75000 0.41667
vt 0.78125 0.41667
vt 0.81250 0.41667
vt 0.84375 0.41667
vt 0.87500 0.41667
vt 0.90625 0.41667
vt 0.93750 0.41667
vt 0.96875 0.41667
vt 1.00000 0.41667
vt 0.00000 0.33333
vt 0.03125 0.33333
vt 0.06250 0.33333
vt 0.09375 0.33333
vt 0.12500 0.33333
vt 0.15625 0.33333
vt 0.18750 0.33333
vt 0.21875 0.33333
vt 0.25000 0.33333
vt 0.28125 0.33333
vt 0.31250 0.33333
vt 0.34375 0.33333
vt 0.37500 0.33333
vt 0.40625 0.33333
vt 0.43750 0.33333
vt 0.46875 0.33333
vt 0.50000 0.33333
vt 0.53125 0.33333
vt 0.56250 0.33333
vt 0.59375 0.33333
vt 0.62500 0.33333
vt 0.65625 0.33333
vt 0.68750 0.33333
vt 0.71875 0.33333
vt 0.75000 0.33333
vt 0.78125 0.33333
vt 0.81250 0.33333
vt 0.84375 0.33333
vt 0.87500 0.33333
vt 0.90625 0.33333
vt 0.93750 0.33333
vt 0.96875 0.33333
vt 1.00000 0.33333
vt 0.00000 0.25000
vt 0.03125 0.25000
vt 0.06250 0.25000
vt 0.09375 0.25000
vt 0.12500 0.25000
vt 0.15625 0.25000
vt 0.18750 0.25000
vt 0.21875 0.25000
vt 0.25000 0.25000
vt 0.28125 0.25000
vt 0.31250 0.25000
vt 0.34375 0.25000
vt 0.37500 0.25000
vt 0.40625 0.25000
vt 0.43750 0.25000
vt 0.46875 0.25000
vt 0.50000 0.25000
vt 0.53125 0.25000
vt 0.56250 0.25000
vt 0.59375 0.25000
vt 0.62500 0.25000
vt 0.65625 0.25000
vt 0.68750 0.25000
vt 0.71875 0.25000
vt 0.75000 0.25000
vt 0.78125 0.25000
vt 0.81250 0.25000
vt 0.84375 0.25000
vt 0.87500 0.25000
vt 0.90625 0.25000
vt 0.93750 0.25000
vt 0.96875 0.25000
vt 1.00000 0.25000
vt 0.00000 0.16667
vt 0.03125 0.16667
vt 0.06250 0.16667
vt 0.09375 0.16667
vt 0.12500 0.16667
vt 0.15625 0.16667
vt 0.18750 0.16667
vt 0.21875 0.16667
vt 0.25000 0.16667
vt 0.28125 0.16667
vt 0.31250 0.16667
vt 0.34375 0.16667
vt 0.37500 0.16667
vt 0.40625 0.16667
vt 0.43750 0.16667
vt 0.46875 0.16667
vt 0.50000 0.16667
vt 0.53125 0.16667
vt 0.56250 0.16667
vt 0.59375 0.16667
vt 0.62500 0.16667
vt 0.65625 0.16667
vt 0.68750 0.16667
vt 0.71875 0.16667
vt 0.75000 0.16667
vt 0.78125 0.16667
vt 0.81250 0.16667
vt 0.84375 0.16667
vt 0.87500 0.16667
vt 0.90625 0.16667
vt 0.93750 0.16667
vt 0.96875 0.16667
vt 1.00000 0.16667
vt 0.00000 0.08333
vt 0.03125 0.08333
vt 0.06250 0.08333
vt 0.09375 0.08333
vt 0.12500 0.08333
vt 0.15625 0.08333
vt 0.18750 0.08333
vt 0.21875 0.08333
vt 0.25000 0.08333
vt 0.28125 0.08333
vt 0.31250 0.08333
vt 0.34375 0.08333
vt 0.37500 0.08333
vt 0.40625 0.08333
vt 0.43750 0.08333
vt 0.46875 0.08333
vt 0.50000 0.08333
vt 0.53125 0.08333
vt 0.56250 0.08333
vt 0.59375 0.08333
vt 0.62500 0.08333
vt 0.65625 0.08333
vt 0.68750 0.08333
vt 0.71875 0.08333
vt 0.75000 0.08333
vt 0.78125 0.08333
vt 0.81250 0.08333
vt 0.84375 0.08333
vt 0.87500 0.08333
vt 0.90625 0.08333
vt 0.93750 0.08333
vt 0.96875 0.08333
vt 1.00000 0.08333
vt 0.00000 0.00000
vt 0.03125 0.00000
vt 0.06250 0.00000
vt 0.09375 0.00000
vt 0.12500 0.00000
vt 0.15625 0.00000
vt 0.18750 0.00000
vt 0.21875 0.00000
vt 0.25000 0.00000
vt 0.28125 0.00000
vt 0.31250 0.00000
vt 0.34375 0.00000
vt 0.37500 0.00000
vt 0.40625 0.00000
vt 0.43750 0.00000
vt 0.46875 0.00000
vt 0.50000 0.00000
vt 0.53125 0.00000
vt 0.56250 0.00000
vt 0.59375 0.00000
vt 0.62500 0.00000
vt 0.65625 0.00000
vt 0.68750 0.00000
vt 0.71875 0.00000
vt 0.75000 0.00000
vt 0.78125 0.00000
vt 0.81250 0.00000
vt 0.84375 0.00000
vt 0.87500 0.00000
vt 0.90625 0.00000
vt 0.93750 0.00000
vt 0.96875 0.00000
vt 1.00000 0.00000
vn 1.00000 0.00000 -0.00000
vn 0.98079 0.00000 -0.19509
vn 0.92388 0.00000 -0.38268
vn 0.83147 0.00000 -0.55557
vn 0.70711 0.00000 -0.70711
vn 0.55557 0.00000 -0.83147
vn 0.38268 0.00000 -0.92388
vn 0.19509 0.00000 -0.98079
vn 0.00000 0.00000 -1.00000
vn -0.19509 0.00000 -0.98079
vn -0.38268 0.00000 -0.92388
vn -0.55557 0.00000 -0.83147
vn -0.70711 0.00000 -0.70711
vn -0.83147 0.00000 -0.55557
vn -0.92388 0.00000 -0.38268
vn -0.98079 0.00000 -0.19509
vn -1.00000 0.00000 -0.00000
vn -0.98079 0.00000 0.19509
vn -0.92388 0.00000 0.38268
vn -0.83147 0.00000 0.55557
vn -0.70711 0.00000 0.70711
vn -0.55557 0.00000 0.83147
vn -0.38268 0.00000 0.92388
vn -0.19509 0.00000 0.98079
vn -0.00000 0.00000 1.00000
vn 0.19509 0.00000 0.98079
vn 0.38268 0.00000 0.92388
vn 0.55557 0.00000 0.83147
vn 0.70711 0.00000 0.70711
vn 0.83147 0.00000 0.55557
vn 0.92388 0.00000 0.38268
vn 0.98079 0.00000 0.19509
vn 1.00000 0.00000 0.00000
vn 0.90631 0.00000 -0.42262
vn 0.80644 0.00000 -0.59131
vn 0.67559 0.00000 -0.73728
vn 0.51877 0.00000 -0.85491
vn 0.34202 0.00000 -0.93969
vn 0.15212 0.00000 -0.98836
vn -0.04362 0.00000 -0.99905
vn -0.23769 0.00000 -0.97134
vn -0.42262 0.00000 -0.90631
vn -0.59131 0.00000 -0.80644
vn -0.73728 0.00000 -0.67559
vn -0.85491 0.00000 -0.51877
vn -0.93969 0.00000 -0.34202
vn -0.98836 0.00000 -0.15212
vn -0.99905 0.00000 0.04362
vn -0.97134 0.00000 0.23769
vn -0.90631 0.00000 0.42262
vn -0.80644 0.00000 0.59131
vn -0.67559 0.00000 0.73728
vn -0.51877 0.00000 0.85491
vn -0.34202 0.00000 0.93969
vn -0.15212 0.00000 0.98836
vn 0.04362 0.00000 0.99905
vn 0.23769 0.00000 0.97134
vn 0.42262 0.00000 0.90631
vn 0.59131 0.00000 0.80644
vn 0.73728 0.00000 0.67559
vn 0.85491 0.00000 0.51877
vn 0.93969 0.00000 0.34202
vn 0.98836 0.00000 0.15212
vn 0.99905 0.00000 -0.04362
vn 0.97134 0.00000 -0.23769
vn 0.90631 0.00000 -0.42262
vn 0.64279 0.00000 -0.76604
vn 0.48099 0.00000 -0.87673
vn 0.30071 0.00000 -0.95372
vn 0.10887 0.00000 -0.99406
vn -0.08716 0.00000 -0.99619
vn -0.27983 0.00000 -0.96005
vn -0.46175 0.00000 -0.88701
vn -0.62592 0.00000 -0.77988
vn -0.76604 0.00000 -0.64279
vn -0.87673 0.00000 -0.48099
vn -0.95372 0.00000 -0.30071
vn -0.99406 0.00000 -0.10887
vn -0.99619 0.00000 0.08716
vn -0.96005 0.00000 0.27983
vn -0.88701 0.00000 0.46175
vn -0.77988 0.00000 0.62592
vn -0.64279 0.00000 0.76604
vn -0.48099 0.00000 0.87673
vn -0.30071 0.00000 0.95372
vn -0.10887 0.00000 0.99406
vn 0.08716 0.00000 0.99619
vn 0.27983 0.00000 0.96005
vn 0.46175 0.00000 0.88701
vn 0.62592 0.00000 0.77988
vn 0.76604 0.00000 0.64279
vn 0.87673 0.00000 0.48099
vn 0.95372 0.00000 0.30071
vn 0.99406 0.00000 0.10887
vn 0.99619 0.00000 -0.08716
vn 0.96005 0.00000 -0.27983
vn 0.88701 0.00000 -0.46175
vn 0.77988 0.00000 -0.62592
vn 0.64279 0.00000 -0.76604
vn 0.25882 0.00000 -0.96593
vn 0.06540 0.00000 -0.99786
vn -0.13053 0.00000 -0.99144
vn -0.32144 0.00000 -0.94693
vn -0.50000 0.00000 -0.86603
vn -0.65935 0.00000 -0.75184
vn -0.79335 0.00000 -0.60876
vn -0.89687 0.00000 -0.44229
vn -0.96593 0.00000 -0.25882
vn -0.99786 0.00000 -0.06540
vn -0.99144 0.00000 0.13053
vn -0.94693 0.00000 0.32144
vn -0.86603 0.00000 0.50000
vn -0.75184 0.00000 0.65935
vn -0.60876 0.00000 0.79335
vn -0.44229 0.00000 0.89687
vn -0.25882 0.00000 0.96593
vn -0.06540 0.00000 0.99786
vn 0.13053 0.00000 0.99144
vn 0.32144 0.00000 0.94693
vn 0.50000 0.00000 0.86603
vn 0.65935 0.00000 0.75184
vn 0.79335 0.00000 0.60876
vn 0.89687 0.00000 0.44229
vn 0.96593 0.00000 0.25882
vn 0.99786 0.00000 0.06540
vn 0.99144 0.00000 -0.13053
vn 0.94693 0.00000 -0.32144
vn 0.86603 0.00000 -0.50000
vn 0.75184 0.00000 -0.65935
vn 0.60876 0.00000 -0.79335
vn 0.44229 0.00000 -0.89687
vn 0.25882 0.00000 -0.96593
vn -0.17365 0.00000 -0.98481
vn -0.36244 0.00000 -0.93201
vn -0.53730 0.00000 -0.84339
vn -0.69151 0.00000 -0.72236
vn -0.81915 0.00000 -0.57358
vn -0.91531 0.00000 -0.40275
vn -0.97630 0.00000 -0.21644
vn -0.99976 0.00000 -0.02181
vn -0.98481 0.00000 0.17365
vn -0.93201 0.00000 0.36244
vn -0.84339 0.00000 0.53730
vn -0.72236 0.00000 0.69151
vn -0.57358 0.00000 0.81915
vn -0.40275 0.00000 0.91531
vn -0.21644 0.00000 0.97630
vn -0.02181 0.00000 0.99976
vn 0.17365 0.00000 0.98481
vn 0.36244 0.00000 0.93201
vn 0.53730 0.00000 0.84339
vn 0.69151 0.00000 0.72236
vn 0.81915 0.00000 0.57358
vn 0.91531 0.00000 0.40275
vn 0.97630 0.00000 0.21644
vn 0.99976 0.00000 0.02181
vn 0.98481 0.00000 -0.17365
vn 0.93201 0.00000 -0.36244
vn 0.84339 0.00000 -0.53730
vn 0.72236 0.00000 -0.69151
vn 0.57358 0.00000 -0.81915
vn 0.40275 0.00000 -0.91531
vn 0.21644 0.00000 -0.97630
vn 0.02181 0.00000 -0.99976
vn -0.17365 0.00000 -0.98481
vn -0.57358 0.00000 -0.81915
vn -0.72236 0.00000 -0.69151
vn -0.84339 0.00000 -0.53730
vn -0.93201 0.00000 -0.36244
vn -0.98481 0.00000 -0.17365
vn -0.99976 0.00000 0.02181
vn -0.97630 0.00000 0.21644
vn -0.91531 0.00000 0.40275
vn -0.81915 0.00000 0.57358
vn -0.69151 0.00000 0.72236
vn -0.53730 0.00000 0.84339
vn -0.36244 0.00000 0.93201
vn -0.17365 0.00000 0.98481
vn 0.02181 0.00000 0.99976
vn 0.21644 0.00000 0.97630
vn 0.40275 0.00000 0.91531
vn 0.57358 0.00000 0.81915
vn 0.72236 0.00000 0.69151
vn 0.84339 0.00000 0.53730
vn 0.93201 0.00000 0.36244
vn 0.98481 0.00000 0.17365
vn 0.99976 0.00000 -0.02181
vn 0.97630 0.00000 -0.21644
vn 0.91531 0.00000 -0.40275
vn 0.81915 0.00000 -0.57358
vn 0.69151 0.00000 -0.72236
vn 0.53730 0.00000 -0.84339
vn 0.36244 0.00000 -0.93201
vn 0.17365 0.00000 -0.98481
vn -0.02181 0.00000 -0.99976
vn -0.21644 0.00000 -0.97630
vn -0.40275 0.00000 -0.91531
vn -0.57358 0.00000 -0.81915
vn -0.86603 0.00000 -0.50000
vn -0.94693 0.00000 -0.32144
vn -0.99144 0.00000 -0.13053
vn -0.99786 0.00000 0.06540
vn -0.96593 0.00000 0.25882
vn -0.89687 0.00000 0.44229
vn -0.79335 0.00000 0.60876
vn -0.65935 0.00000 0.75184
vn -0.50000 0.00000 0.86603
vn -0.32144 0.00000 0.94693
vn -0.13053 0.00000 0.99144
vn 0.06540 0.00000 0.99786
vn 0.25882 0.00000 0.96593
vn 0.44229 0.00000 0.89687
vn 0.60876 0.00000 0.79335
vn 0.75184 0.00000 0.65935
vn 0.86603 0.00000 0.50000
vn 0.94693 0.00000 0.32144
vn 0.99144 0.00000 0.13053
vn 0.99786 0.00000 -0.06540
vn 0.96593 0.00000 -0.25882
vn 0.89687 0.00000 -0.44229
vn 0.79335 0.00000 -0.60876
vn 0.65935 0.00000 -0.75184
vn 0.50000 0.00000 -0.86603
vn 0.32144 0.00000 -0.94693
vn 0.13053 0.00000 -0.99144
vn -0.06540 0.00000 -0.99786
vn -0.25882 0.00000 -0.96593
vn -0.44229 0.00000 -0.89687
vn -0.60876 0.00000 -0.79335
vn -0.75184 0.00000 -0.65935
vn -0.86603 0.00000 -0.50000
vn -0.99619 0.00000 -0.08716
vn -0.99406 0.00000 0.10887
vn -0.95372 0.00000 0.30071
vn -0.87673 0.00000 0.48099
vn -0.76604 0.00000 0.64279
vn -0.62592 0.00000 0.77988
vn -0.46175 0.00000 0.88701
vn -0.27983 0.00000 0.96005
vn -0.08716 0.00000 0.99619
vn 0.10887 0.00000 0.99406
vn 0.30071 0.00000 0.95372
vn 0.48099 0.00000 0.87673
vn 0.64279 0.00000 0.76604
vn 0.77988 0.00000 0.62592
vn 0.88701 0.00000 0.46175
vn 0.96005 0.00000 0.27983
vn 0.99619 0.00000 0.08716
vn 0.99406 0.00000 -0.10887
vn 0.95372 0.00000 -0.30071
vn 0.87673 0.00000 -0.48099
vn 0.76604 0.00000 -0.64279
vn 0.62592 0.00000 -0.77988
vn 0.46175 0.00000 -0.88701
vn 0.27983 0.00000 -0.96005
vn 0.08716 0.00000 -0.99619
vn -0.10887 0.00000 -0.99406
vn -0.30071 0.00000 -0.95372
vn -0.48099 0.00000 -0.87673
vn -0.64279 0.00000 -0.76604
vn -0.77988 0.00000 -0.62592
vn -0.88701 0.00000 -0.46175
vn -0.96005 0.00000 -0.27983
vn -0.99619 0.00000 -0.08716
vn -0.93969 0.00000 0.34202
vn -0.85491 0.00000 0.51877
vn -0.73728 0.00000 0.67559
vn -0.59131 0.00000 0.80644
vn -0.42262 0.00000 0.90631
vn -0.23769 0.00000 0.97134
vn -0.04362 0.00000 0.99905
vn 0.15212 0.00000 0.98836
vn 0.34202 0.00000 0.93969
vn 0.51877 0.00000 0.85491
vn 0.67559 0.00000 0.73728
vn 0.80644 0.00000 0.59131
vn 0.90631 0.00000 0.42262
vn 0.97134 0.00000 0.23769
vn 0.99905 0.00000 0.04362
vn 0.98836 0.00000 -0.15212
vn 0.93969 0.00000 -0.34202
vn 0.85491 0.00000 -0.51877
vn 0.73728 0.00000 -0.67559
vn 0.59131 0.00000 -0.80644
vn 0.42262 0.00000 -0.90631
vn 0.23769 0.00000 -0.97134
vn 0.04362 0.00000 -0.99905
vn -0.15212 0.00000 -0.98836
vn -0.34202 0.00000 -0.93969
vn -0.51877 0.00000 -0.85491
vn -0.67559 0.00000 -0.73728
vn -0.80644 0.00000 -0.59131
vn -0.90631 0.00000 -0.42262
vn -0.97134 0.00000 -0.23769
vn -0.99905 0.00000 -0.04362
vn -0.98836 0.00000 0.15212
vn -0.93969 0.00000 0.34202
vn -0.70711 0.00000 0.70711
vn -0.55557 0.00000 0.83147
vn -0.38268 0.00000 0.92388
vn -0.19509 0.00000 0.98079
vn -0.00000 0.00000 1.00000
vn 0.19509 0.00000 0.98079
vn 0.38268 0.00000 0.92388
vn 0.55557 0.00000 0.83147
vn 0.70711 0.00000 0.70711
vn 0.83147 0.00000 0.55557
vn 0.92388 0.00000 0.38268
vn 0.98079 0.00000 0.19509
vn 1.00000 0.00000 0.00000
vn 0.98079 0.00000 -0.19509
vn 0.92388 0.00000 -0.38268
vn 0.83147 0.00000 -0.55557
vn 0.70711 0.00000 -0.70711
vn 0.55557 0.00000 -0.83147
vn 0.38268 0.00000 -0.92388
vn 0.19509 0.00000 -0.98079
vn 0.00000 0.00000 -1.00000
vn -0.19509 0.00000 -0.98079
vn -0.38268 0.00000 -0.92388
vn -0.55557 0.00000 -0.83147
vn -0.70711 0.00000 -0.70711
vn -0.83147 0.00000 -0.55557
vn -0.92388 0.00000 -0.38268
vn -0.98079 0.00000 -0.19509
vn -1.00000 0.00000 -0.00000
vn -0.98079 0.00000 0.19509
vn -0.92388 0.00000 0.38268
vn -0.83147 0.00000 0.55557
vn -0.70711 0.00000 0.70711
vn -0.34202 0.00000 0.93969
vn -0.15212 0.00000 0.98836
vn 0.04362 0.00000 0.99905
vn 0.23769 0.00000 0.97134
vn 0.42262 0.00000 0.90631
vn 0.59131 0.00000 0.80644
vn 0.73728 0.00000 0.67559
vn 0.85491 0.00000 0.51877
vn 0.93969 0.00000 0.34202
vn 0.98836 0.00000 0.15212
vn 0.99905 0.00000 -0.04362
vn 0.97134 0.00000 -0.23769
vn 0.90631 0.00000 -0.42262
vn 0.80644 0.00000 -0.59131
vn 0.67559 0.00000 -0.73728
vn 0.51877 0.00000 -0.85491
vn 0.34202 0.00000 -0.93969
vn 0.15212 0.00000 -0.98836
vn -0.04362 0.00000 -0.99905
vn -0.23769 0.00000 -0.97134
vn -0.42262 0.00000 -0.90631
vn -0.59131 0.00000 -0.80644
vn -0.73728 0.00000 -0.67559
vn -0.85491 0.00000 -0.51877
vn -0.93969 0.00000 -0.34202
vn -0.98836 0.00000 -0.15212
vn -0.99905 0.00000 0.04362
vn -0.97134 0.00000 0.23769
vn -0.90631 0.00000 0.42262
vn -0.80644 0.00000 0.59131
vn -0.67559 0.00000 0.73728
vn -0.51877 0.00000 0.85491
vn -0.34202 0.00000 0.93969
vn 0.08716 0.00000 0.99619
vn 0.27983 0.00000 0.96005
vn 0.46175 0.00000 0.88701
vn 0.62592 0.00000 0.77988
vn 0.76604 0.00000 0.64279
vn 0.87673 0.00000 0.48099
vn 0.95372 0.00000 0.30071
vn 0.99406 0.00000 0.10887
vn 0.99619 0.00000 -0.08716
vn 0.96005 0.00000 -0.27983
vn 0.88701 0.00000 -0.46175
vn 0.77988 0.00000 -0.62592
vn 0.64279 0.00000 -0.76604
vn 0.48099 0.00000 -0.87673
vn 0.30071 0.00000 -0.95372
vn 0.10887 0.00000 -0.99406
vn -0.08716 0.00000 -0.99619
vn -0.27983 0.00000 -0.96005
vn -0.46175 0.00000 -0.88701
vn -0.62592 0.00000 -0.77988
vn -0.76604 0.00000 -0.64279
vn -0.87673 0.00000 -0.48099
vn -0.95372 0.00000 -0.30071
vn -0.99406 0.00000 -0.10887
vn -0.99619 0.00000 0.08716
vn -0.96005 0.00000 0.27983
vn -0.88701 0.00000 0.46175
vn -0.77988 0.00000 0.62592
vn -0.64279 0.00000 0.76604
vn -0.48099 0.00000 0.87673
vn -0.30071 0.00000 0.95372
vn -0.10887 0.00000 0.99406
vn 0.08716 0.00000 0.99619
vn 0.50000 0.00000 0.86603
vn 0.65935 0.00000 0.75184
vn 0.79335 0.00000 0.60876
vn 0.89687 0.00000 0.44229
vn 0.96593 0.00000 0.25882
vn 0.99786 0.00000 0.06540
vn 0.99144 0.00000 -0.13053
vn 0.94693 0.00000 -0.32144
vn 0.86603 0.00000 -0.50000
vn 0.75184 0.00000 -0.65935
vn 0.60876 0.00000 -0.79335
vn 0.44229 0.00000 -0.89687
vn 0.25882 0.00000 -0.96593
vn 0.06540 0.00000 -0.99786
vn -0.13053 0.00000 -0.99144
vn -0.32144 0.00000 -0.94693
vn -0.50000 0.00000 -0.86603
vn -0.65935 0.00000 -0.75184
vn -0.79335 0.00000 -0.60876
vn -0.89687 0.00000 -0.44229
vn -0.96593 0.00000 -0.25882
vn -0.99786 0.00000 -0.06540
vn -0.99144 0.00000 0.13053
vn -0.94693 0.00000 0.32144
vn -0.86603 0.00000 0.50000
vn -0.75184 0.00000 0.65935
vn -0.60876 0.00000 0.79335
vn -0.44229 0.00000 0.89687
vn -0.25882 0.00000 0.96593
vn -0.06540 0.00000 0.99786
vn 0.13053 0.00000 0.99144
vn 0.32144 0.00000 0.94693
vn 0.50000 0.00000 0.86603
vn -1.00000 -0.00000 0.00000
vn -0.98079 -0.00000 0.19509
vn -0.92388 -0.00000 0.38268
vn -0.83147 -0.00000 0.55557
vn -0.70711 -0.00000 0.70711
vn -0.55557 -0.00000 0.83147
vn -0.38268 -0.00000 0.92388
vn -0.19509 -0.00000 0.98079
vn -0.00000 -0.00000 1.00000
vn 0.19509 -0.00000 0.98079
vn 0.38268 -0.00000 0.92388
vn 0.55557 -0.00000 0.83147
vn 0.70711 -0.00000 0.70711
vn 0.83147 -0.00000 0.55557
vn 0.92388 -0.00000 0.38268
vn 0.98079 -0.00000 0.19509
vn 1.00000 -0.00000 0.00000
vn 0.98079 -0.00000 -0.19509
vn 0.92388 -0.00000 -0.38268
vn 0.83147 -0.00000 -0.55557
vn 0.70711 -0.00000 -0.70711
vn 0.55557 -0.00000 -0.83147
vn 0.38268 -0.00000 -0.92388
vn 0.19509 -0.00000 -0.98079
vn 0.00000 -0.00000 -1.00000
vn -0.19509 -0.00000 -0.98079
vn -0.38268 -0.00000 -0.92388
vn -0.55557 -0.00000 -0.83147
vn -0.70711 -0.00000 -0.70711
vn -0.83147 -0.00000 -0.55557
vn -0.92388 -0.00000 -0.38268
vn -0.98079 -0.00000 -0.19509
vn -1.00000 -0.00000 -0.00000
vn -0.90631 -0.00000 0.42262
vn -0.80644 -0.00000 0.59131
vn -0.67559 -0.00000 0.73728
vn -0.51877 -0.00000 0.85491
vn -0.34202 -0.00000 0.93969
vn -0.15212 -0.00000 0.98836
vn 0.04362 -0.00000 0.99905
vn 0.23769 -0.00000 0.97134
vn 0.42262 -0.00000 0.90631
vn 0.59131 -0.00000 0.80644
vn 0.73728 -0.00000 0.67559
vn 0.85491 -0.00000 0.51877
vn 0.93969 -0.00000 0.34202
vn 0.98836 -0.00000 0.15212
vn 0.99905 -0.00000 -0.04362
vn 0.97134 -0.00000 -0.23769
vn 0.90631 -0.00000 -0.42262
vn 0.80644 -0.00000 -0.59131
vn 0.67559 -0.00000 -0.73728
vn 0.51877 -0.00000 -0.85491
vn 0.34202 -0.00000 -0.93969
vn 0.15212 -0.00000 -0.98836
vn -0.04362 -0.00000 -0.99905
vn -0.23769 -0.00000 -0.97134
vn -0.42262 -0.00000 -0.90631
vn -0.59131 -0.00000 -0.80644
vn -0.73728 -0.00000 -0.67559
vn -0.85491 -0.00000 -0.51877
vn -0.93969 -0.00000 -0.34202
vn -0.98836 -0.00000 -0.15212
vn -0.99905 -0.00000 0.04362
vn -0.97134 -0.00000 0.23769
vn -0.90631 -0.00000 0.42262
vn -0.64279 -0.00000 0.76604
vn -0.48099 -0.00000 0.87673
vn -0.30071 -0.00000 0.95372
vn -0.10887 -0.00000 0.99406
vn 0.08716 -0.00000 0.99619
vn 0.27983 -0.00000 0.96005
vn 0.46175 -0.00000 0.88701
vn 0.62592 -0.00000 0.77988
vn 0.76604 -0.00000 0.64279
vn 0.87673 -0.00000 0.48099
vn 0.95372 -0.00000 0.30071
vn 0.99406 -0.00000 0.10887
vn 0.99619 -0.00000 -0.08716
vn 0.96005 -0.00000 -0.27983
vn 0.88701 -0.00000 -0.46175
vn 0.77988 -0.00000 -0.62592
vn 0.64279 -0.00000 -0.76604
vn 0.48099 -0.00000 -0.87673
vn 0.30071 -0.00000 -0.95372
vn 0.10887 -0.00000 -0.99406
vn -0.08716 -0.00000 -0.99619
vn -0.27983 -0.00000 -0.96005
vn -0.46175 -0.00000 -0.88701
vn -0.62592 -0.00000 -0.77988
vn -0.76604 -0.00000 -0.64279
vn -0.87673 -0.00000 -0.48099
vn -0.95372 -0.00000 -0.30071
vn -0.99406 -0.00000 -0.10887
vn -0.99619 -0.00000 0.08716
vn -0.96005 -0.00000 0.27983
vn -0.88701 -0.00000 0.46175
vn -0.77988 -0.00000 0.62592
vn -0.64279 -0.00000 0.76604
vn -0.25882 -0.00000 0.96593
vn -0.06540 -0.00000 0.99786
vn 0.13053 -0.00000 0.99144
vn 0.32144 -0.00000 0.94693
vn 0.50000 -0.00000 0.86603
vn 0.65935 -0.00000 0.75184
vn 0.79335 -0.00000 0.60876
vn 0.89687 -0.00000 0.44229
vn 0.96593 -0.00000 0.25882
vn 0.99786 -0.00000 0.06540
vn 0.99144 -0.00000 -0.13053
vn 0.94693 -0.00000 -0.32144
vn 0.86603 -0.00000 -0.50000
vn 0.75184 -0.00000 -0.65935
vn 0.60876 -0.00000 -0.79335
vn 0.44229 -0.00000 -0.89687
vn 0.25882 -0.00000 -0.96593
vn 0.06540 -0.00000 -0.99786
vn -0.13053 -0.00000 -0.99144
vn -0.32144 -0.00000 -0.94693
vn -0.50000 -0.00000 -0.86603
vn -0.65935 -0.00000 -0.75184
vn -0.79335 -0.00000 -0.60876
vn -0.89687 -0.00000 -0.44229
vn -0.96593 -0.00000 -0.25882
vn -0.99786 -0.00000 -0.06540
vn -0.99144 -0.00000 0.13053
vn -0.94693 -0.00000 0.32144
vn -0.86603 -0.00000 0.50000
vn -0.75184 -0.00000 0.65935
vn -0.60876 -0.00000 0.79335
vn -0.44229 -0.00000 0.89687
vn -0.25882 -0.00000 0.96593
vn 0.17365 -0.00000 0.98481
vn 0.36244 -0.00000 0.93201
vn 0.53730 -0.00000 0.84339
vn 0.69151 -0.00000 0.72236
vn 0.81915 -0.00000 0.57358
vn 0.91531 -0.00000 0.40275
vn 0.97630 -0.00000 0.21644
vn 0.99976 -0.00000 0.02181
vn 0.98481 -0.00000 -0.17365
vn 0.93201 -0.00000 -0.36244
vn 0.84339 -0.00000 -0.53730
vn 0.72236 -0.00000 -0.69151
vn 0.57358 -0.00000 -0.81915
vn 0.40275 -0.00000 -0.91531
vn 0.21644 -0.00000 -0.97630
vn 0.02181 -0.00000 -0.99976
vn -0.17365 -0.00000 -0.98481
vn -0.36244 -0.00000 -0.93201
vn -0.53730 -0.00000 -0.84339
vn -0.69151 -0.00000 -0.72236
vn -0.81915 -0.00000 -0.57358
vn -0.91531 -0.00000 -0.40275
vn -0.97630 -0.00000 -0.21644
vn -0.99976 -0.00000 -0.02181
vn -0.98481 -0.00000 0.17365
vn -0.93201 -0.00000 0.36244
vn -0.84339 -0.00000 0.53730
vn -0.72236 -0.00000 0.69151
vn -0.57358 -0.00000 0.81915
vn -0.40275 -0.00000 0.91531
vn -0.21644 -0.00000 0.97630
vn -0.02181 -0.00000 0.99976
vn 0.17365 -0.00000 0.98481
vn 0.57358 -0.00000 0.81915
vn 0.72236 -0.00000 0.69151
vn 0.84339 -0.00000 0.53730
vn 0.93201 -0.00000 0.36244
vn 0.98481 -0.00000 0.17365
vn 0.99976 -0.00000 -0.02181
vn 0.97630 -0.00000 -0.21644
vn 0.91531 -0.00000 -0.40275
vn 0.81915 -0.00000 -0.57358
vn 0.69151 -0.00000 -0.72236
vn 0.53730 -0.00000 -0.84339
vn 0.36244 -0.00000 -0.93201
vn 0.17365 -0.00000 -0.98481
vn -0.02181 -0.00000 -0.99976
vn -0.21644 -0.00000 -0.97630
vn -0.40275 -0.00000 -0.91531
vn -0.57358 -0.00000 -0.81915
vn -0.72236 -0.00000 -0.69151
vn -0.84339 -0.00000 -0.53730
vn -0.93201 -0.00000 -0.36244
vn -0.98481 -0.00000 -0.17365
vn -0.99976 -0.00000 0.02181
vn -0.97630 -0.00000 0.21644
vn -0.91531 -0.00000 0.40275
vn -0.81915 -0.00000 0.57358
vn -0.69151 -0.00000 0.72236
vn -0.53730 -0.00000 0.84339
vn -0.36244 -0.00000 0.93201
vn -0.17365 -0.00000 0.98481
vn 0.02181 -0.00000 0.99976
vn 0.21644 -0.00000 0.97630
vn 0.40275 -0.00000 0.91531
vn 0.57358 -0.00000 0.81915
vn 0.86603 -0.00000 0.50000
vn 0.94693 -0.00000 0.32144
vn 0.99144 -0.00000 0.13053
vn 0.99786 -0.00000 -0.06540
vn 0.96593 -0.00000 -0.25882
vn 0.89687 -0.00000 -0.44229
vn 0.79335 -0.00000 -0.60876
vn 0.65935 -0.00000 -0.75184
vn 0.50000 -0.00000 -0.86603
vn 0.32144 -0.00000 -0.94693
vn 0.13053 -0.00000 -0.99144
vn -0.06540 -0.00000 -0.99786
vn -0.25882 -0.00000 -0.96593
vn -0.44229 -0.00000 -0.89687
vn -0.60876 -0.00000 -0.79335
vn -0.75184 -0.00000 -0.65935
vn -0.86603 -0.00000 -0.50000
vn -0.94693 -0.00000 -0.32144
vn -0.99144 -0.00000 -0.13053
vn -0.99786 -0.00000 0.06540
vn -0.96593 -0.00000 0.25882
vn -0.89687 -0.00000 0.44229
vn -0.79335 -0.00000 0.60876
vn -0.65935 -0.00000 0.75184
vn -0.50000 -0.00000 0.86603
vn -0.32144 -0.00000 0.94693
vn -0.13053 -0.00000 0.99144
vn 0.06540 -0.00000 0.99786
vn 0.25882 -0.00000 0.96593
vn 0.44229 -0.00000 0.89687
vn 0.60876 -0.00000 0.79335
vn 0.75184 -0.00000 0.65935
vn 0.86603 -0.00000 0.50000
vn 0.99619 -0.00000 0.08716
vn 0.99406 -0.00000 -0.10887
vn 0.95372 -0.00000 -0.30071
vn 0.87673 -0.00000 -0.48099
vn 0.76604 -0.00000 -0.64279
vn 0.62592 -0.00000 -0.77988
vn 0.46175 -0.00000 -0.88701
vn 0.27983 -0.00000 -0.96005
vn 0.08716 -0.00000 -0.99619
vn -0.10887 -0.00000 -0.99406
vn -0.30071 -0.00000 -0.95372
vn -0.48099 -0.00000 -0.87673
vn -0.64279 -0.00000 -0.76604
vn -0.77988 -0.00000 -0.62592
vn -0.88701 -0.00000 -0.46175
vn -0.96005 -0.00000 -0.27983
vn -0.99619 -0.00000 -0.08716
vn -0.99406 -0.00000 0.10887
vn -0.95372 -0.00000 0.30071
vn -0.87673 -0.00000 0.48099
vn -0.76604 -0.00000 0.64279
vn -0.62592 -0.00000 0.77988
vn -0.46175 -0.00000 0.88701
vn -0.27983 -0.00000 0.96005
vn -0.08716 -0.00000 0.99619
vn 0.10887 -0.00000 0.99406
vn 0.30071 -0.00000 0.95372
vn 0.48099 -0.00000 0.87673
vn 0.64279 -0.00000 0.76604
vn 0.77988 -0.00000 0.62592
vn 0.88701 -0.00000 0.46175
vn 0.96005 -0.00000 0.27983
vn 0.99619 -0.00000 0.08716
vn 0.93969 -0.00000 -0.34202
vn 0.85491 -0.00000 -0.51877
vn 0.73728 -0.00000 -0.67559
vn 0.59131 -0.00000 -0.80644
vn 0.42262 -0.00000 -0.90631
vn 0.23769 -0.00000 -0.97134
vn 0.04362 -0.00000 -0.99905
vn -0.15212 -0.00000 -0.98836
vn -0.34202 -0.00000 -0.93969
vn -0.51877 -0.00000 -0.85491
vn -0.67559 -0.00000 -0.73728
vn -0.80644 -0.00000 -0.59131
vn -0.90631 -0.00000 -0.42262
vn -0.97134 -0.00000 -0.23769
vn -0.99905 -0.00000 -0.04362
vn -0.98836 -0.00000 0.15212
vn -0.93969 -0.00000 0.34202
vn -0.85491 -0.00000 0.51877
vn -0.73728 -0.00000 0.67559
vn -0.59131 -0.00000 0.80644
vn -0.42262 -0.00000 0.90631
vn -0.23769 -0.00000 0.97134
vn -0.04362 -0.00000 0.99905
vn 0.15212 -0.00000 0.98836
vn 0.34202 -0.00000 0.93969
vn 0.51877 -0.00000 0.85491
vn 0.67559 -0.00000 0.73728
vn 0.80644 -0.00000 0.59131
vn 0.90631 -0.00000 0.42262
vn 0.97134 -0.00000 0.23769
vn 0.99905 -0.00000 0.04362
vn 0.98836 -0.00000 -0.15212
vn 0.93969 -0.00000 -0.34202
vn 0.70711 -0.00000 -0.70711
vn 0.55557 -0.00000 -0.83147
vn 0.38268 -0.00000 -0.92388
vn 0.19509 -0.00000 -0.98079
vn 0.00000 -0.00000 -1.00000
vn -0.19509 -0.00000 -0.98079
vn -0.38268 -0.00000 -0.92388
vn -0.55557 -0.00000 -0.83147
vn -0.70711 -0.00000 -0.70711
vn -0.83147 -0.00000 -0.55557
vn -0.92388 -0.00000 -0.38268
vn -0.98079 -0.00000 -0.19509
vn -1.00000 -0.00000 -0.00000
vn -0.98079 -0.00000 0.19509
vn -0.92388 -0.00000 0.38268
vn -0.83147 -0.00000 0.55557
vn -0.70711 -0.00000 0.70711
vn -0.55557 -0.00000 0.83147
vn -0.38268 -0.00000 0.92388
vn -0.19509 -0.00000 0.98079
vn -0.00000 -0.00000 1.00000
vn 0.19509 -0.00000 0.98079
vn 0.38268 -0.00000 0.92388
vn 0.55557 -0.00000 0.83147
vn 0.70711 -0.00000 0.70711
vn 0.83147 -0.00000 0.55557
vn 0.92388 -0.00000 0.38268
vn 0.98079 -0.00000 0.19509
vn 1.00000 -0.00000 0.00000
vn 0.98079 -0.00000 -0.19509
vn 0.92388 -0.00000 -0.38268
vn 0.83147 -0.00000 -0.55557
vn 0.70711 -0.00000 -0.70711
vn 0.34202 -0.00000 -0.93969
vn 0.15212 -0.00000 -0.98836
vn -0.04362 -0.00000 -0.99905
vn -0.23769 -0.00000 -0.97134
vn -0.42262 -0.00000 -0.90631
vn -0.59131 -0.00000 -0.80644
vn -0.73728 -0.00000 -0.67559
vn -0.85491 -0.00000 -0.51877
vn -0.93969 -0.00000 -0.34202
vn -0.98836 -0.00000 -0.15212
vn -0.99905 -0.00000 0.04362
vn -0.97134 -0.00000 0.23769
vn -0.90631 -0.00000 0.42262
vn -0.80644 -0.00000 0.59131
vn -0.67559 -0.00000 0.73728
vn -0.51877 -0.00000 0.85491
vn -0.34202 -0.00000 0.93969
vn -0.15212 -0.00000 0.98836
vn 0.04362 -0.00000 0.99905
vn 0.23769 -0.00000 0.97134
vn 0.42262 -0.00000 0.90631
vn 0.59131 -0.00000 0.80644
vn 0.73728 -0.00000 0.67559
vn 0.85491 -0.00000 0.51877
vn 0.93969 -0.00000 0.34202
vn 0.98836 -0.00000 0.15212
vn 0.99905 -0.00000 -0.04362
vn 0.97134 -0.00000 -0.23769
vn 0.90631 -0.00000 -0.42262
vn 0.80644 -0.00000 -0.59131
vn 0.67559 -0.00000 -0.73728
vn 0.51877 -0.00000 -0.85491
vn 0.34202 -0.00000 -0.93969
vn -0.08716 -0.00000 -0.99619
vn -0.27983 -0.00000 -0.96005
vn -0.46175 -0.00000 -0.88701
vn -0.62592 -0.00000 -0.77988
vn -0.76604 -0.00000 -0.64279
vn -0.87673 -0.00000 -0.48099
vn -0.95372 -0.00000 -0.30071
vn -0.99406 -0.00000 -0.10887
vn -0.99619 -0.00000 0.08716
vn -0.96005 -0.00000 0.27983
vn -0.88701 -0.00000 0.46175
vn -0.77988 -0.00000 0.62592
vn -0.64279 -0.00000 0.76604
vn -0.48099 -0.00000 0.87673
vn -0.30071 -0.00000 0.95372
vn -0.10887 -0.00000 0.99406
vn 0.08716 -0.00000 0.99619
vn 0.27983 -0.00000 0.96005
vn 0.46175 -0.00000 0.88701
vn 0.62592 -0.00000 0.77988
vn 0.76604 -0.00000 0.64279
vn 0.87673 -0.00000 0.48099
vn 0.95372 -0.00000 0.30071
vn 0.99406 -0.00000 0.10887
vn 0.99619 -0.00000 -0.08716
vn 0.96005 -0.00000 -0.27983
vn 0.88701 -0.00000 -0.46175
vn 0.77988 -0.00000 -0.62592
vn 0.64279 -0.00000 -0.76604
vn 0.48099 -0.00000 -0.87673
vn 0.30071 -0.00000 -0.95372
vn 0.10887 -0.00000 -0.99406
vn -0.08716 -0.00000 -0.99619
vn -0.50000 -0.00000 -0.86603
vn -0.65935 -0.00000 -0.75184
vn -0.79335 -0.00000 -0.60876
vn -0.89687 -0.00000 -0.44229
vn -0.96593 -0.00000 -0.25882
vn -0.99786 -0.00000 -0.06540
vn -0.99144 -0.00000 0.13053
vn -0.94693 -0.00000 0.32144
vn -0.86603 -0.00000 0.50000
vn -0.75184 -0.00000 0.65935
vn -0.60876 -0.00000 0.79335
vn -0.44229 -0.00000 0.89687
vn -0.25882 -0.00000 0.96593
vn -0.06540 -0.00000 0.99786
vn 0.13053 -0.00000 0.99144
vn 0.32144 -0.00000 0.94693
vn 0.50000 -0.00000 0.86603
vn 0.65935 -0.00000 0.75184
vn 0.79335 -0.00000 0.60876
vn 0.89687 -0.00000 0.44229
vn 0.96593 -0.00000 0.25882
vn 0.99786 -0.00000 0.06540
vn 0.99144 -0.00000 -0.13053
vn 0.94693 -0.00000 -0.32144
vn 0.86603 -0.00000 -0.50000
vn 0.75184 -0.00000 -0.65935
vn 0.60876 -0.00000 -0.79335
vn 0.44229 -0.00000 -0.89687
vn 0.25882 -0.00000 -0.96593
vn 0.06540 -0.00000 -0.99786
vn -0.13053 -0.00000 -0.99144
vn -0.32144 -0.00000 -0.94693
vn -0.50000 -0.00000 -0.86603
f 1/1/1 2/2/2 35/35/35
f 1/1/1 35/35/35 34/34/34
f 2/2/2 3/3/3 36/36/36
f 2/2/2 36/36/36 35/35/35
f 3/3/3 4/4/4 37/37/37
f 3/3/3 37/37/37 36/36/36
f 4/4/4 5/5/5 38/38/38
f 4/4/4 38/38/38 37/37/37
f 5/5/5 6/6/6 39/39/39
f 5/5/5 39/39/39 38/38/38
f 6/6/6 7/7/7 40/40/40
f 6/6/6 40/40/40 39/39/39
f 7/7/7 8/8/8 41/41/41
f 7/7/7 41/41/41 40/40/40
f 8/8/8 9/9/9 42/42/42
f 8/8/8 42/42/42 41/41/41
f 9/9/9 10/10/10 43/43/43
f 9/9/9 43/43/43 42/42/42
f 10/10/10 11/11/11 44/44/44
f 10/10/10 44/44/44 43/43/43
f 11/11/11 12/12/12 45/45/45
f 11/11/11 45/45/45 44/44/44
f 12/12/12 13/13/13 46/46/46
f 12/12/12 46/46/46 45/45/45
f 13/13/13 14/14/14 47/47/47
f 13/13/13 47/47/47 46/46/46
f 14/14/14 15/15/15 48/48/48
f 14/14/14 48/48/48 47/47/47
f 15/15/15 16/16/16 49/49/49
f 15/15/15 49/49/49 48/48/48
f 16/16/16 17/17/17 50/50/50
f 16/16/16 50/50/50 49/49/49
f 17/17/17 18/18/18 51/51/51
f 17/17/17 51/51/51 50/50/50
f 18/18/18 19/19/19 52/52/52
f 18/18/18 52/52/52 51/51/51
f 19/19/19 20/20/20 53/53/53
f 19/19/19 53/53/53 52/52/52
f 20/20/20 21/21/21 54/54/54
f 20/20/20 54/54/54 53/53/53
f 21/21/21 22/22/22 55/55/55
f 21/21/21 55/55/55 54/54/54
f 22/22/22 23/23/23 56/56/56
f 22/22/22 56/56/56 55/55/55
f 23/23/23 24/24/24 57/57/57
f 23/23/23 57/57/57 56/56/56
f 24/24/24 25/25/25 58/58/58
f 24/24/24 58/58/58 57/57/57
f 25/25/25 26/26/26 59/59/59
f 25/25/25 59/59/59 58/58/58
f 26/26/26 27/27/27 60/60/60
f 26/26/26 60/60/60 59/59/59
f 27/27/27 28/28/28 61/61/61
f 27/27/27 61/61/61 60/60/60
f 28/28/28 29/29/29 62/62/62
f 28/28/28 62/62/62 61/61/61
f 29/29/29 30/30/30 63/63/63
f 29/29/29 63/63/63 62/62/62
f 30/30/30 31/31/31 64/64/64
f 30/30/30 64/64/64 63/63/63
f 31/31/31 32/32/32 65/65/65
f 31/31/31 65/65/65 64/64/64
f 32/32/32 33/33/33 66/66/66
f 32/32/32 66/66/66 65/65/65
f 34/34/34 35/35/35 68/68/68
f 34/34/34 68/68/68 67/67/67
f 35/35/35 36/36/36 69/69/69
f 35/35/35 69/69/69 68/68/68
f 36/36/36 37/37/37 70/70/70
f 36/36/36 70/70/70 69/69/69
f 37/37/37 38/38/38 71/71/71
f 37/37/37 71/71/71 70/70/70
f 38/38/38 39/39/39 72/72/72
f 38/38/38 72/72/72 71/71/71
f 39/39/39 40/40/40 73/73/73
f 39/39/39 73/73/73 72/72/72
f 40/40/40 41/41/41 74/74/74
f 40/40/40 74/74/74 73/73/73
f 41/41/41 42/42/42 75/75/75
f 41/41/41 75/75/75 74/74/74
f 42/42/42 43/43/43 76/76/76
f 42/42/42 76/76/76 75/75/75
f 43/43/43 44/44/44 77/77/77
f 43/43/43 77/77/77 76/76/76
f 44/44/44 45/45/45 78/78/78
f 44/44/44 78/78/78 77/77/77
f 45/45/45 46/46/46 79/79/79
f 45/45/45 79/79/79 78/78/78
f 46/46/46 47/47/47 80/80/80
f 46/46/46 80/80/80 79/79/79
f 47/47/47 48/48/48 81/81/81
f 47/47/47 81/81/81 80/80/80
f 48/48/48 49/49/49 82/82/82
f 48/48/48 82/82/82 81/81/81
f 49/49/49 50/50/50 83/83/83
f 49/49/49 83/83/83 82/82/82
f 50/50/50 51/51/51 84/84/84
f 50/50/50 84/84/84 83/83/83
f 51/51/51 52/52/52 85/85/85
f 51/51/51 85/85/85 84/84/84
f 52/52/52 53/53/53 86/86/86
f 52/52/52 86/86/86 85/85/85
f 53/53/53 54/54/54 87/87/87
f 53/53/53 87/87/87 86/86/86
f 54/54/54 55/55/55 88/88/88
f 54/54/54 88/88/88 87/87/87
f 55/55/55 56/56/56 89/89/89
f 55/55/55 89/89/89 88/88/88
f 56/56/56 57/57/57 90/90/90
f 56/56/56 90/90/90 89/89/89
f 57/57/57 58/58/58 91/91/91
f 57/57/57 91/91/91 90/90/90
f 58/58/58 59/59/59 92/92/92
f 58/58/58 92/92/92 91/91/91
f 59/59/59 60/60/60 93/93/93
f 59/59/59 93/93/93 92/92/92
f 60/60/60 61/61/61 94/94/94
f 60/60/60 94/94/94 93/93/93
f 61/61/61 62/62/62 95/95/95
f 61/61/61 95/95/95 94/94/94
f 62/62/62 63/63/63 96/96/96
f 62/62/62 96/96/96 95/95/95
f 63/63/63 64/64/64 97/97/97
f 63/63/63 97/97/97 96/96/96
f 64/64/64 65/65/65 98/98/98
f 64/64/64 98/98/98 97/97/97
f 65/65/65 66/66/66 99/99/99
f 65/65/65 99/99/99 98/98/98
f 67/67/67 68/68/68 101/101/101
f 67/67/67 101/101/101 100/100/100
f 68/68/68 69/69/69 102/102/102
f 68/68/68 102/102/102 101/101/101
f 69/69/69 70/70/70 103/103/103
f 69/69/69 103/103/103 102/102/102
f 70/70/70 71/71/71 104/104/104
f 70/70/70 104/104/104 103/103/103
f 71/71/71 72/72/72 105/105/105
f 71/71/71 105/105/105 104/104/104
f 72/72/72 73/73/73 106/106/106
f 72/72/72 106/106/106 105/105/105
f 73/73/73 74/74/74 107/107/107
f 73/73/73 107/107/107 106/106/106
f 74/74/74 75/75/75 108/108/108
f 74/74/74 108/108/108 107/107/107
f 75/75/75 76/76/76 109/109/109
f 75/75/75 109/109/109 108/108/108
f 76/76/76 77/77/77 110/110/110
f 76/76/76 110/110/110 109/109/109
f 77/77/77 78/78/78 111/111/111
f 77/77/77 111/111/111 110/110/110
f 78/78/78 79/79/79 112/112/112
f 78/78/78 112/112/112 111/111/111
f 79/79/79 80/80/80 113/113/113
f 79/79/79 113/113/113 112/112/112
f 80/80/80 81/81/81 114/114/114
f 80/80/80 114/114/114 113/113/113
f 81/81/81 82/82/82 115/115/115
f 81/81/81 115/115/115 114/114/114
f 82/82/82 83/83/83 116/116/116
f 82/82/82 116/116/116 115/115/115
f 83/83/83 84/84/84 117/117/117
f 83/83/83 117/117/117 116/116/116
f 84/84/84 85/85/85 118/118/118
f 84/84/84 118/118/118 117/117/117
f 85/85/85 86/86/86 119/119/119
f 85/85/85 119/119/119 118/118/118
f 86/86/86 87/87/87 120/120/120
f 86/86/86 120/120/120 119/119/119
f 87/87/87 88/88/88 121/121/121
f 87/87/87 121/121/121 120/120/120
f 88/88/88 89/89/89 122/122/122
f 88/88/88 122/122/122 121/121/121
f 89/89/89 90/90/90 123/123/123
f 89/89/89 123/123/123 122/122/122
f 90/90/90 91/91/91 124/124/124
f 90/90/90 124/124/124 123/123/123
f 91/91/91 92/92/92 125/125/125
f 91/91/91 125/125/125 124/124/124
f 92/92/92 93/93/93 126/126/126
f 92/92/92 126/126/126 125/125/125
f 93/93/93 94/94/94 127/127/127
f 93/93/93 127/127/127 126/126/126
f 94/94/94 95/95/95 128/128/128
f 94/94/94 128/128/128 127/127/127
f 95/95/95 96/96/96 129/129/129
f 95/95/95 129/129/129 128/128/128
f 96/96/96 97/97/97 130/130/130
f 96/96/96 130/130/130 129/129/129
f 97/97/97 98/98/98 131/131/131
f 97/97/97 131/131/131 130/130/130
f 98/98/98 99/99/99 132/132/132
f 98/98/98 132/132/132 131/131/131
f 100/100/100 101/101/101 134/134/134
f 100/100/100 134/134/134 133/133/133
f 101/101/101 102/102/102 135/135/135
f 101/101/101 135/135/135 134/134/134
f 102/102/102 103/103/103 136/136/136
f 102/102/102 136/136/136 135/135/135
f 103/103/103 104/104/104 137/137/137
f 103/103/103 137/137/137 136/136/136
f 104/104/104 105/105/105 138/138/138
f 104/104/104 138/138/138 137/137/137
f 105/105/105 106/106/106 139/139/139
f 105/105/105 139/139/139 138/138/138
f 106/106/106 107/107/107 140/140/140
f 106/106/106 140/140/140 139/139/139
f 107/107/107 108/108/108 141/141/141
f 107/107/107 141/141/141 140/140/140
f 108/108/108 109/109/109 142/142/142
f 108/108/108 142/142/142 141/141/141
f 109/109/109 110/110/110 143/143/143
f 109/109/109 143/143/143 142/142/142
f 110/110/110 111/111/111 144/144/144
f 110/110/110 144/144/144 143/143/143
f 111/111/111 112/112/112 145/145/145
f 111/111/111 145/145/145 144/144/144
f 112/112/112 113/113/113 146/146/146
f 112/112/112 146/146/146 145/145/145
f 113/113/113 114/114/114 147/147/147
f 113/113/113 147/147/147 146/146/146
f 114/114/114 115/115/115 148/148/148
f 114/114/114 148/148/148 147/147/147
f 115/115/115 116/116/116 149/149/149
f 115/115/115 149/149/149 148/148/148
f 116/116/116 117/117/117 150/150/150
f 116/116/116 150/150/150 149/149/149
f 117/117/117 118/118/118 151/151/151
f 117/117/117 151/151/151 150/150/150
f 118/118/118 119/119/119 152/152/152
f 118/118/118 152/152/152 151/151/151
f 119/119/119 120/120/120 153/153/153
f 119/119/119 153/153/153 152/152/152
f 120/120/120 121/121/121 154/154/154
f 120/120/120 154/154/154 153/153/153
f 121/121/121 122/122/122 155/155/155
f 121/121/121 155/155/155 154/154/154
f 122/122/122 123/123/123 156/156/156
f 122/122/122 156/156/156 155/155/155
f 123/123/123 124/124/124 157/157/157
f 123/123/123 157/157/157 156/156/156
f 124/124/124 125/125/125 158/158/158
f 124/124/124 158/158/158 157/157/157
f 125/125/125 126/126/126 159/159/159
f 125/125/125 159/159/159 158/158/158
f 126/126/126 127/127/127 160/160/160
f 126/126/126 160/160/160 159/159/159
f 127/127/127 128/128/128 161/161/161
f 127/127/127 161/161/161 160/160/160
f 128/128/128 129/129/129 162/162/162
f 128/128/128 162/162/162 161/161/161
f 129/129/129 130/130/130 163/163/163
f 129/129/129 163/163/163 162/162/162
f 130/130/130 131/131/131 164/164/164
f 130/130/130 164/164/164 163/163/163
f 131/131/131 132/132/132 165/165/165
f 131/131/131 165/165/165 164/164/164
f 133/133/133 134/134/134 167/167/167
f 133/133/133 167/167/167 166/166/166
f 134/134/134 135/135/135 168/168/168
f 134/134/134 168/168/168 167/167/167
f 135/135/135 136/136/136 169/169/169
f 135/135/135 169/169/169 168/168/168
f 136/136/136 137/137/137 170/170/170
f 136/136/136 170/170/170 169/169/169
f 137/137/137 138/138/138 171/171/171
f 137/137/137 171/171/171 170/170/170
f 138/138/138 139/139/139 172/172/172
f 138/138/138 172/172/172 171/171/171
f 139/139/139 140/140/140 173/173/173
f 139/139/139 173/173/173 172/172/172
f 140/140/140 141/141/141 174/174/174
f 140/140/140 174/174/174 173/173/173
f 141/141/141 142/142/142 175/175/175
f 141/141/141 175/175/175 174/174/174
f 142/142/142 143/143/143 176/176/176
f 142/142/142 176/176/176 175/175/175
f 143/143/143 144/144/144 177/177/177
f 143/143/143 177/177/177 176/176/176
f 144/144/144 145/145/145 178/178/178
f 144/144/144 178/178/178 177/177/177
f 145/145/145 146/146/146 179/179/179
f 145/145/145 179/179/179 178/178/178
f 146/146/146 147/147/147 180/180/180
f 146/146/146 180/180/180 179/179/179
f 147/147/147 148/148/148 181/181/181
f 147/147/147 181/181/181 180/180/180
f 148/148/148 149/149/149 182/182/182
f 148/148/148 182/182/182 181/181/181
f 149/149/149 150/150/150 183/183/183
f 149/149/149 183/183/183 182/182/182
f 150/150/150 151/151/151 184/184/184
f 150/150/150 184/184/184 183/183/183
f 151/151/151 152/152/152 185/185/185
f 151/151/151 185/185/185 184/184/184
f 152/152/152 153/153/153 186/186/186
f 152/152/152 186/186/186 185/185/185
f 153/153/153 154/154/154 187/187/187
f 153/153/153 187/187/187 186/186/186
f 154/154/154 155/155/155 188/188/188
f 154/154/154 188/188/188 187/187/187
f 155/155/155 156/156/156 189/189/189
f 155/155/155 189/189/189 188/188/188
f 156/156/156 157/157/157 190/190/190
f 156/156/156 190/190/190 189/189/189
f 157/157/157 158/158/158 191/191/191
f 157/157/157 191/191/191 190/190/190
f 158/158/158 159/159/159 192/192/192
f 158/158/158 192/192/192 191/191/191
f 159/159/159 160/160/160 193/193/193
f 159/159/159 193/193/193 192/192/192
f 160/160/160 161/161/161 194/194/194
f 160/160/160 194/194/194 193/193/193
f 161/161/161 162/162/162 195/195/195
f 161/161/161 195/195/195 194/194/194
f 162/162/162 163/163/163 196/196/196
f 162/162/162 196/196/196 195/195/195
f 163/163/163 164/164/164 197/197/197
f 163/163/163 197/197/197 196/196/196
f 164/164/164 165/165/165 198/198/198
f 164/164/164 198/198/198 197/197/197
f 166/166/166 167/167/167 200/200/200
f 166/166/166 200/200/200 199/199/199
f 167/167/167 168/168/168 201/201/201
f 167/167/167 201/201/201 200/200/200
f 168/168/168 169/169/169 202/202/202
f 168/168/168 202/202/202 201/201/201
f 169/169/169 170/170/170 203/203/203
f 169/169/169 203/203/203 202/202/202
f 170/170/170 171/171/171 204/204/204
f 170/170/170 204/204/204 203/203/203
f 171/171/171 172/172/172 205/205/205
f 171/171/171 205/205/205 204/204/204
f 172/172/172 173/173/173 206/206/206
f 172/172/172 206/206/206 205/205/205
f 173/173/173 174/174/174 207/207/207
f 173/173/173 207/207/207 206/206/206
f 174/174/174 175/175/175 208/208/208
f 174/174/174 208/208/208 207/207/207
f 175/175/175 176/176/176 209/209/209
f 175/175/175 209/209/209 208/208/208
f 176/176/176 177/177/177 210/210/210
f 176/176/176 210/210/210 209/209/209
f 177/177/177 178/178/178 211/211/211
f 177/177/177 211/211/211 210/210/210
f 178/178/178 179/179/179 212/212/212
f 178/178/178 212/212/212 211/211/211
f 179/179/179 180/180/180 213/213/213
f 179/179/179 213/213/213 212/212/212
f 180/180/180 181/181/181 214/214/214
f 180/180/180 214/214/214 213/213/213
f 181/181/181 182/182/182 215/215/215
f 181/181/181 215/215/215 214/214/214
f 182/182/182 183/183/183 216/216/216
f 182/182/182 216/216/216 215/215/215
f 183/183/183 184/184/184 217/217/217
f 183/183/183 217/217/217 216/216/216
f 184/184/184 185/185/185 218/218/218
f 184/184/184 218/218/218 217/217/217
f 185/185/185 186/186/186 219/219/219
f 185/185/185 219/219/219 218/218/218
f 186/186/186 187/187/187 220/220/220
f 186/186/186 220/220/220 219/219/219
f 187/187/187 188/188/188 221/221/221
f 187/187/187 221/221/221 220/220/220
f 188/188/188 189/189/189 222/222/222
f 188/188/188 222/222/222 221/221/221
f 189/189/189 190/190/190 223/223/223
f 189/189/189 223/223/223 222/222/222
f 190/190/190 191/191/191 224/224/224
f 190/190/190 224/224/224 223/223/223
f 191/191/191 192/192/192 225/225/225
f 191/191/191 225/225/225 224/224/224
f 192/192/192 193/193/193 226/226/226
f 192/192/192 226/226/226 225/225/225
f 193/193/193 194/194/194 227/227/227
f 193/193/193 227/227/227 226/226/226
f 194/194/194 195/195/195 228/228/228
f 194/194/194 228/228/228 227/227/227
f 195/195/195 196/196/196 229/229/229
f 195/195/195 229/229/229 228/228/228
f 196/196/196 197/197/197 230/230/230
f 196/196/196 230/230/230 229/229/229
f 197/197/197 198/198/198 231/231/231
f 197/197/197 231/231/231 230/230/230
f 199/199/199 200/200/200 233/233/233
f 199/199/199 233/233/233 232/232/232
f 200/200/200 201/201/201 234/234/234
f 200/200/200 234/234/234 233/233/233
f 201/201/201 202/202/202 235/235/235
f 201/201/201 235/235/235 234/234/234
f 202/202/202 203/203/203 236/236/236
f 202/202/202 236/236/236 235/235/235
f 203/203/203 204/204/204 237/237/237
f 203/203/203 237/237/237 236/236/236
f 204/204/204 205/205/205 238/238/238
f 204/204/204 238/238/238 237/237/237
f 205/205/205 206/206/206 239/239/239
f 205/205/205 239/239/239 238/238/238
f 206/206/206 207/207/207 240/240/240
f 206/206/206 240/240/240 239/239/239
f 207/207/207 208/208/208 241/241/241
f 207/207/207 241/241/241 240/240/240
f 208/208/208 209/209/209 242/242/242
f 208/208/208 242/242/242 241/241/241
f 209/209/209 210/210/210 243/243/243
f 209/209/209 243/243/243 242/242/242
f 210/210/210 211/211/211 244/244/244
f 210/210/210 244/244/244 243/243/243
f 211/211/211 212/212/212 245/245/245
f 211/211/211 245/245/245 244/244/244
f 212/212/212 213/213/213 246/246/246
f 212/212/212 246/246/246 245/245/245
f 213/213/213 214/214/214 247/247/247
f 213/213/213 247/247/247 246/246/246
f 214/214/214 215/215/215 248/248/248
f 214/214/214 248/248/248 247/247/247
f 215/215/215 216/216/216 249/249/249
f 215/215/215 249/249/249 248/248/248
f 216/216/216 217/217/217 250/250/250
f 216/216/216 250/250/250 249/249/249
f 217/217/217 218/218/218 251/251/251
f 217/217/217 251/251/251 250/250/250
f 218/218/218 219/219/219 252/252/252
f 218/218/218 252/252/252 251/251/251
f 219/219/219 220/220/220 253/253/253
f 219/219/219 253/253/253 252/252/252
f 220/220/220 221/221/221 254/254/254
f 220/220/220 254/254/254 253/253/253
f 221/221/221 222/222/222 255/255/255
f 221/221/221 255/255/255 254/254/254
f 222/222/222 223/223/223 256/256/256
f 222/222/222 256/256/256 255/255/255
f 223/223/223 224/224/224 257/257/257
f 223/223/223 257/257/257 256/256/256
f 224/224/224 225/225/225 258/258/258
f 224/224/224 258/258/258 257/257/257
f 225/225/225 226/226/226 259/259/259
f 225/225/225 259/259/259 258/258/258
f 226/226/226 227/227/227 260/260/260
f 226/226/226 260/260/260 259/259/259
f 227/227/227 228/228/228 261/261/261
f 227/227/227 261/261/261 260/260/260
f 228/228/228 229/229/229 262/262/262
f 228/228/228 262/262/262 261/261/261
f 229/229/229 230/230/230 263/263/263
f 229/229/229 263/263/263 262/262/262
f 230/230/230 231/231/231 264/264/264
f 230/230/230 264/264/264 263/263/263
f 232/232/232 233/233/233 266/266/266
f 232/232/232 266/266/266 265/265/265
f 233/233/233 234/234/234 267/267/267
f 233/233/233 267/267/267 266/266/266
f 234/234/234 235/235/235 268/268/268
f 234/234/234 268/268/268 267/267/267
f 235/235/235 236/236/236 269/269/269
f 235/235/235 269/269/269 268/268/268
f 236/236/236 237/237/237 270/270/270
f 236/236/236 270/270/270 269/269/269
f 237/237/237 238/238/238 271/271/271
f 237/237/237 271/271/271 270/270/270
f 238/238/238 239/239/239 272/272/272
f 238/238/238 272/272/272 271/271/271
f 239/239/239 240/240/240 273/273/273
f 239/239/239 273/273/273 272/272/272
f 240/240/240 241/241/241 274/274/274
f 240/240/240 274/274/274 273/273/273
f 241/241/241 242/242/242 275/275/275
f 241/241/241 275/275/275 274/274/274
f 242/242/242 243/243/243 276/276/276
f 242/242/242 276/276/276 275/275/275
f 243/243/243 244/244/244 277/277/277
f 243/243/243 277/277/277 276/276/276
f 244/244/244 245/245/245 278/278/278
f 244/244/244 278/278/278 277/277/277
f 245/245/245 246/246/246 279/279/279
f 245/245/245 279/279/279 278/278/278
f 246/246/246 247/247/247 280/280/280
f 246/246/246 280/280/280 279/279/279
f 247/247/247 248/248/248 281/281/281
f 247/247/247 281/281/281 280/280/280
f 248/248/248 249/249/249 282/282/282
f 248/248/248 282/282/282 281/281/281
f 249/249/249 250/250/250 283/283/283
f 249/249/249 283/283/283 282/282/282
f 250/250/250 251/251/251 284/284/284
f 250/250/250 284/284/284 283/283/283
f 251/251/251 252/252/252 285/285/285
f 251/251/251 285/285/285 284/284/284
f 252/252/252 253/253/253 286/286/286
f 252/252/252 286/286/286 285/285/285
f 253/253/253 254/254/254 287/287/287
f 253/253/253 287/287/287 286/286/286
f 254/254/254 255/255/255 288/288/288
f 254/254/254 288/288/288 287/287/287
f 255/255/255 256/256/256 289/289/289
f 255/255/255 289/289/289 288/288/288
f 256/256/256 257/257/257 290/290/290
f 256/256/256 290/290/290 289/289/289
f 257/257/257 258/258/258 291/291/291
f 257/257/257 291/291/291 290/290/290
f 258/258/258 259/259/259 292/292/292
f 258/258/258 292/292/292 291/291/291
f 259/259/259 260/260/260 293/293/293
f 259/259/259 293/293/293 292/292/292
f 260/260/260 261/261/261 294/294/294
f 260/260/260 294/294/294 293/293/293
f 261/261/261 262/262/262 295/295/295
f 261/261/261 295/295/295 294/294/294
f 262/262/262 263/263/263 296/296/296
f 262/262/262 296/296/296 295/295/295
f 263/263/263 264/264/264 297/297/297
f 263/263/263 297/297/297 296/296/296
f 265/265/265 266/266/266 299/299/299
f 265/265/265 299/299/299 298/298/298
f 266/266/266 267/267/267 300/300/300
f 266/266/266 300/300/300 299/299/299
f 267/267/267 268/268/268 301/301/301
f 267/267/267 301/301/301 300/300/300
f 268/268/268 269/269/269 302/302/302
f 268/268/268 302/302/302 301/301/301
f 269/269/269 270/270/270 303/303/303
f 269/269/269 303/303/303 302/302/302
f 270/270/270 271/271/271 304/304/304
f 270/270/270 304/304/304 303/303/303
f 271/271/271 272/272/272 305/305/305
f 271/271/271 305/305/305 304/304/304
f 272/272/272 273/273/273 306/306/306
f 272/272/272 306/306/306 305/305/305
f 273/273/273 274/274/274 307/307/307
f 273/273/273 307/307/307 306/306/306
f 274/274/274 275/275/275 308/308/308
f 274/274/274 308/308/308 307/307/307
f 275/275/275 276/276/276 309/309/309
f 275/275/275 309/309/309 308/308/308
f 276/276/276 277/277/277 310/310/310
f 276/276/276 310/310/310 309/309/309
f 277/277/277 278/278/278 311/311/311
f 277/277/277 311/311/311 310/310/310
f 278/278/278 279/279/279 312/312/312
f 278/278/278 312/312/312 311/311/311
f 279/279/279 280/280/280 313/313/313
f 279/279/279 313/313/313 312/312/312
f 280/280/280 281/281/281 314/314/314
f 280/280/280 314/314/314 313/313/313
f 281/281/281 282/282/282 315/315/315
f 281/281/281 315/315/315 314/314/314
f 282/282/282 283/283/283 316/316/316
f 282/282/282 316/316/316 315/315/315
f 283/283/283 284/284/284 317/317/317
f 283/283/283 317/317/317 316/316/316
f 284/284/284 285/285/285 318/318/318
f 284/284/284 318/318/318 317/317/317
f 285/285/285 286/286/286 319/319/319
f 285/285/285 319/319/319 318/318/318
f 286/286/286 287/287/287 320/320/320
f 286/286/286 320/320/320 319/319/319
f 287/287/287 288/288/288 321/321/321
f 287/287/287 321/321/321 320/320/320
f 288/288/288 289/289/289 322/322/322
f 288/288/288 322/322/322 321/321/321
f 289/289/289 290/290/290 323/323/323
f 289/289/289 323/323/323 322/322/322
f 290/290/290 291/291/291 324/324/324
f 290/290/290 324/324/324 323/323/323
f 291/291/291 292/292/292 325/325/325
f 291/291/291 325/325/325 324/324/324
f 292/292/292 293/293/293 326/326/326
f 292/292/292 326/326/326 325/325/325
f 293/293/293 294/294/294 327/327/327
f 293/293/293 327/327/327 326/326/326
f 294/294/294 295/295/295 328/328/328
f 294/294/294 328/328/328 327/327/327
f 295/295/295 296/296/296 329/329/329
f 295/295/295 329/329/329 328/328/328
f 296/296/296 297/297/297 330/330/330
f 296/296/296 330/330/330 329/329/329
f 298/298/298 299/299/299 332/332/332
f 298/298/298 332/332/332 331/331/331
f 299/299/299 300/300/300 333/333/333
f 299/299/299 333/333/333 332/332/332
f 300/300/300 301/301/301 334/334/334
f 300/300/300 334/334/334 333/333/333
f 301/301/301 302/302/302 335/335/335
f 301/301/301 335/335/335 334/334/334
f 302/302/302 303/303/303 336/336/336
f 302/302/302 336/336/336 335/335/335
f 303/303/303 304/304/304 337/337/337
f 303/303/303 337/337/337 336/336/336
f 304/304/304 305/305/305 338/338/338
f 304/304/304 338/338/338 337/337/337
f 305/305/305 306/306/306 339/339/339
f 305/305/305 339/339/339 338/338/338
f 306/306/306 307/307/307 340/340/340
f 306/306/306 340/340/340 339/339/339
f 307/307/307 308/308/308 341/341/341
f 307/307/307 341/341/341 340/340/340
f 308/308/308 309/309/309 342/342/342
f 308/308/308 342/342/342 341/341/341
f 309/309/309 310/310/310 343/343/343
f 309/309/309 343/343/343 342/342/342
f 310/310/310 311/311/311 344/344/344
f 310/310/310 344/344/344 343/343/343
f 311/311/311 312/312/312 345/345/345
f 311/311/311 345/345/345 344/344/344
f 312/312/312 313/313/313 346/346/346
f 312/312/312 346/346/346 345/345/345
f 313/313/313 314/314/314 347/347/347
f 313/313/313 347/347/347 346/346/346
f 314/314/314 315/315/315 348/348/348
f 314/314/314 348/348/348 347/347/347
f 315/315/315 316/316/316 349/349/349
f 315/315/315 349/349/349 348/348/348
f 316/316/316 317/317/317 350/350/350
f 316/316/316 350/350/350 349/349/349
f 317/317/317 318/318/318 351/351/351
f 317/317/317 351/351/351 350/350/350
f 318/318/318 319/319/319 352/352/352
f 318/318/318 352/352/352 351/351/351
f 319/319/319 320/320/320 353/353/353
f 319/319/319 353/353/353 352/352/352
f 320/320/320 321/321/321 354/354/354
f 320/320/320 354/354/354 353/353/353
f 321/321/321 322/322/322 355/355/355
f 321/321/321 355/355/355 354/354/354
f 322/322/322 323/323/323 356/356/356
f 322/322/322 356/356/356 355/355/355
f 323/323/323 324/324/324 357/357/357
f 323/323/323 357/357/357 356/356/356
f 324/324/324 325/325/325 358/358/358
f 324/324/324 358/358/358 357/357/357
f 325/325/325 326/326/326 359/359/359
f 325/325/325 359/359/359 358/358/358
f 326/326/326 327/327/327 360/360/360
f 326/326/326 360/360/360 359/359/359
f 327/327/327 328/328/328 361/361/361
f 327/327/327 361/361/361 360/360/360
f 328/328/328 329/329/329 362/362/362
f 328/328/328 362/362/362 361/361/361
f 329/329/329 330/330/330 363/363/363
f 329/329/329 363/363/363 362/362/362
f 331/331/331 332/332/332 365/365/365
f 331/331/331 365/365/365 364/364/364
f 332/332/332 333/333/333 366/366/366
f 332/332/332 366/366/366 365/365/365
f 333/333/333 334/334/334 367/367/367
f 333/333/333 367/367/367 366/366/366
f 334/334/334 335/335/335 368/368/368
f 334/334/334 368/368/368 367/367/367
f 335/335/335 336/336/336 369/369/369
f 335/335/335 369/369/369 368/368/368
f 336/336/336 337/337/337 370/370/370
f 336/336/336 370/370/370 369/369/369
f 337/337/337 338/338/338 371/371/371
f 337/337/337 371/371/371 370/370/370
f 338/338/338 339/339/339 372/372/372
f 338/338/338 372/372/372 371/371/371
f 339/339/339 340/340/340 373/373/373
f 339/339/339 373/373/373 372/372/372
f 340/340/340 341/341/341 374/374/374
f 340/340/340 374/374/374 373/373/373
f 341/341/341 342/342/342 375/375/375
f 341/341/341 375/375/375 374/374/374
f 342/342/342 343/343/343 376/376/376
f 342/342/342 376/376/376 375/375/375
f 343/343/343 344/344/344 377/377/377
f 343/343/343 377/377/377 376/376/376
f 344/344/344 345/345/345 378/378/378
f 344/344/344 378/378/378 377/377/377
f 345/345/345 346/346/346 379/379/379
f 345/345/345 379/379/379 378/378/378
f 346/346/346 347/347/347 380/380/380
f 346/346/346 380/380/380 379/379/379
f 347/347/347 348/348/348 381/381/381
f 347/347/347 381/381/381 380/380/380
f 348/348/348 349/349/349 382/382/382
f 348/348/348 382/382/382 381/381/381
f 349/349/349 350/350/350 383/383/383
f 349/349/349 383/383/383 382/382/382
f 350/350/350 351/351/351 384/384/384
f 350/350/350 384/384/384 383/383/383
f 351/351/351 352/352/352 385/385/385
f 351/351/351 385/385/385 384/384/384
f 352/352/352 353/353/353 386/386/386
f 352/352/352 386/386/386 385/385/385
f 353/353/353 354/354/354 387/387/387
f 353/353/353 387/387/387 386/386/386
f 354/354/354 355/355/355 388/388/388
f 354/354/354 388/388/388 387/387/387
f 355/355/355 356/356/356 389/389/389
f 355/355/355 389/389/389 388/388/388
f 356/356/356 357/357/357 390/390/390
f 356/356/356 390/390/390 389/389/389
f 357/357/357 358/358/358 391/391/391
f 357/357/357 391/391/391 390/390/390
f 358/358/358 359/359/359 392/392/392
f 358/358/358 392/392/392 391/391/391
f 359/359/359 360/360/360 393/393/393
f 359/359/359 393/393/393 392/392/392
f 360/360/360 361/361/361 394/394/394
f 360/360/360 394/394/394 393/393/393
f 361/361/361 362/362/362 395/395/395
f 361/361/361 395/395/395 394/394/394
f 362/362/362 363/363/363 396/396/396
f 362/362/362 396/396/396 395/395/395
f 364/364/364 365/365/365 398/398/398
f 364/364/364 398/398/398 397/397/397
f 365/365/365 366/366/366 399/399/399
f 365/365/365 399/399/399 398/398/398
f 366/366/366 367/367/367 400/400/400
f 366/366/366 400/400/400 399/399/399
f 367/367/367 368/368/368 401/401/401
f 367/367/367 401/401/401 400/400/400
f 368/368/368 369/369/369 402/402/402
f 368/368/368 402/402/402 401/401/401
f 369/369/369 370/370/370 403/403/403
f 369/369/369 403/403/403 402/402/402
f 370/370/370 371/371/371 404/404/404
f 370/370/370 404/404/404 403/403/403
f 371/371/371 372/372/372 405/405/405
f 371/371/371 405/405/405 404/404/404
f 372/372/372 373/373/373 406/406/406
f 372/372/372 406/406/406 405/405/405
f 373/373/373 374/374/374 407/407/407
f 373/373/373 407/407/407 406/406/406
f 374/374/374 375/375/375 408/408/408
f 374/374/374 408/408/408 407/407/407
f 375/375/375 376/376/376 409/409/409
f 375/375/375 409/409/409 408/408/408
f 376/376/376 377/377/377 410/410/410
f 376/376/376 410/410/410 409/409/409
f 377/377/377 378/378/378 411/411/411
f 377/377/377 411/411/411 410/410/410
f 378/378/378 379/379/379 412/412/412
f 378/378/378 412/412/412 411/411/411
f 379/379/379 380/380/380 413/413/413
f 379/379/379 413/413/413 412/412/412
f 380/380/380 381/381/381 414/414/414
f 380/380/380 414/414/414 413/413/413
f 381/381/381 382/382/382 415/415/415
f 381/381/381 415/415/415 414/414/414
f 382/382/382 383/383/383 416/416/416
f 382/382/382 416/416/416 415/415/415
f 383/383/383 384/384/384 417/417/417
f 383/383/383 417/417/417 416/416/416
f 384/384/384 385/385/385 418/418/418
f 384/384/384 418/418/418 417/417/417
f 385/385/385 386/386/386 419/419/419
f 385/385/385 419/419/419 418/418/418
f 386/386/386 387/387/387 420/420/420
f 386/386/386 420/420/420 419/419/419
f 387/387/387 388/388/388 421/421/421
f 387/387/387 421/421/421 420/420/420
f 388/388/388 389/389/389 422/422/422
f 388/388/388 422/422/422 421/421/421
f 389/389/389 390/390/390 423/423/423
f 389/389/389 423/423/423 422/422/422
f 390/390/390 391/391/391 424/424/424
f 390/390/390 424/424/424 423/423/423
f 391/391/391 392/392/392 425/425/425
f 391/391/391 425/425/425 424/424/424
f 392/392/392 393/393/393 426/426/426
f 392/392/392 426/426/426 425/425/425
f 393/393/393 394/394/394 427/427/427
f 393/393/393 427/427/427 426/426/426
f 394/394/394 395/395/395 428/428/428
f 394/394/394 428/428/428 427/427/427
f 395/395/395 396/396/396 429/429/429
f 395/395/395 429/429/429 428/428/428
f 430/430/430 463/463/463 464/464/464
f 430/430/430 464/464/464 431/431/431
f 431/431/431 464/464/464 465/465/465
f 431/431/431 465/465/465 432/432/432
f 432/432/432 465/465/465 466/466/466
f 432/432/432 466/466/466 433/433/433
f 433/433/433 466/466/466 467/467/467
f 433/433/433 467/467/467 434/434/434
f 434/434/434 467/467/467 468/468/468
f 434/434/434 468/468/468 435/435/435
f 435/435/435 468/468/468 469/469/469
f 435/435/435 469/469/469 436/436/436
f 436/436/436 469/469/469 470/470/470
f 436/436/436 470/470/470 437/437/437
f 437/437/437 470/470/470 471/471/471
f 437/437/437 471/471/471 438/438/438
f 438/438/438 471/471/471 472/472/472
f 438/438/438 472/472/472 439/439/439
f 439/439/439 472/472/472 473/473/473
f 439/439/439 473/473/473 440/440/440
f 440/440/440 473/473/473 474/474/474
f 440/440/440 474/474/474 441/441/441
f 441/441/441 474/474/474 475/475/475
f 441/441/441 475/475/475 442/442/442
f 442/442/442 475/475/475 476/476/476
f 442/442/442 476/476/476 443/443/443
f 443/443/443 476/476/476 477/477/477
f 443/443/443 477/477/477 444/444/444
f 444/444/444 477/477/477 478/478/478
f 444/444/444 478/478/478 445/445/445
f 445/445/445 478/478/478 479/479/479
f 445/445/445 479/479/479 446/446/446
f 446/446/446 479/479/479 480/480/480
f 446/446/446 480/480/480 447/447/447
f 447/447/447 480/480/480 481/481/481
f 447/447/447 481/481/481 448/448/448
f 448/448/448 481/481/481 482/482/482
f 448/448/448 482/482/482 449/449/449
f 449/449/449 482/482/482 483/483/483
f 449/449/449 483/483/483 450/450/450
f 450/450/450 483/483/483 484/484/484
f 450/450/450 484/484/484 451/451/451
f 451/451/451 484/484/484 485/485/485
f 451/451/451 485/485/485 452/452/452
f 452/452/452 485/485/485 486/486/486
f 452/452/452 486/486/486 453/453/453
f 453/453/453 486/486/486 487/487/487
f 453/453/453 487/487/487 454/454/454
f 454/454/454 487/487/487 488/488/488
f 454/454/454 488/488/488 455/455/455
f 455/455/455 488/488/488 489/489/489
f 455/455/455 489/489/489 456/456/456
f 456/456/456 489/489/489 490/490/490
f 456/456/456 490/490/490 457/457/457
f 457/457/457 490/490/490 491/491/491
f 457/457/457 491/491/491 458/458/458
f 458/458/458 491/491/491 492/492/492
f 458/458/458 492/492/492 459/459/459
f 459/459/459 492/492/492 493/493/493
f 459/459/459 493/493/493 460/460/460
f 460/460/460 493/493/493 494/494/494
f 460/460/460 494/494/494 461/461/461
f 461/461/461 494/494/494 495/495/495
f 461/461/461 495/495/495 462/462/462
f 463/463/463 496/496/496 497/497/497
f 463/463/463 497/497/497 464/464/464
f 464/464/464 497/497/497 498/498/498
f 464/464/464 498/498/498 465/465/465
f 465/465/465 498/498/498 499/499/499
f 465/465/465 499/499/499 466/466/466
f 466/466/466 499/499/499 500/500/500
f 466/466/466 500/500/500 467/467/467
f 467/467/467 500/500/500 501/501/501
f 467/467/467 501/501/501 468/468/468
f 468/468/468 501/501/501 502/502/502
f 468/468/468 502/502/502 469/469/469
f 469/469/469 502/502/502 503/503/503
f 469/469/469 503/503/503 470/470/470
f 470/470/470 503/503/503 504/504/504
f 470/470/470 504/504/504 471/471/471
f 471/471/471 504/504/504 505/505/505
f 471/471/471 505/505/505 472/472/472
f 472/472/472 505/505/505 506/506/506
f 472/472/472 506/506/506 473/473/473
f 473/473/473 506/506/506 507/507/507
f 473/473/473 507/507/507 474/474/474
f 474/474/474 507/507/507 508/508/508
f 474/474/474 508/508/508 475/475/475
f 475/475/475 508/508/508 509/509/509
f 475/475/475 509/509/509 476/476/476
f 476/476/476 509/509/509 510/510/510
f 476/476/476 510/510/510 477/477/477
f 477/477/477 510/510/510 511/511/511
f 477/477/477 511/511/511 478/478/478
f 478/478/478 511/511/511 512/512/512
f 478/478/478 512/512/512 479/479/479
f 479/479/479 512/512/512 513/513/513
f 479/479/479 513/513/513 480/480/480
f 480/480/480 513/513/513 514/514/514
f 480/480/480 514/514/514 481/481/481
f 481/481/481 514/514/514 515/515/515
f 481/481/481 515/515/515 482/482/482
f 482/482/482 515/515/515 516/516/516
f 482/482/482 516/516/516 483/483/483
f 483/483/483 516/516/516 517/517/517
f 483/483/483 517/517/517 484/484/484
f 484/484/484 517/517/517 518/518/518
f 484/484/484 518/518/518 485/485/485
f 485/485/485 518/518/518 519/519/519
f 485/485/485 519/519/519 486/486/486
f 486/486/486 519/519/519 520/520/520
f 486/486/486 520/520/520 487/487/487
f 487/487/487 520/520/520 521/521/521
f 487/487/487 521/521/521 488/488/488
f 488/488/488 521/521/521 522/522/522
f 488/488/488 522/522/522 489/489/489
f 489/489/489 522/522/522 523/523/523
f 489/489/489 523/523/523 490/490/490
f 490/490/490 523/523/523 524/524/524
f 490/490/490 524/524/524 491/491/491
f 491/491/491 524/524/524 525/525/525
f 491/491/491 525/525/525 492/492/492
f 492/492/492 525/525/525 526/526/526
f 492/492/492 526/526/526 493/493/493
f 493/493/493 526/526/526 527/527/527
f 493/493/493 527/527/527 494/494/494
f 494/494/494 527/527/527 528/528/528
f 494/494/494 528/528/528 495/495/495
f 496/496/496 529/529/529 530/530/530
f 496/496/496 530/530/530 497/497/497
f 497/497/497 530/530/530 531/531/531
f 497/497/497 531/531/531 498/498/498
f 498/498/498 531/531/531 532/532/532
f 498/498/498 532/532/532 499/499/499
f 499/499/499 532/532/532 533/533/533
f 499/499/499 533/533/533 500/500/500
f 500/500/500 533/533/533 534/534/534
f 500/500/500 534/534/534 501/501/501
f 501/501/501 534/534/534 535/535/535
f 501/501/501 535/535/535 502/502/502
f 502/502/502 535/535/535 536/536/536
f 502/502/502 536/536/536 503/503/503
f 503/503/503 536/536/536 537/537/537
f 503/503/503 537/537/537 504/504/504
f 504/504/504 537/537/537 538/538/538
f 504/504/504 538/538/538 505/505/505
f 505/505/505 538/538/538 539/539/539
f 505/505/505 539/539/539 506/506/506
f 506/506/506 539/539/539 540/540/540
f 506/506/506 540/540/540 507/507/507
f 507/507/507 540/540/540 541/541/541
f 507/507/507 541/541/541 508/508/508
f 508/508/508 541/541/541 542/542/542
f 508/508/508 542/542/542 509/509/509
f 509/509/509 542/542/542 543/543/543
f 509/509/509 543/543/543 510/510/510
f 510/510/510 543/543/543 544/544/544
f 510/510/510 544/544/544 511/511/511
f 511/511/511 544/544/544 545/545/545
f 511/511/511 545/545/545 512/512/512
f 512/512/512 545/545/545 546/546/546
f 512/512/512 546/546/546 513/513/513
f 513/513/513 546/546/546 547/547/547
f 513/513/513 547/547/547 514/514/514
f 514/514/514 547/547/547 548/548/548
f 514/514/514 548/548/548 515/515/515
f 515/515/515 548/548/548 549/549/549
f 515/515/515 549/549/549 516/516/516
f 516/516/516 549/549/549 550/550/550
f 516/516/516 550/550/550 517/517/517
f 517/517/517 550/550/550 551/551/551
f 517/517/517 551/551/551 518/518/518
f 518/518/518 551/551/551 552/552/552
f 518/518/518 552/552/552 519/519/519
f 519/519/519 552/552/552 553/553/553
f 519/519/519 553/553/553 520/520/520
f 520/520/520 553/553/553 554/554/554
f 520/520/520 554/554/554 521/521/521
f 521/521/521 554/554/554 555/555/555
f 521/521/521 555/555/555 522/522/522
f 522/522/522 555/555/555 556/556/556
f 522/522/522 556/556/556 523/523/523
f 523/523/523 556/556/556 557/557/557
f 523/523/523 557/557/557 524/524/524
f 524/524/524 557/557/557 558/558/558
f 524/524/524 558/558/558 525/525/525
f 525/525/525 558/558/558 559/559/559
f 525/525/525 559/559/559 526/526/526
f 526/526/526 559/559/559 560/560/560
f 526/526/526 560/560/560 527/527/527
f 527/527/527 560/560/560 561/561/561
f 527/527/527 561/561/561 528/528/528
f 529/529/529 562/562/562 563/563/563
f 529/529/529 563/563/563 530/530/530
f 530/530/530 563/563/563 564/564/564
f 530/530/530 564/564/564 531/531/531
f 531/531/531 564/564/564 565/565/565
f 531/531/531 565/565/565 532/532/532
f 532/532/532 565/565/565 566/566/566
f 532/532/532 566/566/566 533/533/533
f 533/533/533 566/566/566 567/567/567
f 533/533/533 567/567/567 534/534/534
f 534/534/534 567/567/567 568/568/568
f 534/534/534 568/568/568 535/535/535
f 535/535/535 568/568/568 569/569/569
f 535/535/535 569/569/569 536/536/536
f 536/536/536 569/569/569 570/570/570
f 536/536/536 570/570/570 537/537/537
f 537/537/537 570/570/570 571/571/571
f 537/537/537 571/571/571 538/538/538
f 538/538/538 571/571/571 572/572/572
f 538/538/538 572/572/572 539/539/539
f 539/539/539 572/572/572 573/573/573
f 539/539/539 573/573/573 540/540/540
f 540/540/540 573/573/573 574/574/574
f 540/540/540 574/574/574 541/541/541
f 541/541/541 574/574/574 575/575/575
f 541/541/541 575/575/575 542/542/542
f 542/542/542 575/575/575 576/576/576
f 542/542/542 576/576/576 543/543/543
f 543/543/543 576/576/576 577/577/577
f 543/543/543 577/577/577 544/544/544
f 544/544/544 577/577/577 578/578/578
f 544/544/544 578/578/578 545/545/545
f 545/545/545 578/578/578 579/579/579
f 545/545/545 579/579/579 546/546/546
f 546/546/546 579/579/579 580/580/580
f 546/546/546 580/580/580 547/547/547
f 547/547/547 580/580/580 581/581/581
f 547/547/547 581/581/581 548/548/548
f 548/548/548 581/581/581 582/582/582
f 548/548/548 582/582/582 549/549/549
f 549/549/549 582/582/582 583/583/583
f 549/549/549 583/583/583 550/550/550
f 550/550/550 583/583/583 584/584/584
f 550/550/550 584/584/584 551/551/551
f 551/551/551 584/584/584 585/585/585
f 551/551/551 585/585/585 552/552/552
f 552/552/552 585/585/585 586/586/586
f 552/552/552 586/586/586 553/553/553
f 553/553/553 586/586/586 587/587/587
f 553/553/553 587/587/587 554/554/554
f 554/554/554 587/587/587 588/588/588
f 554/554/554 588/588/588 555/555/555
f 555/555/555 588/588/588 589/589/589
f 555/555/555 589/589/589 556/556/556
f 556/556/556 589/589/589 590/590/590
f 556/556/556 590/590/590 557/557/557
f 557/557/557 590/590/590 591/591/591
f 557/557/557 591/591/591 558/558/558
f 558/558/558 591/591/591 592/592/592
f 558/558/558 592/592/592 559/559/559
f 559/559/559 592/592/592 593/593/593
f 559/559/559 593/593/593 560/560/560
f 560/560/560 593/593/593 594/594/594
f 560/560/560 594/594/594 561/561/561
f 562/562/562 595/595/595 596/596/596
f 562/562/562 596/596/596 563/563/563
f 563/563/563 596/596/596 597/597/597
f 563/563/563 597/597/597 564/564/564
f 564/564/564 597/597/597 598/598/598
f 564/564/564 598/598/598 565/565/565
f 565/565/565 598/598/598 599/599/599
f 565/565/565 599/599/599 566/566/566
f 566/566/566 599/599/599 600/600/600
f 566/566/566 600/600/600 567/567/567
f 567/567/567 600/600/600 601/601/601
f 567/567/567 601/601/601 568/568/568
f 568/568/568 601/601/601 602/602/602
f 568/568/568 602/602/602 569/569/569
f 569/569/569 602/602/602 603/603/603
f 569/569/569 603/603/603 570/570/570
f 570/570/570 603/603/603 604/604/604
f 570/570/570 604/604/604 571/571/571
f 571/571/571 604/604/604 605/605/605
f 571/571/571 605/605/605 572/572/572
f 572/572/572 605/605/605 606/606/606
f 572/572/572 606/606/606 573/573/573
f 573/573/573 606/606/606 607/607/607
f 573/573/573 607/607/607 574/574/574
f 574/574/574 607/607/607 608/608/608
f 574/574/574 608/608/608 575/575/575
f 575/575/575 608/608/608 609/609/609
f 575/575/575 609/609/609 576/576/576
f 576/576/576 609/609/609 610/610/610
f 576/576/576 610/610/610 577/577/577
f 577/577/577 610/610/610 611/611/611
f 577/577/577 611/611/611 578/578/578
f 578/578/578 611/611/611 612/612/612
f 578/578/578 612/612/612 579/579/579
f 579/579/579 612/612/612 613/613/613
f 579/579/579 613/613/613 580/580/580
f 580/580/580 613/613/613 614/614/614
f 580/580/580 614/614/614 581/581/581
f 581/581/581 614/614/614 615/615/615
f 581/581/581 615/615/615 582/582/582
f 582/582/582 615/615/615 616/616/616
f 582/582/582 616/616/616 583/583/583
f 583/583/583 616/616/616 617/617/617
f 583/583/583 617/617/617 584/584/584
f 584/584/584 617/617/617 618/618/618
f 584/584/584 618/618/618 585/585/585
f 585/585/585 618/618/618 619/619/619
f 585/585/585 619/619/619 586/586/586
f 586/586/586 619/619/619 620/620/620
f 586/586/586 620/620/620 587/587/587
f 587/587/587 620/620/620 621/621/621
f 587/587/587 621/621/621 588/588/588
f 588/588/588 621/621/621 622/622/622
f 588/588/588 622/622/622 589/589/589
f 589/589/589 622/622/622 623/623/623
f 589/589/589 623/623/623 590/590/590
f 590/590/590 623/623/623 624/624/624
f 590/590/590 624/624/624 591/591/591
f 591/591/591 624/624/624 625/625/625
f 591/591/591 625/625/625 592/592/592
f 592/592/592 625/625/625 626/626/626
f 592/592/592 626/626/626 593/593/593
f 593/593/593 626/626/626 627/627/627
f 593/593/593 627/627/627 594/594/594
f 595/595/595 628/628/628 629/629/629
f 595/595/595 629/629/629 596/596/596
f 596/596/596 629/629/629 630/630/630
f 596/596/596 630/630/630 597/597/597
f 597/597/597 630/630/630 631/631/631
f 597/597/597 631/631/631 598/598/598
f 598/598/598 631/631/631 632/632/632
f 598/598/598 632/632/632 599/599/599
f 599/599/599 632/632/632 633/633/633
f 599/599/599 633/633/633 600/600/600
f 600/600/600 633/633/633 634/634/634
f 600/600/600 634/634/634 601/601/601
f 601/601/601 634/634/634 635/635/635
f 601/601/601 635/635/635 602/602/602
f 602/602/602 635/635/635 636/636/636
f 602/602/602 636/636/636 603/603/603
f 603/603/603 636/636/636 637/637/637
f 603/603/603 637/637/637 604/604/604
f 604/604/604 637/637/637 638/638/638
f 604/604/604 638/638/638 605/605/605
f 605/605/605 638/638/638 639/639/639
f 605/605/605 639/639/639 606/606/606
f 606/606/606 639/639/639 640/640/640
f 606/606/606 640/640/640 607/607/607
f 607/607/607 640/640/640 641/641/641
f 607/607/607 641/641/641 608/608/608
f 608/608/608 641/641/641 642/642/642
f 608/608/608 642/642/642 609/609/609
f 609/609/609 642/642/642 643/643/643
f 609/609/609 643/643/643 610/610/610
f 610/610/610 643/643/643 644/644/644
f 610/610/610 644/644/644 611/611/611
f 611/611/611 644/644/644 645/645/645
f 611/611/611 645/645/645 612/612/612
f 612/612/612 645/645/645 646/646/646
f 612/612/612 646/646/646 613/613/613
f 613/613/613 646/646/646 647/647/647
f 613/613/613 647/647/647 614/614/614
f 614/614/614 647/647/647 648/648/648
f 614/614/614 648/648/648 615/615/615
f 615/615/615 648/648/648 649/649/649
f 615/615/615 649/649/649 616/616/616
f 616/616/616 649/649/649 650/650/650
f 616/616/616 650/650/650 617/617/617
f 617/617/617 650/650/650 651/651/651
f 617/617/617 651/651/651 618/618/618
f 618/618/618 651/651/651 652/652/652
f 618/618/618 652/652/652 619/619/619
f 619/619/619 652/652/652 653/653/653
f 619/619/619 653/653/653 620/620/620
f 620/620/620 653/653/653 654/654/654
f 620/620/620 654/654/654 621/621/621
f 621/621/621 654/654/654 655/655/655
f 621/621/621 655/655/655 622/622/622
f 622/622/622 655/655/655 656/656/656
f 622/622/622 656/656/656 623/623/623
f 623/623/623 656/656/656 657/657/657
f 623/623/623 657/657/657 624/624/624
f 624/624/624 657/657/657 658/658/658
f 624/624/624 658/658/658 625/625/625
f 625/625/625 658/658/658 659/659/659
f 625/625/625 659/659/659 626/626/626
f 626/626/626 659/659/659 660/660/660
f 626/626/626 660/660/660 627/627/627
f 628/628/628 661/661/661 662/662/662
f 628/628/628 662/662/662 629/629/629
f 629/629/629 662/662/662 663/663/663
f 629/629/629 663/663/663 630/630/630
f 630/630/630 663/663/663 664/664/664
f 630/630/630 664/664/664 631/631/631
f 631/631/631 664/664/664 665/665/665
f 631/631/631 665/665/665 632/632/632
f 632/632/632 665/665/665 666/666/666
f 632/632/632 666/666/666 633/633/633
f 633/633/633 666/666/666 667/667/667
f 633/633/633 667/667/667 634/634/634
f 634/634/634 667/667/667 668/668/668
f 634/634/634 668/668/668 635/635/635
f 635/635/635 668/668/668 669/669/669
f 635/635/635 669/669/669 636/636/636
f 636/636/636 669/669/669 670/670/670
f 636/636/636 670/670/670 637/637/637
f 637/637/637 670/670/670 671/671/671
f 637/637/637 671/671/671 638/638/638
f 638/638/638 671/671/671 672/672/672
f 638/638/638 672/672/672 639/639/639
f 639/639/639 672/672/672 673/673/673
f 639/639/639 673/673/673 640/640/640
f 640/640/640 673/673/673 674/674/674
f 640/640/640 674/674/674 641/641/641
f 641/641/641 674/674/674 675/675/675
f 641/641/641 675/675/675 642/642/642
f 642/642/642 675/675/675 676/676/676
f 642/642/642 676/676/676 643/643/643
f 643/643/643 676/676/676 677/677/677
f 643/643/643 677/677/677 644/644/644
f 644/644/644 677/677/677 678/678/678
f 644/644/644 678/678/678 645/645/645
f 645/645/645 678/678/678 679/679/679
f 645/645/645 679/679/679 646/646/646
f 646/646/646 679/679/679 680/680/680
f 646/646/646 680/680/680 647/647/647
f 647/647/647 680/680/680 681/681/681
f 647/647/647 681/681/681 648/648/648
f 648/648/648 681/681/681 682/682/682
f 648/648/648 682/682/682 649/649/649
f 649/649/649 682/682/682 683/683/683
f 649/649/649 683/683/683 650/650/650
f 650/650/650 683/683/683 684/684/684
f 650/650/650 684/684/684 651/651/651
f 651/651/651 684/684/684 685/685/685
f 651/651/651 685/685/685 652/652/652
f 652/652/652 685/685/685 686/686/686
f 652/652/652 686/686/686 653/653/653
f 653/653/653 686/686/686 687/687/687
f 653/653/653 687/687/687 654/654/654
f 654/654/654 687/687/687 688/688/688
f 654/654/654 688/688/688 655/655/655
f 655/655/655 688/688/688 689/689/689
f 655/655/655 689/689/689 656/656/656
f 656/656/656 689/689/689 690/690/690
f 656/656/656 690/690/690 657/657/657
f 657/657/657 690/690/690 691/691/691
f 657/657/657 691/691/691 658/658/658
f 658/658/658 691/691/691 692/692/692
f 658/658/658 692/692/692 659/659/659
f 659/659/659 692/692/692 693/693/693
f 659/659/659 693/693/693 660/660/660
f 661/661/661 694/694/694 695/695/695
f 661/661/661 695/695/695 662/662/662
f 662/662/662 695/695/695 696/696/696
f 662/662/662 696/696/696 663/663/663
f 663/663/663 696/696/696 697/697/697
f 663/663/663 697/697/697 664/664/664
f 664/664/664 697/697/697 698/698/698
f 664/664/664 698/698/698 665/665/665
f 665/665/665 698/698/698 699/699/699
f 665/665/665 699/699/699 666/666/666
f 666/666/666 699/699/699 700/700/700
f 666/666/666 700/700/700 667/667/667
f 667/667/667 700/700/700 701/701/701
f 667/667/667 701/701/701 668/668/668
f 668/668/668 701/701/701 702/702/702
f 668/668/668 702/702/702 669/669/669
f 669/669/669 702/702/702 703/703/703
f 669/669/669 703/703/703 670/670/670
f 670/670/670 703/703/703 704/704/704
f 670/670/670 704/704/704 671/671/671
f 671/671/671 704/704/704 705/705/705
f 671/671/671 705/705/705 672/672/672
f 672/672/672 705/705/705 706/706/706
f 672/672/672 706/706/706 673/673/673
f 673/673/673 706/706/706 707/707/707
f 673/673/673 707/707/707 674/674/674
f 674/674/674 707/707/707 708/708/708
f 674/674/674 708/708/708 675/675/675
f 675/675/675 708/708/708 709/709/709
f 675/675/675 709/709/709 676/676/676
f 676/676/676 709/709/709 710/710/710
f 676/676/676 710/710/710 677/677/677
f 677/677/677 710/710/710 711/711/711
f 677/677/677 711/711/711 678/678/678
f 678/678/678 711/711/711 712/712/712
f 678/678/678 712/712/712 679/679/679
f 679/679/679 712/712/712 713/713/713
f 679/679/679 713/713/713 680/680/680
f 680/680/680 713/713/713 714/714/714
f 680/680/680 714/714/714 681/681/681
f 681/681/681 714/714/714 715/715/715
f 681/681/681 715/715/715 682/682/682
f 682/682/682 715/715/715 716/716/716
f 682/682/682 716/716/716 683/683/683
f 683/683/683 716/716/716 717/717/717
f 683/683/683 717/717/717 684/684/684
f 684/684/684 717/717/717 718/718/718
f 684/684/684 718/718/718 685/685/685
f 685/685/685 718/718/718 719/719/719
f 685/685/685 719/719/719 686/686/686
f 686/686/686 719/719/719 720/720/720
f 686/686/686 720/720/720 687/687/687
f 687/687/687 720/720/720 721/721/721
f 687/687/687 721/721/721 688/688/688
f 688/688/688 721/721/721 722/722/722
f 688/688/688 722/722/722 689/689/689
f 689/689/689 722/722/722 723/723/723
f 689/689/689 723/723/723 690/690/690
f 690/690/690 723/723/723 724/724/724
f 690/690/690 724/724/724 691/691/691
f 691/691/691 724/724/724 725/725/725
f 691/691/691 725/725/725 692/692/692
f 692/692/692 725/725/725 726/726/726
f 692/692/692 726/726/726 693/693/693
f 694/694/694 727/727/727 728/728/728
f 694/694/694 728/728/728 695/695/695
f 695/695/695 728/728/728 729/729/729
f 695/695/695 729/729/729 696/696/696
f 696/696/696 729/729/729 730/730/730
f 696/696/696 730/730/730 697/697/697
f 697/697/697 730/730/730 731/731/731
f 697/697/697 731/731/731 698/698/698
f 698/698/698 731/731/731 732/732/732
f 698/698/698 732/732/732 699/699/699
f 699/699/699 732/732/732 733/733/733
f 699/699/699 733/733/733 700/700/700
f 700/700/700 733/733/733 734/734/734
f 700/700/700 734/734/734 701/701/701
f 701/701/701 734/734/734 735/735/735
f 701/701/701 735/735/735 702/702/702
f 702/702/702 735/735/735 736/736/736
f 702/702/702 736/736/736 703/703/703
f 703/703/703 736/736/736 737/737/737
f 703/703/703 737/737/737 704/704/704
f 704/704/704 737/737/737 738/738/738
f 704/704/704 738/738/738 705/705/705
f 705/705/705 738/738/738 739/739/739
f 705/705/705 739/739/739 706/706/706
f 706/706/706 739/739/739 740/740/740
f 706/706/706 740/740/740 707/707/707
f 707/707/707 740/740/740 741/741/741
f 707/707/707 741/741/741 708/708/708
f 708/708/708 741/741/741 742/742/742
f 708/708/708 742/742/742 709/709/709
f 709/709/709 742/742/742 743/743/743
f 709/709/709 743/743/743 710/710/710
f 710/710/710 743/743/743 744/744/744
f 710/710/710 744/744/744 711/711/711
f 711/711/711 744/744/744 745/745/745
f 711/711/711 745/745/745 712/712/712
f 712/712/712 745/745/745 746/746/746
f 712/712/712 746/746/746 713/713/713
f 713/713/713 746/746/746 747/747/747
f 713/713/713 747/747/747 714/714/714
f 714/714/714 747/747/747 748/748/748
f 714/714/714 748/748/748 715/715/715
f 715/715/715 748/748/748 749/749/749
f 715/715/715 749/749/749 716/716/716
f 716/716/716 749/749/749 750/750/750
f 716/716/716 750/750/750 717/717/717
f 717/717/717 750/750/750 751/751/751
f 717/717/717 751/751/751 718/718/718
f 718/718/718 751/751/751 752/752/752
f 718/718/718 752/752/752 719/719/719
f 719/719/719 752/752/752 753/753/753
f 719/719/719 753/753/753 720/720/720
f 720/720/720 753/753/753 754/754/754
f 720/720/720 754/754/754 721/721/721
f 721/721/721 754/754/754 755/755/755
f 721/721/721 755/755/755 722/722/722
f 722/722/722 755/755/755 756/756/756
f 722/722/722 756/756/756 723/723/723
f 723/723/723 756/756/756 757/757/757
f 723/723/723 757/757/757 724/724/724
f 724/724/724 757/757/757 758/758/758
f 724/724/724 758/758/758 725/725/725
f 725/725/725 758/758/758 759/759/759
f 725/725/725 759/759/759 726/726/726
f 727/727/727 760/760/760 761/761/761
f 727/727/727 761/761/761 728/728/728
f 728/728/728 761/761/761 762/762/762
f 728/728/728 762/762/762 729/729/729
f 729/729/729 762/762/762 763/763/763
f 729/729/729 763/763/763 730/730/730
f 730/730/730 763/763/763 764/764/764
f 730/730/730 764/764/764 731/731/731
f 731/731/731 764/764/764 765/765/765
f 731/731/731 765/765/765 732/732/732
f 732/732/732 765/765/765 766/766/766
f 732/732/732 766/766/766 733/733/733
f 733/733/733 766/766/766 767/767/767
f 733/733/733 767/767/767 734/734/734
f 734/734/734 767/767/767 768/768/768
f 734/734/734 768/768/768 735/735/735
f 735/735/735 768/768/768 769/769/769
f 735/735/735 769/769/769 736/736/736
f 736/736/736 769/769/769 770/770/770
f 736/736/736 770/770/770 737/737/737
f 737/737/737 770/770/770 771/771/771
f 737/737/737 771/771/771 738/738/738
f 738/738/738 771/771/771 772/772/772
f 738/738/738 772/772/772 739/739/739
f 739/739/739 772/772/772 773/773/773
f 739/739/739 773/773/773 740/740/740
f 740/740/740 773/773/773 774/774/774
f 740/740/740 774/774/774 741/741/741
f 741/741/741 774/774/774 775/775/775
f 741/741/741 775/775/775 742/742/742
f 742/742/742 775/775/775 776/776/776
f 742/742/742 776/776/776 743/743/743
f 743/743/743 776/776/776 777/777/777
f 743/743/743 777/777/777 744/744/744
f 744/744/744 777/777/777 778/778/778
f 744/744/744 778/778/778 745/745/745
f 745/745/745 778/778/778 779/779/779
f 745/745/745 779/779/779 746/746/746
f 746/746/746 779/779/779 780/780/780
f 746/746/746 780/780/780 747/747/747
f 747/747/747 780/780/780 781/781/781
f 747/747/747 781/781/781 748/748/748
f 748/748/748 781/781/781 782/782/782
f 748/748/748 782/782/782 749/749/749
f 749/749/749 782/782/782 783/783/783
f 749/749/749 783/783/783 750/750/750
f 750/750/750 783/783/783 784/784/784
f 750/750/750 784/784/784 751/751/751
f 751/751/751 784/784/784 785/785/785
f 751/751/751 785/785/785 752/752/752
f 752/752/752 785/785/785 786/786/786
f 752/752/752 786/786/786 753/753/753
f 753/753/753 786/786/786 787/787/787
f 753/753/753 787/787/787 754/754/754
f 754/754/754 787/787/787 788/788/788
f 754/754/754 788/788/788 755/755/755
f 755/755/755 788/788/788 789/789/789
f 755/755/755 789/789/789 756/756/756
f 756/756/756 789/789/789 790/790/790
f 756/756/756 790/790/790 757/757/757
f 757/757/757 790/790/790 791/791/791
f 757/757/757 791/791/791 758/758/758
f 758/758/758 791/791/791 792/792/792
f 758/758/758 792/792/792 759/759/759
f 760/760/760 793/793/793 794/794/794
f 760/760/760 794/794/794 761/761/761
f 761/761/761 794/794/794 795/795/795
f 761/761/761 795/795/795 762/762/762
f 762/762/762 795/795/795 796/796/796
f 762/762/762 796/796/796 763/763/763
f 763/763/763 796/796/796 797/797/797
f 763/763/763 797/797/797 764/764/764
f 764/764/764 797/797/797 798/798/798
f 764/764/764 798/798/798 765/765/765
f 765/765/765 798/798/798 799/799/799
f 765/765/765 799/799/799 766/766/766
f 766/766/766 799/799/799 800/800/800
f 766/766/766 800/800/800 767/767/767
f 767/767/767 800/800/800 801/801/801
f 767/767/767 801/801/801 768/768/768
f 768/768/768 801/801/801 802/802/802
f 768/768/768 802/802/802 769/769/769
f 769/769/769 802/802/802 803/803/803
f 769/769/769 803/803/803 770/770/770
f 770/770/770 803/803/803 804/804/804
f 770/770/770 804/804/804 771/771/771
f 771/771/771 804/804/804 805/805/805
f 771/771/771 805/805/805 772/772/772
f 772/772/772 805/805/805 806/806/806
f 772/772/772 806/806/806 773/773/773
f 773/773/773 806/806/806 807/807/807
f 773/773/773 807/807/807 774/774/774
f 774/774/774 807/807/807 808/808/808
f 774/774/774 808/808/808 775/775/775
f 775/775/775 808/808/808 809/809/809
f 775/775/775 809/809/809 776/776/776
f 776/776/776 809/809/809 810/810/810
f 776/776/776 810/810/810 777/777/777
f 777/777/777 810/810/810 811/811/811
f 777/777/777 811/811/811 778/778/778
f 778/778/778 811/811/811 812/812/812
f 778/778/778 812/812/812 779/779/779
f 779/779/779 812/812/812 813/813/813
f 779/779/779 813/813/813 780/780/780
f 780/780/780 813/813/813 814/814/814
f 780/780/780 814/814/814 781/781/781
f 781/781/781 814/814/814 815/815/815
f 781/781/781 815/815/815 782/782/782
f 782/782/782 815/815/815 816/816/816
f 782/782/782 816/816/816 783/783/783
f 783/783/783 816/816/816 817/817/817
f 783/783/783 817/817/817 784/784/784
f 784/784/784 817/817/817 818/818/818
f 784/784/784 818/818/818 785/785/785
f 785/785/785 818/818/818 819/819/819
f 785/785/785 819/819/819 786/786/786
f 786/786/786 819/819/819 820/820/820
f 786/786/786 820/820/820 787/787/787
f 787/787/787 820/820/820 821/821/821
f 787/787/787 821/821/821 788/788/788
f 788/788/788 821/821/821 822/822/822
f 788/788/788 822/822/822 789/789/789
f 789/789/789 822/822/822 823/823/823
f 789/789/789 823/823/823 790/790/790
f 790/790/790 823/823/823 824/824/824
f 790/790/790 824/824/824 791/791/791
f 791/791/791 824/824/824 825/825/825
f 791/791/791 825/825/825 792/792/792
f 793/793/793 826/826/826 827/827/827
f 793/793/793 827/827/827 794/794/794
f 794/794/794 827/827/827 828/828/828
f 794/794/794 828/828/828 795/795/795
f 795/795/795 828/828/828 829/829/829
f 795/795/795 829/829/829 796/796/796
f 796/796/796 829/829/829 830/830/830
f 796/796/796 830/830/830 797/797/797
f 797/797/797 830/830/830 831/831/831
f 797/797/797 831/831/831 798/798/798
f 798/798/798 831/831/831 832/832/832
f 798/798/798 832/832/832 799/799/799
f 799/799/799 832/832/832 833/833/833
f 799/799/799 833/833/833 800/800/800
f 800/800/800 833/833/833 834/834/834
f 800/800/800 834/834/834 801/801/801
f 801/801/801 834/834/834 835/835/835
f 801/801/801 835/835/835 802/802/802
f 802/802/802 835/835/835 836/836/836
f 802/802/802 836/836/836 803/803/803
f 803/803/803 836/836/836 837/837/837
f 803/803/803 837/837/837 804/804/804
f 804/804/804 837/837/837 838/838/838
f 804/804/804 838/838/838 805/805/805
f 805/805/805 838/838/838 839/839/839
f 805/805/805 839/839/839 806/806/806
f 806/806/806 839/839/839 840/840/840
f 806/806/806 840/840/840 807/807/807
f 807/807/807 840/840/840 841/841/841
f 807/807/807 841/841/841 808/808/808
f 808/808/808 841/841/841 842/842/842
f 808/808/808 842/842/842 809/809/809
f 809/809/809 842/842/842 843/843/843
f 809/809/809 843/843/843 810/810/810
f 810/810/810 843/843/843 844/844/844
f 810/810/810 844/844/844 811/811/811
f 811/811/811 844/844/844 845/845/845
f 811/811/811 845/845/845 812/812/812
f 812/812/812 845/845/845 846/846/846
f 812/812/812 846/846/846 813/813/813
f 813/813/813 846/846/846 847/847/847
f 813/813/813 847/847/847 814/814/814
f 814/814/814 847/847/847 848/848/848
f 814/814/814 848/848/848 815/815/815
f 815/815/815 848/848/848 849/849/849
f 815/815/815 849/849/849 816/816/816
f 816/816/816 849/849/849 850/850/850
f 816/816/816 850/850/850 817/817/817
f 817/817/817 850/850/850 851/851/851
f 817/817/817 851/851/851 818/818/818
f 818/818/818 851/851/851 852/852/852
f 818/818/818 852/852/852 819/819/819
f 819/819/819 852/852/852 853/853/853
f 819/819/819 853/853/853 820/820/820
f 820/820/820 853/853/853 854/854/854
f 820/820/820 854/854/854 821/821/821
f 821/821/821 854/854/854 855/855/855
f 821/821/821 855/855/855 822/822/822
f 822/822/822 855/855/855 856/856/856
f 822/822/822 856/856/856 823/823/823
f 823/823/823 856/856/856 857/857/857
f 823/823/823 857/857/857 824/824/824
f 824/824/824 857/857/857 858/858/858
f 824/824/824 858/858/858 825/825/825
