# Demon Slayer VFX Pack - SM_VFX_Wave_Curl (unites : cm, +X avant, +Z haut dans Unreal)
o SM_VFX_Wave_Curl
v -130.0000 0.0000 300.0000
v -135.8333 0.0000 275.0000
v -141.6667 0.0000 250.0000
v -147.5000 0.0000 225.0000
v -153.3333 0.0000 200.0000
v -159.1667 0.0000 175.0000
v -165.0000 0.0000 150.0000
v -170.8333 0.0000 125.0000
v -176.6667 0.0000 100.0000
v -182.5000 0.0000 75.0000
v -188.3333 0.0000 50.0000
v -194.1667 0.0000 25.0000
v -200.0000 0.0000 -0.0000
v -194.1667 0.0000 -25.0000
v -188.3333 0.0000 -50.0000
v -182.5000 0.0000 -75.0000
v -176.6667 0.0000 -100.0000
v -170.8333 0.0000 -125.0000
v -165.0000 0.0000 -150.0000
v -159.1667 0.0000 -175.0000
v -153.3333 0.0000 -200.0000
v -147.5000 0.0000 -225.0000
v -141.6667 0.0000 -250.0000
v -135.8333 0.0000 -275.0000
v -130.0000 0.0000 -300.0000
v -121.1364 3.2607 300.0000
v -126.5720 3.4070 275.0000
v -132.0076 3.5533 250.0000
v -137.4432 3.6996 225.0000
v -142.8788 3.8459 200.0000
v -148.3144 3.9922 175.0000
v -153.7500 4.1385 150.0000
v -159.1856 4.2848 125.0000
v -164.6212 4.4312 100.0000
v -170.0568 4.5775 75.0000
v -175.4924 4.7238 50.0000
v -180.9280 4.8701 25.0000
v -186.3636 5.0164 -0.0000
v -180.9280 4.8701 -25.0000
v -175.4924 4.7238 -50.0000
v -170.0568 4.5775 -75.0000
v -164.6212 4.4312 -100.0000
v -159.1856 4.2848 -125.0000
v -153.7500 4.1385 -150.0000
v -148.3144 3.9922 -175.0000
v -142.8788 3.8459 -200.0000
v -137.4432 3.6996 -225.0000
v -132.0076 3.5533 -250.0000
v -126.5720 3.4070 -275.0000
v -121.1364 3.2607 -300.0000
v -112.2727 8.6049 300.0000
v -117.3106 8.9910 275.0000
v -122.3485 9.3772 250.0000
v -127.3864 9.7633 225.0000
v -132.4242 10.1494 200.0000
v -137.4621 10.5355 175.0000
v -142.5000 10.9216 150.0000
v -147.5379 11.3078 125.0000
v -152.5758 11.6939 100.0000
v -157.6136 12.0800 75.0000
v -162.6515 12.4661 50.0000
v -167.6894 12.8522 25.0000
v -172.7273 13.2383 -0.0000
v -167.6894 12.8522 -25.0000
v -162.6515 12.4661 -50.0000
v -157.6136 12.0800 -75.0000
v -152.5758 11.6939 -100.0000
v -147.5379 11.3078 -125.0000
v -142.5000 10.9216 -150.0000
v -137.4621 10.5355 -175.0000
v -132.4242 10.1494 -200.0000
v -127.3864 9.7633 -225.0000
v -122.3485 9.3772 -250.0000
v -117.3106 8.9910 -275.0000
v -112.2727 8.6049 -300.0000
v -103.4091 15.1801 300.0000
v -108.0492 15.8613 275.0000
v -112.6894 16.5424 250.0000
v -117.3295 17.2236 225.0000
v -121.9697 17.9047 200.0000
v -126.6098 18.5859 175.0000
v -131.2500 19.2671 150.0000
v -135.8902 19.9482 125.0000
v -140.5303 20.6294 100.0000
v -145.1705 21.3105 75.0000
v -149.8106 21.9917 50.0000
v -154.4508 22.6729 25.0000
v -159.0909 23.3540 -0.0000
v -154.4508 22.6729 -25.0000
v -149.8106 21.9917 -50.0000
v -145.1705 21.3105 -75.0000
v -140.5303 20.6294 -100.0000
v -135.8902 19.9482 -125.0000
v -131.2500 19.2671 -150.0000
v -126.6098 18.5859 -175.0000
v -121.9697 17.9047 -200.0000
v -117.3295 17.2236 -225.0000
v -112.6894 16.5424 -250.0000
v -108.0492 15.8613 -275.0000
v -103.4091 15.1801 -300.0000
v -94.5455 22.7085 300.0000
v -98.7879 23.7275 275.0000
v -103.0303 24.7465 250.0000
v -107.2727 25.7655 225.0000
v -111.5152 26.7844 200.0000
v -115.7576 27.8034 175.0000
v -120.0000 28.8224 150.0000
v -124.2424 29.8413 125.0000
v -128.4848 30.8603 100.0000
v -132.7273 31.8793 75.0000
v -136.9697 32.8983 50.0000
v -141.2121 33.9172 25.0000
v -145.4545 34.9362 -0.0000
v -141.2121 33.9172 -25.0000
v -136.9697 32.8983 -50.0000
v -132.7273 31.8793 -75.0000
v -128.4848 30.8603 -100.0000
v -124.2424 29.8413 -125.0000
v -120.0000 28.8224 -150.0000
v -115.7576 27.8034 -175.0000
v -111.5152 26.7844 -200.0000
v -107.2727 25.7655 -225.0000
v -103.0303 24.7465 -250.0000
v -98.7879 23.7275 -275.0000
v -94.5455 22.7085 -300.0000
v -85.6818 31.0358 300.0000
v -89.5265 32.4285 275.0000
v -93.3712 33.8211 250.0000
v -97.2159 35.2137 225.0000
v -101.0606 36.6064 200.0000
v -104.9053 37.9990 175.0000
v -108.7500 39.3916 150.0000
v -112.5947 40.7842 125.0000
v -116.4394 42.1769 100.0000
v -120.2841 43.5695 75.0000
v -124.1288 44.9621 50.0000
v -127.9735 46.3548 25.0000
v -131.8182 47.7474 -0.0000
v -127.9735 46.3548 -25.0000
v -124.1288 44.9621 -50.0000
v -120.2841 43.5695 -75.0000
v -116.4394 42.1769 -100.0000
v -112.5947 40.7842 -125.0000
v -108.7500 39.3916 -150.0000
v -104.9053 37.9990 -175.0000
v -101.0606 36.6064 -200.0000
v -97.2159 35.2137 -225.0000
v -93.3712 33.8211 -250.0000
v -89.5265 32.4285 -275.0000
v -85.6818 31.0358 -300.0000
v -76.8182 40.0606 300.0000
v -80.2652 41.8581 275.0000
v -83.7121 43.6557 250.0000
v -87.1591 45.4533 225.0000
v -90.6061 47.2509 200.0000
v -94.0530 49.0485 175.0000
v -97.5000 50.8461 150.0000
v -100.9470 52.6437 125.0000
v -104.3939 54.4413 100.0000
v -107.8409 56.2389 75.0000
v -111.2879 58.0364 50.0000
v -114.7348 59.8340 25.0000
v -118.1818 61.6316 -0.0000
v -114.7348 59.8340 -25.0000
v -111.2879 58.0364 -50.0000
v -107.8409 56.2389 -75.0000
v -104.3939 54.4413 -100.0000
v -100.9470 52.6437 -125.0000
v -97.5000 50.8461 -150.0000
v -94.0530 49.0485 -175.0000
v -90.6061 47.2509 -200.0000
v -87.1591 45.4533 -225.0000
v -83.7121 43.6557 -250.0000
v -80.2652 41.8581 -275.0000
v -76.8182 40.0606 -300.0000
v -67.9545 49.7099 300.0000
v -71.0038 51.9404 275.0000
v -74.0530 54.1710 250.0000
v -77.1023 56.4016 225.0000
v -80.1515 58.6321 200.0000
v -83.2008 60.8627 175.0000
v -86.2500 63.0933 150.0000
v -89.2992 65.3238 125.0000
v -92.3485 67.5544 100.0000
v -95.3977 69.7850 75.0000
v -98.4470 72.0156 50.0000
v -101.4962 74.2461 25.0000
v -104.5455 76.4767 -0.0000
v -101.4962 74.2461 -25.0000
v -98.4470 72.0156 -50.0000
v -95.3977 69.7850 -75.0000
v -92.3485 67.5544 -100.0000
v -89.2992 65.3238 -125.0000
v -86.2500 63.0933 -150.0000
v -83.2008 60.8627 -175.0000
v -80.1515 58.6321 -200.0000
v -77.1023 56.4016 -225.0000
v -74.0530 54.1710 -250.0000
v -71.0038 51.9404 -275.0000
v -67.9545 49.7099 -300.0000
v -59.0909 59.9282 300.0000
v -61.7424 62.6173 275.0000
v -64.3939 65.3064 250.0000
v -67.0455 67.9954 225.0000
v -69.6970 70.6845 200.0000
v -72.3485 73.3736 175.0000
v -75.0000 76.0627 150.0000
v -77.6515 78.7518 125.0000
v -80.3030 81.4409 100.0000
v -82.9545 84.1300 75.0000
v -85.6061 86.8190 50.0000
v -88.2576 89.5081 25.0000
v -90.9091 92.1972 -0.0000
v -88.2576 89.5081 -25.0000
v -85.6061 86.8190 -50.0000
v -82.9545 84.1300 -75.0000
v -80.3030 81.4409 -100.0000
v -77.6515 78.7518 -125.0000
v -75.0000 76.0627 -150.0000
v -72.3485 73.3736 -175.0000
v -69.6970 70.6845 -200.0000
v -67.0455 67.9954 -225.0000
v -64.3939 65.3064 -250.0000
v -61.7424 62.6173 -275.0000
v -59.0909 59.9282 -300.0000
v -50.2273 70.6716 300.0000
v -52.4811 73.8427 275.0000
v -54.7348 77.0139 250.0000
v -56.9886 80.1850 225.0000
v -59.2424 83.3562 200.0000
v -61.4962 86.5274 175.0000
v -63.7500 89.6985 150.0000
v -66.0038 92.8697 125.0000
v -68.2576 96.0408 100.0000
v -70.5114 99.2120 75.0000
v -72.7652 102.3832 50.0000
v -75.0189 105.5543 25.0000
v -77.2727 108.7255 -0.0000
v -75.0189 105.5543 -25.0000
v -72.7652 102.3832 -50.0000
v -70.5114 99.2120 -75.0000
v -68.2576 96.0408 -100.0000
v -66.0038 92.8697 -125.0000
v -63.7500 89.6985 -150.0000
v -61.4962 86.5274 -175.0000
v -59.2424 83.3562 -200.0000
v -56.9886 80.1850 -225.0000
v -54.7348 77.0139 -250.0000
v -52.4811 73.8427 -275.0000
v -50.2273 70.6716 -300.0000
v -41.3636 81.9040 300.0000
v -43.2197 85.5792 275.0000
v -45.0758 89.2544 250.0000
v -46.9318 92.9296 225.0000
v -48.7879 96.6047 200.0000
v -50.6439 100.2799 175.0000
v -52.5000 103.9551 150.0000
v -54.3561 107.6303 125.0000
v -56.2121 111.3055 100.0000
v -58.0682 114.9806 75.0000
v -59.9242 118.6558 50.0000
v -61.7803 122.3310 25.0000
v -63.6364 126.0062 -0.0000
v -61.7803 122.3310 -25.0000
v -59.9242 118.6558 -50.0000
v -58.0682 114.9806 -75.0000
v -56.2121 111.3055 -100.0000
v -54.3561 107.6303 -125.0000
v -52.5000 103.9551 -150.0000
v -50.6439 100.2799 -175.0000
v -48.7879 96.6047 -200.0000
v -46.9318 92.9296 -225.0000
v -45.0758 89.2544 -250.0000
v -43.2197 85.5792 -275.0000
v -41.3636 81.9040 -300.0000
v -32.5000 93.5955 300.0000
v -33.9583 97.7953 275.0000
v -35.4167 101.9951 250.0000
v -36.8750 106.1949 225.0000
v -38.3333 110.3947 200.0000
v -39.7917 114.5945 175.0000
v -41.2500 118.7943 150.0000
v -42.7083 122.9941 125.0000
v -44.1667 127.1939 100.0000
v -45.6250 131.3937 75.0000
v -47.0833 135.5935 50.0000
v -48.5417 139.7933 25.0000
v -50.0000 143.9931 -0.0000
v -48.5417 139.7933 -25.0000
v -47.0833 135.5935 -50.0000
v -45.6250 131.3937 -75.0000
v -44.1667 127.1939 -100.0000
v -42.7083 122.9941 -125.0000
v -41.2500 118.7943 -150.0000
v -39.7917 114.5945 -175.0000
v -38.3333 110.3947 -200.0000
v -36.8750 106.1949 -225.0000
v -35.4167 101.9951 -250.0000
v -33.9583 97.7953 -275.0000
v -32.5000 93.5955 -300.0000
v -23.6364 105.7204 300.0000
v -24.6970 110.4643 275.0000
v -25.7576 115.2082 250.0000
v -26.8182 119.9520 225.0000
v -27.8788 124.6959 200.0000
v -28.9394 129.4398 175.0000
v -30.0000 134.1836 150.0000
v -31.0606 138.9275 125.0000
v -32.1212 143.6714 100.0000
v -33.1818 148.4152 75.0000
v -34.2424 153.1591 50.0000
v -35.3030 157.9030 25.0000
v -36.3636 162.6468 -0.0000
v -35.3030 157.9030 -25.0000
v -34.2424 153.1591 -50.0000
v -33.1818 148.4152 -75.0000
v -32.1212 143.6714 -100.0000
v -31.0606 138.9275 -125.0000
v -30.0000 134.1836 -150.0000
v -28.9394 129.4398 -175.0000
v -27.8788 124.6959 -200.0000
v -26.8182 119.9520 -225.0000
v -25.7576 115.2082 -250.0000
v -24.6970 110.4643 -275.0000
v -23.6364 105.7204 -300.0000
v -14.7727 118.2567 300.0000
v -15.4356 123.5631 275.0000
v -16.0985 128.8695 250.0000
v -16.7614 134.1759 225.0000
v -17.4242 139.4823 200.0000
v -18.0871 144.7887 175.0000
v -18.7500 150.0951 150.0000
v -19.4129 155.4015 125.0000
v -20.0758 160.7079 100.0000
v -20.7386 166.0143 75.0000
v -21.4015 171.3207 50.0000
v -22.0644 176.6271 25.0000
v -22.7273 181.9334 -0.0000
v -22.0644 176.6271 -25.0000
v -21.4015 171.3207 -50.0000
v -20.7386 166.0143 -75.0000
v -20.0758 160.7079 -100.0000
v -19.4129 155.4015 -125.0000
v -18.7500 150.0951 -150.0000
v -18.0871 144.7887 -175.0000
v -17.4242 139.4823 -200.0000
v -16.7614 134.1759 -225.0000
v -16.0985 128.8695 -250.0000
v -15.4356 123.5631 -275.0000
v -14.7727 118.2567 -300.0000
v -5.9091 131.1851 300.0000
v -6.1742 137.0716 275.0000
v -6.4394 142.9581 250.0000
v -6.7045 148.8446 225.0000
v -6.9697 154.7311 200.0000
v -7.2348 160.6176 175.0000
v -7.5000 166.5041 150.0000
v -7.7652 172.3907 125.0000
v -8.0303 178.2772 100.0000
v -8.2955 184.1637 75.0000
v -8.5606 190.0502 50.0000
v -8.8258 195.9367 25.0000
v -9.0909 201.8232 -0.0000
v -8.8258 195.9367 -25.0000
v -8.5606 190.0502 -50.0000
v -8.2955 184.1637 -75.0000
v -8.0303 178.2772 -100.0000
v -7.7652 172.3907 -125.0000
v -7.5000 166.5041 -150.0000
v -7.2348 160.6176 -175.0000
v -6.9697 154.7311 -200.0000
v -6.7045 148.8446 -225.0000
v -6.4394 142.9581 -250.0000
v -6.1742 137.0716 -275.0000
v -5.9091 131.1851 -300.0000
v 2.9545 144.4884 300.0000
v 3.0871 150.9718 275.0000
v 3.2197 157.4553 250.0000
v 3.3523 163.9388 225.0000
v 3.4848 170.4222 200.0000
v 3.6174 176.9057 175.0000
v 3.7500 183.3891 150.0000
v 3.8826 189.8726 125.0000
v 4.0152 196.3560 100.0000
v 4.1477 202.8395 75.0000
v 4.2803 209.3229 50.0000
v 4.4129 215.8064 25.0000
v 4.5455 222.2898 -0.0000
v 4.4129 215.8064 -25.0000
v 4.2803 209.3229 -50.0000
v 4.1477 202.8395 -75.0000
v 4.0152 196.3560 -100.0000
v 3.8826 189.8726 -125.0000
v 3.7500 183.3891 -150.0000
v 3.6174 176.9057 -175.0000
v 3.4848 170.4222 -200.0000
v 3.3523 163.9388 -225.0000
v 3.2197 157.4553 -250.0000
v 3.0871 150.9718 -275.0000
v 2.9545 144.4884 -300.0000
v 11.8182 158.1514 300.0000
v 12.3485 165.2480 275.0000
v 12.8788 172.3445 250.0000
v 13.4091 179.4411 225.0000
v 13.9394 186.5376 200.0000
v 14.4697 193.6341 175.0000
v 15.0000 200.7307 150.0000
v 15.5303 207.8272 125.0000
v 16.0606 214.9238 100.0000
v 16.5909 222.0203 75.0000
v 17.1212 229.1168 50.0000
v 17.6515 236.2134 25.0000
v 18.1818 243.3099 -0.0000
v 17.6515 236.2134 -25.0000
v 17.1212 229.1168 -50.0000
v 16.5909 222.0203 -75.0000
v 16.0606 214.9238 -100.0000
v 15.5303 207.8272 -125.0000
v 15.0000 200.7307 -150.0000
v 14.4697 193.6341 -175.0000
v 13.9394 186.5376 -200.0000
v 13.4091 179.4411 -225.0000
v 12.8788 172.3445 -250.0000
v 12.3485 165.2480 -275.0000
v 11.8182 158.1514 -300.0000
v 20.6818 172.1606 300.0000
v 21.6098 179.8857 275.0000
v 22.5379 187.6109 250.0000
v 23.4659 195.3360 225.0000
v 24.3939 203.0612 200.0000
v 25.3220 210.7863 175.0000
v 26.2500 218.5115 150.0000
v 27.1780 226.2366 125.0000
v 28.1061 233.9618 100.0000
v 29.0341 241.6870 75.0000
v 29.9621 249.4121 50.0000
v 30.8902 257.1373 25.0000
v 31.8182 264.8624 -0.0000
v 30.8902 257.1373 -25.0000
v 29.9621 249.4121 -50.0000
v 29.0341 241.6870 -75.0000
v 28.1061 233.9618 -100.0000
v 27.1780 226.2366 -125.0000
v 26.2500 218.5115 -150.0000
v 25.3220 210.7863 -175.0000
v 24.3939 203.0612 -200.0000
v 23.4659 195.3360 -225.0000
v 22.5379 187.6109 -250.0000
v 21.6098 179.8857 -275.0000
v 20.6818 172.1606 -300.0000
v 29.5455 186.5034 300.0000
v 30.8712 194.8721 275.0000
v 32.1970 203.2409 250.0000
v 33.5227 211.6096 225.0000
v 34.8485 219.9783 200.0000
v 36.1742 228.3471 175.0000
v 37.5000 236.7158 150.0000
v 38.8258 245.0846 125.0000
v 40.1515 253.4533 100.0000
v 41.4773 261.8221 75.0000
v 42.8030 270.1908 50.0000
v 44.1288 278.5595 25.0000
v 45.4545 286.9283 -0.0000
v 44.1288 278.5595 -25.0000
v 42.8030 270.1908 -50.0000
v 41.4773 261.8221 -75.0000
v 40.1515 253.4533 -100.0000
v 38.8258 245.0846 -125.0000
v 37.5000 236.7158 -150.0000
v 36.1742 228.3471 -175.0000
v 34.8485 219.9783 -200.0000
v 33.5227 211.6096 -225.0000
v 32.1970 203.2409 -250.0000
v 30.8712 194.8721 -275.0000
v 29.5455 186.5034 -300.0000
v 38.4091 201.1686 300.0000
v 40.1326 210.1954 275.0000
v 41.8561 219.2222 250.0000
v 43.5795 228.2490 225.0000
v 45.3030 237.2758 200.0000
v 47.0265 246.3026 175.0000
v 48.7500 255.3294 150.0000
v 50.4735 264.3562 125.0000
v 52.1970 273.3830 100.0000
v 53.9205 282.4098 75.0000
v 55.6439 291.4366 50.0000
v 57.3674 300.4634 25.0000
v 59.0909 309.4902 -0.0000
v 57.3674 300.4634 -25.0000
v 55.6439 291.4366 -50.0000
v 53.9205 282.4098 -75.0000
v 52.1970 273.3830 -100.0000
v 50.4735 264.3562 -125.0000
v 48.7500 255.3294 -150.0000
v 47.0265 246.3026 -175.0000
v 45.3030 237.2758 -200.0000
v 43.5795 228.2490 -225.0000
v 41.8561 219.2222 -250.0000
v 40.1326 210.1954 -275.0000
v 38.4091 201.1686 -300.0000
v 47.2727 216.1460 300.0000
v 49.3939 225.8449 275.0000
v 51.5152 235.5437 250.0000
v 53.6364 245.2426 225.0000
v 55.7576 254.9414 200.0000
v 57.8788 264.6403 175.0000
v 60.0000 274.3391 150.0000
v 62.1212 284.0380 125.0000
v 64.2424 293.7369 100.0000
v 66.3636 303.4357 75.0000
v 68.4848 313.1346 50.0000
v 70.6061 322.8334 25.0000
v 72.7273 332.5323 -0.0000
v 70.6061 322.8334 -25.0000
v 68.4848 313.1346 -50.0000
v 66.3636 303.4357 -75.0000
v 64.2424 293.7369 -100.0000
v 62.1212 284.0380 -125.0000
v 60.0000 274.3391 -150.0000
v 57.8788 264.6403 -175.0000
v 55.7576 254.9414 -200.0000
v 53.6364 245.2426 -225.0000
v 51.5152 235.5437 -250.0000
v 49.3939 225.8449 -275.0000
v 47.2727 216.1460 -300.0000
v 56.1364 231.4260 300.0000
v 58.6553 241.8105 275.0000
v 61.1742 252.1950 250.0000
v 63.6932 262.5795 225.0000
v 66.2121 272.9640 200.0000
v 68.7311 283.3485 175.0000
v 71.2500 293.7330 150.0000
v 73.7689 304.1175 125.0000
v 76.2879 314.5020 100.0000
v 78.8068 324.8865 75.0000
v 81.3258 335.2710 50.0000
v 83.8447 345.6556 25.0000
v 86.3636 356.0401 -0.0000
v 83.8447 345.6556 -25.0000
v 81.3258 335.2710 -50.0000
v 78.8068 324.8865 -75.0000
v 76.2879 314.5020 -100.0000
v 73.7689 304.1175 -125.0000
v 71.2500 293.7330 -150.0000
v 68.7311 283.3485 -175.0000
v 66.2121 272.9640 -200.0000
v 63.6932 262.5795 -225.0000
v 61.1742 252.1950 -250.0000
v 58.6553 241.8105 -275.0000
v 56.1364 231.4260 -300.0000
v 65.0000 247.0000 300.0000
v 67.9167 258.0833 275.0000
v 70.8333 269.1667 250.0000
v 73.7500 280.2500 225.0000
v 76.6667 291.3333 200.0000
v 79.5833 302.4167 175.0000
v 82.5000 313.5000 150.0000
v 85.4167 324.5833 125.0000
v 88.3333 335.6667 100.0000
v 91.2500 346.7500 75.0000
v 94.1667 357.8333 50.0000
v 97.0833 368.9167 25.0000
v 100.0000 380.0000 -0.0000
v 97.0833 368.9167 -25.0000
v 94.1667 357.8333 -50.0000
v 91.2500 346.7500 -75.0000
v 88.3333 335.6667 -100.0000
v 85.4167 324.5833 -125.0000
v 82.5000 313.5000 -150.0000
v 79.5833 302.4167 -175.0000
v 76.6667 291.3333 -200.0000
v 73.7500 280.2500 -225.0000
v 70.8333 269.1667 -250.0000
v 67.9167 258.0833 -275.0000
v 65.0000 247.0000 -300.0000
v 82.9413 242.9111 300.0000
v 86.6631 253.8109 275.0000
v 90.3848 264.7108 250.0000
v 94.1065 275.6106 225.0000
v 97.8282 286.5105 200.0000
v 101.5500 297.4104 175.0000
v 105.2717 308.3102 150.0000
v 108.9934 319.2101 125.0000
v 112.7151 330.1099 100.0000
v 116.4369 341.0098 75.0000
v 120.1586 351.9096 50.0000
v 123.8803 362.8095 25.0000
v 127.6020 373.7094 -0.0000
v 123.8803 362.8095 -25.0000
v 120.1586 351.9096 -50.0000
v 116.4369 341.0098 -75.0000
v 112.7151 330.1099 -100.0000
v 108.9934 319.2101 -125.0000
v 105.2717 308.3102 -150.0000
v 101.5500 297.4104 -175.0000
v 97.8282 286.5105 -200.0000
v 94.1065 275.6106 -225.0000
v 90.3848 264.7108 -250.0000
v 86.6631 253.8109 -275.0000
v 82.9413 242.9111 -300.0000
v 99.0968 235.1073 300.0000
v 103.5434 245.6570 275.0000
v 107.9901 256.2067 250.0000
v 112.4367 266.7564 225.0000
v 116.8834 277.3061 200.0000
v 121.3300 287.8557 175.0000
v 125.7767 298.4054 150.0000
v 130.2233 308.9551 125.0000
v 134.6699 319.5048 100.0000
v 139.1166 330.0545 75.0000
v 143.5632 340.6042 50.0000
v 148.0099 351.1539 25.0000
v 152.4565 361.7036 -0.0000
v 148.0099 351.1539 -25.0000
v 143.5632 340.6042 -50.0000
v 139.1166 330.0545 -75.0000
v 134.6699 319.5048 -100.0000
v 130.2233 308.9551 -125.0000
v 125.7767 298.4054 -150.0000
v 121.3300 287.8557 -175.0000
v 116.8834 277.3061 -200.0000
v 112.4367 266.7564 -225.0000
v 107.9901 256.2067 -250.0000
v 103.5434 245.6570 -275.0000
v 99.0968 235.1073 -300.0000
v 112.7333 224.1686 300.0000
v 117.7919 234.2275 275.0000
v 122.8504 244.2863 250.0000
v 127.9090 254.3452 225.0000
v 132.9675 264.4040 200.0000
v 138.0261 274.4629 175.0000
v 143.0846 284.5217 150.0000
v 148.1431 294.5806 125.0000
v 153.2017 304.6394 100.0000
v 158.2602 314.6983 75.0000
v 163.3188 324.7571 50.0000
v 168.3773 334.8160 25.0000
v 173.4359 344.8748 -0.0000
v 168.3773 334.8160 -25.0000
v 163.3188 324.7571 -50.0000
v 158.2602 314.6983 -75.0000
v 153.2017 304.6394 -100.0000
v 148.1431 294.5806 -125.0000
v 143.0846 284.5217 -150.0000
v 138.0261 274.4629 -175.0000
v 132.9675 264.4040 -200.0000
v 127.9090 254.3452 -225.0000
v 122.8504 244.2863 -250.0000
v 117.7919 234.2275 -275.0000
v 112.7333 224.1686 -300.0000
v 123.2840 210.8106 300.0000
v 128.8159 220.2700 275.0000
v 134.3479 229.7295 250.0000
v 139.8799 239.1889 225.0000
v 145.4119 248.6484 200.0000
v 150.9438 258.1078 175.0000
v 156.4758 267.5673 150.0000
v 162.0078 277.0267 125.0000
v 167.5397 286.4862 100.0000
v 173.0717 295.9456 75.0000
v 178.6037 305.4051 50.0000
v 184.1357 314.8645 25.0000
v 189.6676 324.3240 -0.0000
v 184.1357 314.8645 -25.0000
v 178.6037 305.4051 -50.0000
v 173.0717 295.9456 -75.0000
v 167.5397 286.4862 -100.0000
v 162.0078 277.0267 -125.0000
v 156.4758 267.5673 -150.0000
v 150.9438 258.1078 -175.0000
v 145.4119 248.6484 -200.0000
v 139.8799 239.1889 -225.0000
v 134.3479 229.7295 -250.0000
v 128.8159 220.2700 -275.0000
v 123.2840 210.8106 -300.0000
v 130.3702 195.8402 300.0000
v 136.2201 204.6280 275.0000
v 142.0701 213.4157 250.0000
v 147.9200 222.2034 225.0000
v 153.7700 230.9911 200.0000
v 159.6199 239.7788 175.0000
v 165.4699 248.5665 150.0000
v 171.3198 257.3542 125.0000
v 177.1698 266.1419 100.0000
v 183.0197 274.9296 75.0000
v 188.8696 283.7173 50.0000
v 194.7196 292.5050 25.0000
v 200.5695 301.2927 -0.0000
v 194.7196 292.5050 -25.0000
v 188.8696 283.7173 -50.0000
v 183.0197 274.9296 -75.0000
v 177.1698 266.1419 -100.0000
v 171.3198 257.3542 -125.0000
v 165.4699 248.5665 -150.0000
v 159.6199 239.7788 -175.0000
v 153.7700 230.9911 -200.0000
v 147.9200 222.2034 -225.0000
v 142.0701 213.4157 -250.0000
v 136.2201 204.6280 -275.0000
v 130.3702 195.8402 -300.0000
v 133.8137 180.1092 300.0000
v 139.8182 188.1910 275.0000
v 145.8227 196.2728 250.0000
v 151.8271 204.3546 225.0000
v 157.8316 212.4364 200.0000
v 163.8360 220.5183 175.0000
v 169.8405 228.6001 150.0000
v 175.8450 236.6819 125.0000
v 181.8494 244.7637 100.0000
v 187.8539 252.8455 75.0000
v 193.8584 260.9274 50.0000
v 199.8628 269.0092 25.0000
v 205.8673 277.0910 -0.0000
v 199.8628 269.0092 -25.0000
v 193.8584 260.9274 -50.0000
v 187.8539 252.8455 -75.0000
v 181.8494 244.7637 -100.0000
v 175.8450 236.6819 -125.0000
v 169.8405 228.6001 -150.0000
v 163.8360 220.5183 -175.0000
v 157.8316 212.4364 -200.0000
v 151.8271 204.3546 -225.0000
v 145.8227 196.2728 -250.0000
v 139.8182 188.1910 -275.0000
v 133.8137 180.1092 -300.0000
v 133.6368 164.4655 300.0000
v 139.6333 171.8454 275.0000
v 145.6298 179.2253 250.0000
v 151.6263 186.6051 225.0000
v 157.6229 193.9850 200.0000
v 163.6194 201.3649 175.0000
v 169.6159 208.7447 150.0000
v 175.6124 216.1246 125.0000
v 181.6089 223.5045 100.0000
v 187.6055 230.8843 75.0000
v 193.6020 238.2642 50.0000
v 199.5985 245.6440 25.0000
v 205.5950 253.0239 -0.0000
v 199.5985 245.6440 -25.0000
v 193.6020 238.2642 -50.0000
v 187.6055 230.8843 -75.0000
v 181.6089 223.5045 -100.0000
v 175.6124 216.1246 -125.0000
v 169.6159 208.7447 -150.0000
v 163.6194 201.3649 -175.0000
v 157.6229 193.9850 -200.0000
v 151.6263 186.6051 -225.0000
v 145.6298 179.2253 -250.0000
v 139.6333 171.8454 -275.0000
v 133.6368 164.4655 -300.0000
v 130.0513 149.7090 300.0000
v 135.8870 156.4267 275.0000
v 141.7226 163.1444 250.0000
v 147.5583 169.8621 225.0000
v 153.3939 176.5798 200.0000
v 159.2295 183.2975 175.0000
v 165.0652 190.0153 150.0000
v 170.9008 196.7330 125.0000
v 176.7364 203.4507 100.0000
v 182.5721 210.1684 75.0000
v 188.4077 216.8861 50.0000
v 194.2433 223.6038 25.0000
v 200.0790 230.3215 -0.0000
v 194.2433 223.6038 -25.0000
v 188.4077 216.8861 -50.0000
v 182.5721 210.1684 -75.0000
v 176.7364 203.4507 -100.0000
v 170.9008 196.7330 -125.0000
v 165.0652 190.0153 -150.0000
v 159.2295 183.2975 -175.0000
v 153.3939 176.5798 -200.0000
v 147.5583 169.8621 -225.0000
v 141.7226 163.1444 -250.0000
v 135.8870 156.4267 -275.0000
v 130.0513 149.7090 -300.0000
v 123.4387 136.5496 300.0000
v 128.9776 142.6768 275.0000
v 134.5166 148.8040 250.0000
v 140.0555 154.9312 225.0000
v 145.5944 161.0585 200.0000
v 151.1333 167.1857 175.0000
v 156.6722 173.3129 150.0000
v 162.2111 179.4401 125.0000
v 167.7501 185.5674 100.0000
v 173.2890 191.6946 75.0000
v 178.8279 197.8218 50.0000
v 184.3668 203.9490 25.0000
v 189.9057 210.0763 -0.0000
v 184.3668 203.9490 -25.0000
v 178.8279 197.8218 -50.0000
v 173.2890 191.6946 -75.0000
v 167.7501 185.5674 -100.0000
v 162.2111 179.4401 -125.0000
v 156.6722 173.3129 -150.0000
v 151.1333 167.1857 -175.0000
v 145.5944 161.0585 -200.0000
v 140.0555 154.9312 -225.0000
v 134.5166 148.8040 -250.0000
v 128.9776 142.6768 -275.0000
v 123.4387 136.5496 -300.0000
v 114.3205 125.5737 300.0000
v 119.4503 131.2084 275.0000
v 124.5800 136.8432 250.0000
v 129.7098 142.4779 225.0000
v 134.8396 148.1126 200.0000
v 139.9693 153.7473 175.0000
v 145.0991 159.3820 150.0000
v 150.2289 165.0168 125.0000
v 155.3586 170.6515 100.0000
v 160.4884 176.2862 75.0000
v 165.6182 181.9209 50.0000
v 170.7479 187.5556 25.0000
v 175.8777 193.1903 -0.0000
v 170.7479 187.5556 -25.0000
v 165.6182 181.9209 -50.0000
v 160.4884 176.2862 -75.0000
v 155.3586 170.6515 -100.0000
v 150.2289 165.0168 -125.0000
v 145.0991 159.3820 -150.0000
v 139.9693 153.7473 -175.0000
v 134.8396 148.1126 -200.0000
v 129.7098 142.4779 -225.0000
v 124.5800 136.8432 -250.0000
v 119.4503 131.2084 -275.0000
v 114.3205 125.5737 -300.0000
v 103.3231 117.2184 300.0000
v 107.9594 122.4782 275.0000
v 112.5957 127.7380 250.0000
v 117.2320 132.9978 225.0000
v 121.8683 138.2576 200.0000
v 126.5046 143.5174 175.0000
v 131.1408 148.7772 150.0000
v 135.7771 154.0370 125.0000
v 140.4134 159.2968 100.0000
v 145.0497 164.5566 75.0000
v 149.6860 169.8164 50.0000
v 154.3223 175.0762 25.0000
v 158.9586 180.3360 -0.0000
v 154.3223 175.0762 -25.0000
v 149.6860 169.8164 -50.0000
v 145.0497 164.5566 -75.0000
v 140.4134 159.2968 -100.0000
v 135.7771 154.0370 -125.0000
v 131.1408 148.7772 -150.0000
v 126.5046 143.5174 -175.0000
v 121.8683 138.2576 -200.0000
v 117.2320 132.9978 -225.0000
v 112.5957 127.7380 -250.0000
v 107.9594 122.4782 -275.0000
v 103.3231 117.2184 -300.0000
v 91.1381 111.7548 300.0000
v 95.2276 116.7695 275.0000
v 99.3171 121.7841 250.0000
v 103.4066 126.7988 225.0000
v 107.4962 131.8134 200.0000
v 111.5857 136.8280 175.0000
v 115.6752 141.8427 150.0000
v 119.7648 146.8573 125.0000
v 123.8543 151.8720 100.0000
v 127.9438 156.8866 75.0000
v 132.0333 161.9012 50.0000
v 136.1229 166.9159 25.0000
v 140.2124 171.9305 -0.0000
v 136.1229 166.9159 -25.0000
v 132.0333 161.9012 -50.0000
v 127.9438 156.8866 -75.0000
v 123.8543 151.8720 -100.0000
v 119.7648 146.8573 -125.0000
v 115.6752 141.8427 -150.0000
v 111.5857 136.8280 -175.0000
v 107.4962 131.8134 -200.0000
v 103.4066 126.7988 -225.0000
v 99.3171 121.7841 -250.0000
v 95.2276 116.7695 -275.0000
v 91.1381 111.7548 -300.0000
v 78.4806 109.2819 300.0000
v 82.0022 114.1856 275.0000
v 85.5238 119.0893 250.0000
v 89.0453 123.9930 225.0000
v 92.5669 128.8967 200.0000
v 96.0885 133.8003 175.0000
v 99.6100 138.7040 150.0000
v 103.1316 143.6077 125.0000
v 106.6532 148.5114 100.0000
v 110.1747 153.4150 75.0000
v 113.6963 158.3187 50.0000
v 117.2179 163.2224 25.0000
v 120.7394 168.1261 -0.0000
v 117.2179 163.2224 -25.0000
v 113.6963 158.3187 -50.0000
v 110.1747 153.4150 -75.0000
v 106.6532 148.5114 -100.0000
v 103.1316 143.6077 -125.0000
v 99.6100 138.7040 -150.0000
v 96.0885 133.8003 -175.0000
v 92.5669 128.8967 -200.0000
v 89.0453 123.9930 -225.0000
v 85.5238 119.0893 -250.0000
v 82.0022 114.1856 -275.0000
v 78.4806 109.2819 -300.0000
v 66.0487 109.7302 300.0000
v 69.0124 114.6540 275.0000
v 71.9761 119.5777 250.0000
v 74.9399 124.5015 225.0000
v 77.9036 129.4253 200.0000
v 80.8673 134.3491 175.0000
v 83.8310 139.2729 150.0000
v 86.7947 144.1967 125.0000
v 89.7585 149.1205 100.0000
v 92.7222 154.0443 75.0000
v 95.6859 158.9681 50.0000
v 98.6496 163.8919 25.0000
v 101.6134 168.8156 -0.0000
v 98.6496 163.8919 -25.0000
v 95.6859 158.9681 -50.0000
v 92.7222 154.0443 -75.0000
v 89.7585 149.1205 -100.0000
v 86.7947 144.1967 -125.0000
v 83.8310 139.2729 -150.0000
v 80.8673 134.3491 -175.0000
v 77.9036 129.4253 -200.0000
v 74.9399 124.5015 -225.0000
v 71.9761 119.5777 -250.0000
v 69.0124 114.6540 -275.0000
v 66.0487 109.7302 -300.0000
v 54.4847 112.8743 300.0000
v 56.9295 117.9392 275.0000
v 59.3743 123.0040 250.0000
v 61.8192 128.0689 225.0000
v 64.2640 133.1338 200.0000
v 66.7088 138.1986 175.0000
v 69.1536 143.2635 150.0000
v 71.5985 148.3284 125.0000
v 74.0433 153.3933 100.0000
v 76.4881 158.4581 75.0000
v 78.9329 163.5230 50.0000
v 81.3778 168.5879 25.0000
v 83.8226 173.6528 -0.0000
v 81.3778 168.5879 -25.0000
v 78.9329 163.5230 -50.0000
v 76.4881 158.4581 -75.0000
v 74.0433 153.3933 -100.0000
v 71.5985 148.3284 -125.0000
v 69.1536 143.2635 -150.0000
v 66.7088 138.1986 -175.0000
v 64.2640 133.1338 -200.0000
v 61.8192 128.0689 -225.0000
v 59.3743 123.0040 -250.0000
v 56.9295 117.9392 -275.0000
v 54.4847 112.8743 -300.0000
v 44.3426 118.3547 300.0000
v 46.3323 123.6655 275.0000
v 48.3220 128.9763 250.0000
v 50.3118 134.2870 225.0000
v 52.3015 139.5978 200.0000
v 54.2912 144.9086 175.0000
v 56.2810 150.2194 150.0000
v 58.2707 155.5302 125.0000
v 60.2604 160.8410 100.0000
v 62.2501 166.1518 75.0000
v 64.2399 171.4626 50.0000
v 66.2296 176.7733 25.0000
v 68.2193 182.0841 -0.0000
v 66.2296 176.7733 -25.0000
v 64.2399 171.4626 -50.0000
v 62.2501 166.1518 -75.0000
v 60.2604 160.8410 -100.0000
v 58.2707 155.5302 -125.0000
v 56.2810 150.2194 -150.0000
v 54.2912 144.9086 -175.0000
v 52.3015 139.5978 -200.0000
v 50.3118 134.2870 -225.0000
v 48.3220 128.9763 -250.0000
v 46.3323 123.6655 -275.0000
v 44.3426 118.3547 -300.0000
v 36.0612 125.7052 300.0000
v 37.6793 131.3458 275.0000
v 39.2975 136.9865 250.0000
v 40.9156 142.6271 225.0000
v 42.5337 148.2677 200.0000
v 44.1519 153.9083 175.0000
v 45.7700 159.5489 150.0000
v 47.3881 165.1896 125.0000
v 49.0062 170.8302 100.0000
v 50.6244 176.4708 75.0000
v 52.2425 182.1114 50.0000
v 53.8606 187.7520 25.0000
v 55.4788 193.3927 -0.0000
v 53.8606 187.7520 -25.0000
v 52.2425 182.1114 -50.0000
v 50.6244 176.4708 -75.0000
v 49.0062 170.8302 -100.0000
v 47.3881 165.1896 -125.0000
v 45.7700 159.5489 -150.0000
v 44.1519 153.9083 -175.0000
v 42.5337 148.2677 -200.0000
v 40.9156 142.6271 -225.0000
v 39.2975 136.9865 -250.0000
v 37.6793 131.3458 -275.0000
v 36.0612 125.7052 -300.0000
v 29.9458 134.3860 300.0000
v 31.2895 140.4162 275.0000
v 32.6333 146.4463 250.0000
v 33.9770 152.4765 225.0000
v 35.3207 158.5066 200.0000
v 36.6644 164.5368 175.0000
v 38.0081 170.5669 150.0000
v 39.3519 176.5970 125.0000
v 40.6956 182.6272 100.0000
v 42.0393 188.6573 75.0000
v 43.3830 194.6875 50.0000
v 44.7267 200.7176 25.0000
v 46.0705 206.7478 -0.0000
v 44.7267 200.7176 -25.0000
v 43.3830 194.6875 -50.0000
v 42.0393 188.6573 -75.0000
v 40.6956 182.6272 -100.0000
v 39.3519 176.5970 -125.0000
v 38.0081 170.5669 -150.0000
v 36.6644 164.5368 -175.0000
v 35.3207 158.5066 -200.0000
v 33.9770 152.4765 -225.0000
v 32.6333 146.4463 -250.0000
v 31.2895 140.4162 -275.0000
v 29.9458 134.3860 -300.0000
v -130.0000 0.0000 300.0000
v -135.8333 0.0000 275.0000
v -141.6667 0.0000 250.0000
v -147.5000 0.0000 225.0000
v -153.3333 0.0000 200.0000
v -159.1667 0.0000 175.0000
v -165.0000 0.0000 150.0000
v -170.8333 0.0000 125.0000
v -176.6667 0.0000 100.0000
v -182.5000 0.0000 75.0000
v -188.3333 0.0000 50.0000
v -194.1667 0.0000 25.0000
v -200.0000 0.0000 -0.0000
v -194.1667 0.0000 -25.0000
v -188.3333 0.0000 -50.0000
v -182.5000 0.0000 -75.0000
v -176.6667 0.0000 -100.0000
v -170.8333 0.0000 -125.0000
v -165.0000 0.0000 -150.0000
v -159.1667 0.0000 -175.0000
v -153.3333 0.0000 -200.0000
v -147.5000 0.0000 -225.0000
v -141.6667 0.0000 -250.0000
v -135.8333 0.0000 -275.0000
v -130.0000 0.0000 -300.0000
v -121.1364 3.2607 300.0000
v -126.5720 3.4070 275.0000
v -132.0076 3.5533 250.0000
v -137.4432 3.6996 225.0000
v -142.8788 3.8459 200.0000
v -148.3144 3.9922 175.0000
v -153.7500 4.1385 150.0000
v -159.1856 4.2848 125.0000
v -164.6212 4.4312 100.0000
v -170.0568 4.5775 75.0000
v -175.4924 4.7238 50.0000
v -180.9280 4.8701 25.0000
v -186.3636 5.0164 -0.0000
v -180.9280 4.8701 -25.0000
v -175.4924 4.7238 -50.0000
v -170.0568 4.5775 -75.0000
v -164.6212 4.4312 -100.0000
v -159.1856 4.2848 -125.0000
v -153.7500 4.1385 -150.0000
v -148.3144 3.9922 -175.0000
v -142.8788 3.8459 -200.0000
v -137.4432 3.6996 -225.0000
v -132.0076 3.5533 -250.0000
v -126.5720 3.4070 -275.0000
v -121.1364 3.2607 -300.0000
v -112.2727 8.6049 300.0000
v -117.3106 8.9910 275.0000
v -122.3485 9.3772 250.0000
v -127.3864 9.7633 225.0000
v -132.4242 10.1494 200.0000
v -137.4621 10.5355 175.0000
v -142.5000 10.9216 150.0000
v -147.5379 11.3078 125.0000
v -152.5758 11.6939 100.0000
v -157.6136 12.0800 75.0000
v -162.6515 12.4661 50.0000
v -167.6894 12.8522 25.0000
v -172.7273 13.2383 -0.0000
v -167.6894 12.8522 -25.0000
v -162.6515 12.4661 -50.0000
v -157.6136 12.0800 -75.0000
v -152.5758 11.6939 -100.0000
v -147.5379 11.3078 -125.0000
v -142.5000 10.9216 -150.0000
v -137.4621 10.5355 -175.0000
v -132.4242 10.1494 -200.0000
v -127.3864 9.7633 -225.0000
v -122.3485 9.3772 -250.0000
v -117.3106 8.9910 -275.0000
v -112.2727 8.6049 -300.0000
v -103.4091 15.1801 300.0000
v -108.0492 15.8613 275.0000
v -112.6894 16.5424 250.0000
v -117.3295 17.2236 225.0000
v -121.9697 17.9047 200.0000
v -126.6098 18.5859 175.0000
v -131.2500 19.2671 150.0000
v -135.8902 19.9482 125.0000
v -140.5303 20.6294 100.0000
v -145.1705 21.3105 75.0000
v -149.8106 21.9917 50.0000
v -154.4508 22.6729 25.0000
v -159.0909 23.3540 -0.0000
v -154.4508 22.6729 -25.0000
v -149.8106 21.9917 -50.0000
v -145.1705 21.3105 -75.0000
v -140.5303 20.6294 -100.0000
v -135.8902 19.9482 -125.0000
v -131.2500 19.2671 -150.0000
v -126.6098 18.5859 -175.0000
v -121.9697 17.9047 -200.0000
v -117.3295 17.2236 -225.0000
v -112.6894 16.5424 -250.0000
v -108.0492 15.8613 -275.0000
v -103.4091 15.1801 -300.0000
v -94.5455 22.7085 300.0000
v -98.7879 23.7275 275.0000
v -103.0303 24.7465 250.0000
v -107.2727 25.7655 225.0000
v -111.5152 26.7844 200.0000
v -115.7576 27.8034 175.0000
v -120.0000 28.8224 150.0000
v -124.2424 29.8413 125.0000
v -128.4848 30.8603 100.0000
v -132.7273 31.8793 75.0000
v -136.9697 32.8983 50.0000
v -141.2121 33.9172 25.0000
v -145.4545 34.9362 -0.0000
v -141.2121 33.9172 -25.0000
v -136.9697 32.8983 -50.0000
v -132.7273 31.8793 -75.0000
v -128.4848 30.8603 -100.0000
v -124.2424 29.8413 -125.0000
v -120.0000 28.8224 -150.0000
v -115.7576 27.8034 -175.0000
v -111.5152 26.7844 -200.0000
v -107.2727 25.7655 -225.0000
v -103.0303 24.7465 -250.0000
v -98.7879 23.7275 -275.0000
v -94.5455 22.7085 -300.0000
v -85.6818 31.0358 300.0000
v -89.5265 32.4285 275.0000
v -93.3712 33.8211 250.0000
v -97.2159 35.2137 225.0000
v -101.0606 36.6064 200.0000
v -104.9053 37.9990 175.0000
v -108.7500 39.3916 150.0000
v -112.5947 40.7842 125.0000
v -116.4394 42.1769 100.0000
v -120.2841 43.5695 75.0000
v -124.1288 44.9621 50.0000
v -127.9735 46.3548 25.0000
v -131.8182 47.7474 -0.0000
v -127.9735 46.3548 -25.0000
v -124.1288 44.9621 -50.0000
v -120.2841 43.5695 -75.0000
v -116.4394 42.1769 -100.0000
v -112.5947 40.7842 -125.0000
v -108.7500 39.3916 -150.0000
v -104.9053 37.9990 -175.0000
v -101.0606 36.6064 -200.0000
v -97.2159 35.2137 -225.0000
v -93.3712 33.8211 -250.0000
v -89.5265 32.4285 -275.0000
v -85.6818 31.0358 -300.0000
v -76.8182 40.0606 300.0000
v -80.2652 41.8581 275.0000
v -83.7121 43.6557 250.0000
v -87.1591 45.4533 225.0000
v -90.6061 47.2509 200.0000
v -94.0530 49.0485 175.0000
v -97.5000 50.8461 150.0000
v -100.9470 52.6437 125.0000
v -104.3939 54.4413 100.0000
v -107.8409 56.2389 75.0000
v -111.2879 58.0364 50.0000
v -114.7348 59.8340 25.0000
v -118.1818 61.6316 -0.0000
v -114.7348 59.8340 -25.0000
v -111.2879 58.0364 -50.0000
v -107.8409 56.2389 -75.0000
v -104.3939 54.4413 -100.0000
v -100.9470 52.6437 -125.0000
v -97.5000 50.8461 -150.0000
v -94.0530 49.0485 -175.0000
v -90.6061 47.2509 -200.0000
v -87.1591 45.4533 -225.0000
v -83.7121 43.6557 -250.0000
v -80.2652 41.8581 -275.0000
v -76.8182 40.0606 -300.0000
v -67.9545 49.7099 300.0000
v -71.0038 51.9404 275.0000
v -74.0530 54.1710 250.0000
v -77.1023 56.4016 225.0000
v -80.1515 58.6321 200.0000
v -83.2008 60.8627 175.0000
v -86.2500 63.0933 150.0000
v -89.2992 65.3238 125.0000
v -92.3485 67.5544 100.0000
v -95.3977 69.7850 75.0000
v -98.4470 72.0156 50.0000
v -101.4962 74.2461 25.0000
v -104.5455 76.4767 -0.0000
v -101.4962 74.2461 -25.0000
v -98.4470 72.0156 -50.0000
v -95.3977 69.7850 -75.0000
v -92.3485 67.5544 -100.0000
v -89.2992 65.3238 -125.0000
v -86.2500 63.0933 -150.0000
v -83.2008 60.8627 -175.0000
v -80.1515 58.6321 -200.0000
v -77.1023 56.4016 -225.0000
v -74.0530 54.1710 -250.0000
v -71.0038 51.9404 -275.0000
v -67.9545 49.7099 -300.0000
v -59.0909 59.9282 300.0000
v -61.7424 62.6173 275.0000
v -64.3939 65.3064 250.0000
v -67.0455 67.9954 225.0000
v -69.6970 70.6845 200.0000
v -72.3485 73.3736 175.0000
v -75.0000 76.0627 150.0000
v -77.6515 78.7518 125.0000
v -80.3030 81.4409 100.0000
v -82.9545 84.1300 75.0000
v -85.6061 86.8190 50.0000
v -88.2576 89.5081 25.0000
v -90.9091 92.1972 -0.0000
v -88.2576 89.5081 -25.0000
v -85.6061 86.8190 -50.0000
v -82.9545 84.1300 -75.0000
v -80.3030 81.4409 -100.0000
v -77.6515 78.7518 -125.0000
v -75.0000 76.0627 -150.0000
v -72.3485 73.3736 -175.0000
v -69.6970 70.6845 -200.0000
v -67.0455 67.9954 -225.0000
v -64.3939 65.3064 -250.0000
v -61.7424 62.6173 -275.0000
v -59.0909 59.9282 -300.0000
v -50.2273 70.6716 300.0000
v -52.4811 73.8427 275.0000
v -54.7348 77.0139 250.0000
v -56.9886 80.1850 225.0000
v -59.2424 83.3562 200.0000
v -61.4962 86.5274 175.0000
v -63.7500 89.6985 150.0000
v -66.0038 92.8697 125.0000
v -68.2576 96.0408 100.0000
v -70.5114 99.2120 75.0000
v -72.7652 102.3832 50.0000
v -75.0189 105.5543 25.0000
v -77.2727 108.7255 -0.0000
v -75.0189 105.5543 -25.0000
v -72.7652 102.3832 -50.0000
v -70.5114 99.2120 -75.0000
v -68.2576 96.0408 -100.0000
v -66.0038 92.8697 -125.0000
v -63.7500 89.6985 -150.0000
v -61.4962 86.5274 -175.0000
v -59.2424 83.3562 -200.0000
v -56.9886 80.1850 -225.0000
v -54.7348 77.0139 -250.0000
v -52.4811 73.8427 -275.0000
v -50.2273 70.6716 -300.0000
v -41.3636 81.9040 300.0000
v -43.2197 85.5792 275.0000
v -45.0758 89.2544 250.0000
v -46.9318 92.9296 225.0000
v -48.7879 96.6047 200.0000
v -50.6439 100.2799 175.0000
v -52.5000 103.9551 150.0000
v -54.3561 107.6303 125.0000
v -56.2121 111.3055 100.0000
v -58.0682 114.9806 75.0000
v -59.9242 118.6558 50.0000
v -61.7803 122.3310 25.0000
v -63.6364 126.0062 -0.0000
v -61.7803 122.3310 -25.0000
v -59.9242 118.6558 -50.0000
v -58.0682 114.9806 -75.0000
v -56.2121 111.3055 -100.0000
v -54.3561 107.6303 -125.0000
v -52.5000 103.9551 -150.0000
v -50.6439 100.2799 -175.0000
v -48.7879 96.6047 -200.0000
v -46.9318 92.9296 -225.0000
v -45.0758 89.2544 -250.0000
v -43.2197 85.5792 -275.0000
v -41.3636 81.9040 -300.0000
v -32.5000 93.5955 300.0000
v -33.9583 97.7953 275.0000
v -35.4167 101.9951 250.0000
v -36.8750 106.1949 225.0000
v -38.3333 110.3947 200.0000
v -39.7917 114.5945 175.0000
v -41.2500 118.7943 150.0000
v -42.7083 122.9941 125.0000
v -44.1667 127.1939 100.0000
v -45.6250 131.3937 75.0000
v -47.0833 135.5935 50.0000
v -48.5417 139.7933 25.0000
v -50.0000 143.9931 -0.0000
v -48.5417 139.7933 -25.0000
v -47.0833 135.5935 -50.0000
v -45.6250 131.3937 -75.0000
v -44.1667 127.1939 -100.0000
v -42.7083 122.9941 -125.0000
v -41.2500 118.7943 -150.0000
v -39.7917 114.5945 -175.0000
v -38.3333 110.3947 -200.0000
v -36.8750 106.1949 -225.0000
v -35.4167 101.9951 -250.0000
v -33.9583 97.7953 -275.0000
v -32.5000 93.5955 -300.0000
v -23.6364 105.7204 300.0000
v -24.6970 110.4643 275.0000
v -25.7576 115.2082 250.0000
v -26.8182 119.9520 225.0000
v -27.8788 124.6959 200.0000
v -28.9394 129.4398 175.0000
v -30.0000 134.1836 150.0000
v -31.0606 138.9275 125.0000
v -32.1212 143.6714 100.0000
v -33.1818 148.4152 75.0000
v -34.2424 153.1591 50.0000
v -35.3030 157.9030 25.0000
v -36.3636 162.6468 -0.0000
v -35.3030 157.9030 -25.0000
v -34.2424 153.1591 -50.0000
v -33.1818 148.4152 -75.0000
v -32.1212 143.6714 -100.0000
v -31.0606 138.9275 -125.0000
v -30.0000 134.1836 -150.0000
v -28.9394 129.4398 -175.0000
v -27.8788 124.6959 -200.0000
v -26.8182 119.9520 -225.0000
v -25.7576 115.2082 -250.0000
v -24.6970 110.4643 -275.0000
v -23.6364 105.7204 -300.0000
v -14.7727 118.2567 300.0000
v -15.4356 123.5631 275.0000
v -16.0985 128.8695 250.0000
v -16.7614 134.1759 225.0000
v -17.4242 139.4823 200.0000
v -18.0871 144.7887 175.0000
v -18.7500 150.0951 150.0000
v -19.4129 155.4015 125.0000
v -20.0758 160.7079 100.0000
v -20.7386 166.0143 75.0000
v -21.4015 171.3207 50.0000
v -22.0644 176.6271 25.0000
v -22.7273 181.9334 -0.0000
v -22.0644 176.6271 -25.0000
v -21.4015 171.3207 -50.0000
v -20.7386 166.0143 -75.0000
v -20.0758 160.7079 -100.0000
v -19.4129 155.4015 -125.0000
v -18.7500 150.0951 -150.0000
v -18.0871 144.7887 -175.0000
v -17.4242 139.4823 -200.0000
v -16.7614 134.1759 -225.0000
v -16.0985 128.8695 -250.0000
v -15.4356 123.5631 -275.0000
v -14.7727 118.2567 -300.0000
v -5.9091 131.1851 300.0000
v -6.1742 137.0716 275.0000
v -6.4394 142.9581 250.0000
v -6.7045 148.8446 225.0000
v -6.9697 154.7311 200.0000
v -7.2348 160.6176 175.0000
v -7.5000 166.5041 150.0000
v -7.7652 172.3907 125.0000
v -8.0303 178.2772 100.0000
v -8.2955 184.1637 75.0000
v -8.5606 190.0502 50.0000
v -8.8258 195.9367 25.0000
v -9.0909 201.8232 -0.0000
v -8.8258 195.9367 -25.0000
v -8.5606 190.0502 -50.0000
v -8.2955 184.1637 -75.0000
v -8.0303 178.2772 -100.0000
v -7.7652 172.3907 -125.0000
v -7.5000 166.5041 -150.0000
v -7.2348 160.6176 -175.0000
v -6.9697 154.7311 -200.0000
v -6.7045 148.8446 -225.0000
v -6.4394 142.9581 -250.0000
v -6.1742 137.0716 -275.0000
v -5.9091 131.1851 -300.0000
v 2.9545 144.4884 300.0000
v 3.0871 150.9718 275.0000
v 3.2197 157.4553 250.0000
v 3.3523 163.9388 225.0000
v 3.4848 170.4222 200.0000
v 3.6174 176.9057 175.0000
v 3.7500 183.3891 150.0000
v 3.8826 189.8726 125.0000
v 4.0152 196.3560 100.0000
v 4.1477 202.8395 75.0000
v 4.2803 209.3229 50.0000
v 4.4129 215.8064 25.0000
v 4.5455 222.2898 -0.0000
v 4.4129 215.8064 -25.0000
v 4.2803 209.3229 -50.0000
v 4.1477 202.8395 -75.0000
v 4.0152 196.3560 -100.0000
v 3.8826 189.8726 -125.0000
v 3.7500 183.3891 -150.0000
v 3.6174 176.9057 -175.0000
v 3.4848 170.4222 -200.0000
v 3.3523 163.9388 -225.0000
v 3.2197 157.4553 -250.0000
v 3.0871 150.9718 -275.0000
v 2.9545 144.4884 -300.0000
v 11.8182 158.1514 300.0000
v 12.3485 165.2480 275.0000
v 12.8788 172.3445 250.0000
v 13.4091 179.4411 225.0000
v 13.9394 186.5376 200.0000
v 14.4697 193.6341 175.0000
v 15.0000 200.7307 150.0000
v 15.5303 207.8272 125.0000
v 16.0606 214.9238 100.0000
v 16.5909 222.0203 75.0000
v 17.1212 229.1168 50.0000
v 17.6515 236.2134 25.0000
v 18.1818 243.3099 -0.0000
v 17.6515 236.2134 -25.0000
v 17.1212 229.1168 -50.0000
v 16.5909 222.0203 -75.0000
v 16.0606 214.9238 -100.0000
v 15.5303 207.8272 -125.0000
v 15.0000 200.7307 -150.0000
v 14.4697 193.6341 -175.0000
v 13.9394 186.5376 -200.0000
v 13.4091 179.4411 -225.0000
v 12.8788 172.3445 -250.0000
v 12.3485 165.2480 -275.0000
v 11.8182 158.1514 -300.0000
v 20.6818 172.1606 300.0000
v 21.6098 179.8857 275.0000
v 22.5379 187.6109 250.0000
v 23.4659 195.3360 225.0000
v 24.3939 203.0612 200.0000
v 25.3220 210.7863 175.0000
v 26.2500 218.5115 150.0000
v 27.1780 226.2366 125.0000
v 28.1061 233.9618 100.0000
v 29.0341 241.6870 75.0000
v 29.9621 249.4121 50.0000
v 30.8902 257.1373 25.0000
v 31.8182 264.8624 -0.0000
v 30.8902 257.1373 -25.0000
v 29.9621 249.4121 -50.0000
v 29.0341 241.6870 -75.0000
v 28.1061 233.9618 -100.0000
v 27.1780 226.2366 -125.0000
v 26.2500 218.5115 -150.0000
v 25.3220 210.7863 -175.0000
v 24.3939 203.0612 -200.0000
v 23.4659 195.3360 -225.0000
v 22.5379 187.6109 -250.0000
v 21.6098 179.8857 -275.0000
v 20.6818 172.1606 -300.0000
v 29.5455 186.5034 300.0000
v 30.8712 194.8721 275.0000
v 32.1970 203.2409 250.0000
v 33.5227 211.6096 225.0000
v 34.8485 219.9783 200.0000
v 36.1742 228.3471 175.0000
v 37.5000 236.7158 150.0000
v 38.8258 245.0846 125.0000
v 40.1515 253.4533 100.0000
v 41.4773 261.8221 75.0000
v 42.8030 270.1908 50.0000
v 44.1288 278.5595 25.0000
v 45.4545 286.9283 -0.0000
v 44.1288 278.5595 -25.0000
v 42.8030 270.1908 -50.0000
v 41.4773 261.8221 -75.0000
v 40.1515 253.4533 -100.0000
v 38.8258 245.0846 -125.0000
v 37.5000 236.7158 -150.0000
v 36.1742 228.3471 -175.0000
v 34.8485 219.9783 -200.0000
v 33.5227 211.6096 -225.0000
v 32.1970 203.2409 -250.0000
v 30.8712 194.8721 -275.0000
v 29.5455 186.5034 -300.0000
v 38.4091 201.1686 300.0000
v 40.1326 210.1954 275.0000
v 41.8561 219.2222 250.0000
v 43.5795 228.2490 225.0000
v 45.3030 237.2758 200.0000
v 47.0265 246.3026 175.0000
v 48.7500 255.3294 150.0000
v 50.4735 264.3562 125.0000
v 52.1970 273.3830 100.0000
v 53.9205 282.4098 75.0000
v 55.6439 291.4366 50.0000
v 57.3674 300.4634 25.0000
v 59.0909 309.4902 -0.0000
v 57.3674 300.4634 -25.0000
v 55.6439 291.4366 -50.0000
v 53.9205 282.4098 -75.0000
v 52.1970 273.3830 -100.0000
v 50.4735 264.3562 -125.0000
v 48.7500 255.3294 -150.0000
v 47.0265 246.3026 -175.0000
v 45.3030 237.2758 -200.0000
v 43.5795 228.2490 -225.0000
v 41.8561 219.2222 -250.0000
v 40.1326 210.1954 -275.0000
v 38.4091 201.1686 -300.0000
v 47.2727 216.1460 300.0000
v 49.3939 225.8449 275.0000
v 51.5152 235.5437 250.0000
v 53.6364 245.2426 225.0000
v 55.7576 254.9414 200.0000
v 57.8788 264.6403 175.0000
v 60.0000 274.3391 150.0000
v 62.1212 284.0380 125.0000
v 64.2424 293.7369 100.0000
v 66.3636 303.4357 75.0000
v 68.4848 313.1346 50.0000
v 70.6061 322.8334 25.0000
v 72.7273 332.5323 -0.0000
v 70.6061 322.8334 -25.0000
v 68.4848 313.1346 -50.0000
v 66.3636 303.4357 -75.0000
v 64.2424 293.7369 -100.0000
v 62.1212 284.0380 -125.0000
v 60.0000 274.3391 -150.0000
v 57.8788 264.6403 -175.0000
v 55.7576 254.9414 -200.0000
v 53.6364 245.2426 -225.0000
v 51.5152 235.5437 -250.0000
v 49.3939 225.8449 -275.0000
v 47.2727 216.1460 -300.0000
v 56.1364 231.4260 300.0000
v 58.6553 241.8105 275.0000
v 61.1742 252.1950 250.0000
v 63.6932 262.5795 225.0000
v 66.2121 272.9640 200.0000
v 68.7311 283.3485 175.0000
v 71.2500 293.7330 150.0000
v 73.7689 304.1175 125.0000
v 76.2879 314.5020 100.0000
v 78.8068 324.8865 75.0000
v 81.3258 335.2710 50.0000
v 83.8447 345.6556 25.0000
v 86.3636 356.0401 -0.0000
v 83.8447 345.6556 -25.0000
v 81.3258 335.2710 -50.0000
v 78.8068 324.8865 -75.0000
v 76.2879 314.5020 -100.0000
v 73.7689 304.1175 -125.0000
v 71.2500 293.7330 -150.0000
v 68.7311 283.3485 -175.0000
v 66.2121 272.9640 -200.0000
v 63.6932 262.5795 -225.0000
v 61.1742 252.1950 -250.0000
v 58.6553 241.8105 -275.0000
v 56.1364 231.4260 -300.0000
v 65.0000 247.0000 300.0000
v 67.9167 258.0833 275.0000
v 70.8333 269.1667 250.0000
v 73.7500 280.2500 225.0000
v 76.6667 291.3333 200.0000
v 79.5833 302.4167 175.0000
v 82.5000 313.5000 150.0000
v 85.4167 324.5833 125.0000
v 88.3333 335.6667 100.0000
v 91.2500 346.7500 75.0000
v 94.1667 357.8333 50.0000
v 97.0833 368.9167 25.0000
v 100.0000 380.0000 -0.0000
v 97.0833 368.9167 -25.0000
v 94.1667 357.8333 -50.0000
v 91.2500 346.7500 -75.0000
v 88.3333 335.6667 -100.0000
v 85.4167 324.5833 -125.0000
v 82.5000 313.5000 -150.0000
v 79.5833 302.4167 -175.0000
v 76.6667 291.3333 -200.0000
v 73.7500 280.2500 -225.0000
v 70.8333 269.1667 -250.0000
v 67.9167 258.0833 -275.0000
v 65.0000 247.0000 -300.0000
v 82.9413 242.9111 300.0000
v 86.6631 253.8109 275.0000
v 90.3848 264.7108 250.0000
v 94.1065 275.6106 225.0000
v 97.8282 286.5105 200.0000
v 101.5500 297.4104 175.0000
v 105.2717 308.3102 150.0000
v 108.9934 319.2101 125.0000
v 112.7151 330.1099 100.0000
v 116.4369 341.0098 75.0000
v 120.1586 351.9096 50.0000
v 123.8803 362.8095 25.0000
v 127.6020 373.7094 -0.0000
v 123.8803 362.8095 -25.0000
v 120.1586 351.9096 -50.0000
v 116.4369 341.0098 -75.0000
v 112.7151 330.1099 -100.0000
v 108.9934 319.2101 -125.0000
v 105.2717 308.3102 -150.0000
v 101.5500 297.4104 -175.0000
v 97.8282 286.5105 -200.0000
v 94.1065 275.6106 -225.0000
v 90.3848 264.7108 -250.0000
v 86.6631 253.8109 -275.0000
v 82.9413 242.9111 -300.0000
v 99.0968 235.1073 300.0000
v 103.5434 245.6570 275.0000
v 107.9901 256.2067 250.0000
v 112.4367 266.7564 225.0000
v 116.8834 277.3061 200.0000
v 121.3300 287.8557 175.0000
v 125.7767 298.4054 150.0000
v 130.2233 308.9551 125.0000
v 134.6699 319.5048 100.0000
v 139.1166 330.0545 75.0000
v 143.5632 340.6042 50.0000
v 148.0099 351.1539 25.0000
v 152.4565 361.7036 -0.0000
v 148.0099 351.1539 -25.0000
v 143.5632 340.6042 -50.0000
v 139.1166 330.0545 -75.0000
v 134.6699 319.5048 -100.0000
v 130.2233 308.9551 -125.0000
v 125.7767 298.4054 -150.0000
v 121.3300 287.8557 -175.0000
v 116.8834 277.3061 -200.0000
v 112.4367 266.7564 -225.0000
v 107.9901 256.2067 -250.0000
v 103.5434 245.6570 -275.0000
v 99.0968 235.1073 -300.0000
v 112.7333 224.1686 300.0000
v 117.7919 234.2275 275.0000
v 122.8504 244.2863 250.0000
v 127.9090 254.3452 225.0000
v 132.9675 264.4040 200.0000
v 138.0261 274.4629 175.0000
v 143.0846 284.5217 150.0000
v 148.1431 294.5806 125.0000
v 153.2017 304.6394 100.0000
v 158.2602 314.6983 75.0000
v 163.3188 324.7571 50.0000
v 168.3773 334.8160 25.0000
v 173.4359 344.8748 -0.0000
v 168.3773 334.8160 -25.0000
v 163.3188 324.7571 -50.0000
v 158.2602 314.6983 -75.0000
v 153.2017 304.6394 -100.0000
v 148.1431 294.5806 -125.0000
v 143.0846 284.5217 -150.0000
v 138.0261 274.4629 -175.0000
v 132.9675 264.4040 -200.0000
v 127.9090 254.3452 -225.0000
v 122.8504 244.2863 -250.0000
v 117.7919 234.2275 -275.0000
v 112.7333 224.1686 -300.0000
v 123.2840 210.8106 300.0000
v 128.8159 220.2700 275.0000
v 134.3479 229.7295 250.0000
v 139.8799 239.1889 225.0000
v 145.4119 248.6484 200.0000
v 150.9438 258.1078 175.0000
v 156.4758 267.5673 150.0000
v 162.0078 277.0267 125.0000
v 167.5397 286.4862 100.0000
v 173.0717 295.9456 75.0000
v 178.6037 305.4051 50.0000
v 184.1357 314.8645 25.0000
v 189.6676 324.3240 -0.0000
v 184.1357 314.8645 -25.0000
v 178.6037 305.4051 -50.0000
v 173.0717 295.9456 -75.0000
v 167.5397 286.4862 -100.0000
v 162.0078 277.0267 -125.0000
v 156.4758 267.5673 -150.0000
v 150.9438 258.1078 -175.0000
v 145.4119 248.6484 -200.0000
v 139.8799 239.1889 -225.0000
v 134.3479 229.7295 -250.0000
v 128.8159 220.2700 -275.0000
v 123.2840 210.8106 -300.0000
v 130.3702 195.8402 300.0000
v 136.2201 204.6280 275.0000
v 142.0701 213.4157 250.0000
v 147.9200 222.2034 225.0000
v 153.7700 230.9911 200.0000
v 159.6199 239.7788 175.0000
v 165.4699 248.5665 150.0000
v 171.3198 257.3542 125.0000
v 177.1698 266.1419 100.0000
v 183.0197 274.9296 75.0000
v 188.8696 283.7173 50.0000
v 194.7196 292.5050 25.0000
v 200.5695 301.2927 -0.0000
v 194.7196 292.5050 -25.0000
v 188.8696 283.7173 -50.0000
v 183.0197 274.9296 -75.0000
v 177.1698 266.1419 -100.0000
v 171.3198 257.3542 -125.0000
v 165.4699 248.5665 -150.0000
v 159.6199 239.7788 -175.0000
v 153.7700 230.9911 -200.0000
v 147.9200 222.2034 -225.0000
v 142.0701 213.4157 -250.0000
v 136.2201 204.6280 -275.0000
v 130.3702 195.8402 -300.0000
v 133.8137 180.1092 300.0000
v 139.8182 188.1910 275.0000
v 145.8227 196.2728 250.0000
v 151.8271 204.3546 225.0000
v 157.8316 212.4364 200.0000
v 163.8360 220.5183 175.0000
v 169.8405 228.6001 150.0000
v 175.8450 236.6819 125.0000
v 181.8494 244.7637 100.0000
v 187.8539 252.8455 75.0000
v 193.8584 260.9274 50.0000
v 199.8628 269.0092 25.0000
v 205.8673 277.0910 -0.0000
v 199.8628 269.0092 -25.0000
v 193.8584 260.9274 -50.0000
v 187.8539 252.8455 -75.0000
v 181.8494 244.7637 -100.0000
v 175.8450 236.6819 -125.0000
v 169.8405 228.6001 -150.0000
v 163.8360 220.5183 -175.0000
v 157.8316 212.4364 -200.0000
v 151.8271 204.3546 -225.0000
v 145.8227 196.2728 -250.0000
v 139.8182 188.1910 -275.0000
v 133.8137 180.1092 -300.0000
v 133.6368 164.4655 300.0000
v 139.6333 171.8454 275.0000
v 145.6298 179.2253 250.0000
v 151.6263 186.6051 225.0000
v 157.6229 193.9850 200.0000
v 163.6194 201.3649 175.0000
v 169.6159 208.7447 150.0000
v 175.6124 216.1246 125.0000
v 181.6089 223.5045 100.0000
v 187.6055 230.8843 75.0000
v 193.6020 238.2642 50.0000
v 199.5985 245.6440 25.0000
v 205.5950 253.0239 -0.0000
v 199.5985 245.6440 -25.0000
v 193.6020 238.2642 -50.0000
v 187.6055 230.8843 -75.0000
v 181.6089 223.5045 -100.0000
v 175.6124 216.1246 -125.0000
v 169.6159 208.7447 -150.0000
v 163.6194 201.3649 -175.0000
v 157.6229 193.9850 -200.0000
v 151.6263 186.6051 -225.0000
v 145.6298 179.2253 -250.0000
v 139.6333 171.8454 -275.0000
v 133.6368 164.4655 -300.0000
v 130.0513 149.7090 300.0000
v 135.8870 156.4267 275.0000
v 141.7226 163.1444 250.0000
v 147.5583 169.8621 225.0000
v 153.3939 176.5798 200.0000
v 159.2295 183.2975 175.0000
v 165.0652 190.0153 150.0000
v 170.9008 196.7330 125.0000
v 176.7364 203.4507 100.0000
v 182.5721 210.1684 75.0000
v 188.4077 216.8861 50.0000
v 194.2433 223.6038 25.0000
v 200.0790 230.3215 -0.0000
v 194.2433 223.6038 -25.0000
v 188.4077 216.8861 -50.0000
v 182.5721 210.1684 -75.0000
v 176.7364 203.4507 -100.0000
v 170.9008 196.7330 -125.0000
v 165.0652 190.0153 -150.0000
v 159.2295 183.2975 -175.0000
v 153.3939 176.5798 -200.0000
v 147.5583 169.8621 -225.0000
v 141.7226 163.1444 -250.0000
v 135.8870 156.4267 -275.0000
v 130.0513 149.7090 -300.0000
v 123.4387 136.5496 300.0000
v 128.9776 142.6768 275.0000
v 134.5166 148.8040 250.0000
v 140.0555 154.9312 225.0000
v 145.5944 161.0585 200.0000
v 151.1333 167.1857 175.0000
v 156.6722 173.3129 150.0000
v 162.2111 179.4401 125.0000
v 167.7501 185.5674 100.0000
v 173.2890 191.6946 75.0000
v 178.8279 197.8218 50.0000
v 184.3668 203.9490 25.0000
v 189.9057 210.0763 -0.0000
v 184.3668 203.9490 -25.0000
v 178.8279 197.8218 -50.0000
v 173.2890 191.6946 -75.0000
v 167.7501 185.5674 -100.0000
v 162.2111 179.4401 -125.0000
v 156.6722 173.3129 -150.0000
v 151.1333 167.1857 -175.0000
v 145.5944 161.0585 -200.0000
v 140.0555 154.9312 -225.0000
v 134.5166 148.8040 -250.0000
v 128.9776 142.6768 -275.0000
v 123.4387 136.5496 -300.0000
v 114.3205 125.5737 300.0000
v 119.4503 131.2084 275.0000
v 124.5800 136.8432 250.0000
v 129.7098 142.4779 225.0000
v 134.8396 148.1126 200.0000
v 139.9693 153.7473 175.0000
v 145.0991 159.3820 150.0000
v 150.2289 165.0168 125.0000
v 155.3586 170.6515 100.0000
v 160.4884 176.2862 75.0000
v 165.6182 181.9209 50.0000
v 170.7479 187.5556 25.0000
v 175.8777 193.1903 -0.0000
v 170.7479 187.5556 -25.0000
v 165.6182 181.9209 -50.0000
v 160.4884 176.2862 -75.0000
v 155.3586 170.6515 -100.0000
v 150.2289 165.0168 -125.0000
v 145.0991 159.3820 -150.0000
v 139.9693 153.7473 -175.0000
v 134.8396 148.1126 -200.0000
v 129.7098 142.4779 -225.0000
v 124.5800 136.8432 -250.0000
v 119.4503 131.2084 -275.0000
v 114.3205 125.5737 -300.0000
v 103.3231 117.2184 300.0000
v 107.9594 122.4782 275.0000
v 112.5957 127.7380 250.0000
v 117.2320 132.9978 225.0000
v 121.8683 138.2576 200.0000
v 126.5046 143.5174 175.0000
v 131.1408 148.7772 150.0000
v 135.7771 154.0370 125.0000
v 140.4134 159.2968 100.0000
v 145.0497 164.5566 75.0000
v 149.6860 169.8164 50.0000
v 154.3223 175.0762 25.0000
v 158.9586 180.3360 -0.0000
v 154.3223 175.0762 -25.0000
v 149.6860 169.8164 -50.0000
v 145.0497 164.5566 -75.0000
v 140.4134 159.2968 -100.0000
v 135.7771 154.0370 -125.0000
v 131.1408 148.7772 -150.0000
v 126.5046 143.5174 -175.0000
v 121.8683 138.2576 -200.0000
v 117.2320 132.9978 -225.0000
v 112.5957 127.7380 -250.0000
v 107.9594 122.4782 -275.0000
v 103.3231 117.2184 -300.0000
v 91.1381 111.7548 300.0000
v 95.2276 116.7695 275.0000
v 99.3171 121.7841 250.0000
v 103.4066 126.7988 225.0000
v 107.4962 131.8134 200.0000
v 111.5857 136.8280 175.0000
v 115.6752 141.8427 150.0000
v 119.7648 146.8573 125.0000
v 123.8543 151.8720 100.0000
v 127.9438 156.8866 75.0000
v 132.0333 161.9012 50.0000
v 136.1229 166.9159 25.0000
v 140.2124 171.9305 -0.0000
v 136.1229 166.9159 -25.0000
v 132.0333 161.9012 -50.0000
v 127.9438 156.8866 -75.0000
v 123.8543 151.8720 -100.0000
v 119.7648 146.8573 -125.0000
v 115.6752 141.8427 -150.0000
v 111.5857 136.8280 -175.0000
v 107.4962 131.8134 -200.0000
v 103.4066 126.7988 -225.0000
v 99.3171 121.7841 -250.0000
v 95.2276 116.7695 -275.0000
v 91.1381 111.7548 -300.0000
v 78.4806 109.2819 300.0000
v 82.0022 114.1856 275.0000
v 85.5238 119.0893 250.0000
v 89.0453 123.9930 225.0000
v 92.5669 128.8967 200.0000
v 96.0885 133.8003 175.0000
v 99.6100 138.7040 150.0000
v 103.1316 143.6077 125.0000
v 106.6532 148.5114 100.0000
v 110.1747 153.4150 75.0000
v 113.6963 158.3187 50.0000
v 117.2179 163.2224 25.0000
v 120.7394 168.1261 -0.0000
v 117.2179 163.2224 -25.0000
v 113.6963 158.3187 -50.0000
v 110.1747 153.4150 -75.0000
v 106.6532 148.5114 -100.0000
v 103.1316 143.6077 -125.0000
v 99.6100 138.7040 -150.0000
v 96.0885 133.8003 -175.0000
v 92.5669 128.8967 -200.0000
v 89.0453 123.9930 -225.0000
v 85.5238 119.0893 -250.0000
v 82.0022 114.1856 -275.0000
v 78.4806 109.2819 -300.0000
v 66.0487 109.7302 300.0000
v 69.0124 114.6540 275.0000
v 71.9761 119.5777 250.0000
v 74.9399 124.5015 225.0000
v 77.9036 129.4253 200.0000
v 80.8673 134.3491 175.0000
v 83.8310 139.2729 150.0000
v 86.7947 144.1967 125.0000
v 89.7585 149.1205 100.0000
v 92.7222 154.0443 75.0000
v 95.6859 158.9681 50.0000
v 98.6496 163.8919 25.0000
v 101.6134 168.8156 -0.0000
v 98.6496 163.8919 -25.0000
v 95.6859 158.9681 -50.0000
v 92.7222 154.0443 -75.0000
v 89.7585 149.1205 -100.0000
v 86.7947 144.1967 -125.0000
v 83.8310 139.2729 -150.0000
v 80.8673 134.3491 -175.0000
v 77.9036 129.4253 -200.0000
v 74.9399 124.5015 -225.0000
v 71.9761 119.5777 -250.0000
v 69.0124 114.6540 -275.0000
v 66.0487 109.7302 -300.0000
v 54.4847 112.8743 300.0000
v 56.9295 117.9392 275.0000
v 59.3743 123.0040 250.0000
v 61.8192 128.0689 225.0000
v 64.2640 133.1338 200.0000
v 66.7088 138.1986 175.0000
v 69.1536 143.2635 150.0000
v 71.5985 148.3284 125.0000
v 74.0433 153.3933 100.0000
v 76.4881 158.4581 75.0000
v 78.9329 163.5230 50.0000
v 81.3778 168.5879 25.0000
v 83.8226 173.6528 -0.0000
v 81.3778 168.5879 -25.0000
v 78.9329 163.5230 -50.0000
v 76.4881 158.4581 -75.0000
v 74.0433 153.3933 -100.0000
v 71.5985 148.3284 -125.0000
v 69.1536 143.2635 -150.0000
v 66.7088 138.1986 -175.0000
v 64.2640 133.1338 -200.0000
v 61.8192 128.0689 -225.0000
v 59.3743 123.0040 -250.0000
v 56.9295 117.9392 -275.0000
v 54.4847 112.8743 -300.0000
v 44.3426 118.3547 300.0000
v 46.3323 123.6655 275.0000
v 48.3220 128.9763 250.0000
v 50.3118 134.2870 225.0000
v 52.3015 139.5978 200.0000
v 54.2912 144.9086 175.0000
v 56.2810 150.2194 150.0000
v 58.2707 155.5302 125.0000
v 60.2604 160.8410 100.0000
v 62.2501 166.1518 75.0000
v 64.2399 171.4626 50.0000
v 66.2296 176.7733 25.0000
v 68.2193 182.0841 -0.0000
v 66.2296 176.7733 -25.0000
v 64.2399 171.4626 -50.0000
v 62.2501 166.1518 -75.0000
v 60.2604 160.8410 -100.0000
v 58.2707 155.5302 -125.0000
v 56.2810 150.2194 -150.0000
v 54.2912 144.9086 -175.0000
v 52.3015 139.5978 -200.0000
v 50.3118 134.2870 -225.0000
v 48.3220 128.9763 -250.0000
v 46.3323 123.6655 -275.0000
v 44.3426 118.3547 -300.0000
v 36.0612 125.7052 300.0000
v 37.6793 131.3458 275.0000
v 39.2975 136.9865 250.0000
v 40.9156 142.6271 225.0000
v 42.5337 148.2677 200.0000
v 44.1519 153.9083 175.0000
v 45.7700 159.5489 150.0000
v 47.3881 165.1896 125.0000
v 49.0062 170.8302 100.0000
v 50.6244 176.4708 75.0000
v 52.2425 182.1114 50.0000
v 53.8606 187.7520 25.0000
v 55.4788 193.3927 -0.0000
v 53.8606 187.7520 -25.0000
v 52.2425 182.1114 -50.0000
v 50.6244 176.4708 -75.0000
v 49.0062 170.8302 -100.0000
v 47.3881 165.1896 -125.0000
v 45.7700 159.5489 -150.0000
v 44.1519 153.9083 -175.0000
v 42.5337 148.2677 -200.0000
v 40.9156 142.6271 -225.0000
v 39.2975 136.9865 -250.0000
v 37.6793 131.3458 -275.0000
v 36.0612 125.7052 -300.0000
v 29.9458 134.3860 300.0000
v 31.2895 140.4162 275.0000
v 32.6333 146.4463 250.0000
v 33.9770 152.4765 225.0000
v 35.3207 158.5066 200.0000
v 36.6644 164.5368 175.0000
v 38.0081 170.5669 150.0000
v 39.3519 176.5970 125.0000
v 40.6956 182.6272 100.0000
v 42.0393 188.6573 75.0000
v 43.3830 194.6875 50.0000
v 44.7267 200.7176 25.0000
v 46.0705 206.7478 -0.0000
v 44.7267 200.7176 -25.0000
v 43.3830 194.6875 -50.0000
v 42.0393 188.6573 -75.0000
v 40.6956 182.6272 -100.0000
v 39.3519 176.5970 -125.0000
v 38.0081 170.5669 -150.0000
v 36.6644 164.5368 -175.0000
v 35.3207 158.5066 -200.0000
v 33.9770 152.4765 -225.0000
v 32.6333 146.4463 -250.0000
v 31.2895 140.4162 -275.0000
v 29.9458 134.3860 -300.0000
vt 0.00000 1.00000
vt 0.04167 1.00000
vt 0.08333 1.00000
vt 0.12500 1.00000
vt 0.16667 1.00000
vt 0.20833 1.00000
vt 0.25000 1.00000
vt 0.29167 1.00000
vt 0.33333 1.00000
vt 0.37500 1.00000
vt 0.41667 1.00000
vt 0.45833 1.00000
vt 0.50000 1.00000
vt 0.54167 1.00000
vt 0.58333 1.00000
vt 0.62500 1.00000
vt 0.66667 1.00000
vt 0.70833 1.00000
vt 0.75000 1.00000
vt 0.79167 1.00000
vt 0.83333 1.00000
vt 0.87500 1.00000
vt 0.91667 1.00000
vt 0.95833 1.00000
vt 1.00000 1.00000
vt 0.00000 0.97500
vt 0.04167 0.97500
vt 0.08333 0.97500
vt 0.12500 0.97500
vt 0.16667 0.97500
vt 0.20833 0.97500
vt 0.25000 0.97500
vt 0.29167 0.97500
vt 0.33333 0.97500
vt 0.37500 0.97500
vt 0.41667 0.97500
vt 0.45833 0.97500
vt 0.50000 0.97500
vt 0.54167 0.97500
vt 0.58333 0.97500
vt 0.62500 0.97500
vt 0.66667 0.97500
vt 0.70833 0.97500
vt 0.75000 0.97500
vt 0.79167 0.97500
vt 0.83333 0.97500
vt 0.87500 0.97500
vt 0.91667 0.97500
vt 0.95833 0.97500
vt 1.00000 0.97500
vt 0.00000 0.95000
vt 0.04167 0.95000
vt 0.08333 0.95000
vt 0.12500 0.95000
vt 0.16667 0.95000
vt 0.20833 0.95000
vt 0.25000 0.95000
vt 0.29167 0.95000
vt 0.33333 0.95000
vt 0.37500 0.95000
vt 0.41667 0.95000
vt 0.45833 0.95000
vt 0.50000 0.95000
vt 0.54167 0.95000
vt 0.58333 0.95000
vt 0.62500 0.95000
vt 0.66667 0.95000
vt 0.70833 0.95000
vt 0.75000 0.95000
vt 0.79167 0.95000
vt 0.83333 0.95000
vt 0.87500 0.95000
vt 0.91667 0.95000
vt 0.95833 0.95000
vt 1.00000 0.95000
vt 0.00000 0.92500
vt 0.04167 0.92500
vt 0.08333 0.92500
vt 0.12500 0.92500
vt 0.16667 0.92500
vt 0.20833 0.92500
vt 0.25000 0.92500
vt 0.29167 0.92500
vt 0.33333 0.92500
vt 0.37500 0.92500
vt 0.41667 0.92500
vt 0.45833 0.92500
vt 0.50000 0.92500
vt 0.54167 0.92500
vt 0.58333 0.92500
vt 0.62500 0.92500
vt 0.66667 0.92500
vt 0.70833 0.92500
vt 0.75000 0.92500
vt 0.79167 0.92500
vt 0.83333 0.92500
vt 0.87500 0.92500
vt 0.91667 0.92500
vt 0.95833 0.92500
vt 1.00000 0.92500
vt 0.00000 0.90000
vt 0.04167 0.90000
vt 0.08333 0.90000
vt 0.12500 0.90000
vt 0.16667 0.90000
vt 0.20833 0.90000
vt 0.25000 0.90000
vt 0.29167 0.90000
vt 0.33333 0.90000
vt 0.37500 0.90000
vt 0.41667 0.90000
vt 0.45833 0.90000
vt 0.50000 0.90000
vt 0.54167 0.90000
vt 0.58333 0.90000
vt 0.62500 0.90000
vt 0.66667 0.90000
vt 0.70833 0.90000
vt 0.75000 0.90000
vt 0.79167 0.90000
vt 0.83333 0.90000
vt 0.87500 0.90000
vt 0.91667 0.90000
vt 0.95833 0.90000
vt 1.00000 0.90000
vt 0.00000 0.87500
vt 0.04167 0.87500
vt 0.08333 0.87500
vt 0.12500 0.87500
vt 0.16667 0.87500
vt 0.20833 0.87500
vt 0.25000 0.87500
vt 0.29167 0.87500
vt 0.33333 0.87500
vt 0.37500 0.87500
vt 0.41667 0.87500
vt 0.45833 0.87500
vt 0.50000 0.87500
vt 0.54167 0.87500
vt 0.58333 0.87500
vt 0.62500 0.87500
vt 0.66667 0.87500
vt 0.70833 0.87500
vt 0.75000 0.87500
vt 0.79167 0.87500
vt 0.83333 0.87500
vt 0.87500 0.87500
vt 0.91667 0.87500
vt 0.95833 0.87500
vt 1.00000 0.87500
vt 0.00000 0.85000
vt 0.04167 0.85000
vt 0.08333 0.85000
vt 0.12500 0.85000
vt 0.16667 0.85000
vt 0.20833 0.85000
vt 0.25000 0.85000
vt 0.29167 0.85000
vt 0.33333 0.85000
vt 0.37500 0.85000
vt 0.41667 0.85000
vt 0.45833 0.85000
vt 0.50000 0.85000
vt 0.54167 0.85000
vt 0.58333 0.85000
vt 0.62500 0.85000
vt 0.66667 0.85000
vt 0.70833 0.85000
vt 0.75000 0.85000
vt 0.79167 0.85000
vt 0.83333 0.85000
vt 0.87500 0.85000
vt 0.91667 0.85000
vt 0.95833 0.85000
vt 1.00000 0.85000
vt 0.00000 0.82500
vt 0.04167 0.82500
vt 0.08333 0.82500
vt 0.12500 0.82500
vt 0.16667 0.82500
vt 0.20833 0.82500
vt 0.25000 0.82500
vt 0.29167 0.82500
vt 0.33333 0.82500
vt 0.37500 0.82500
vt 0.41667 0.82500
vt 0.45833 0.82500
vt 0.50000 0.82500
vt 0.54167 0.82500
vt 0.58333 0.82500
vt 0.62500 0.82500
vt 0.66667 0.82500
vt 0.70833 0.82500
vt 0.75000 0.82500
vt 0.79167 0.82500
vt 0.83333 0.82500
vt 0.87500 0.82500
vt 0.91667 0.82500
vt 0.95833 0.82500
vt 1.00000 0.82500
vt 0.00000 0.80000
vt 0.04167 0.80000
vt 0.08333 0.80000
vt 0.12500 0.80000
vt 0.16667 0.80000
vt 0.20833 0.80000
vt 0.25000 0.80000
vt 0.29167 0.80000
vt 0.33333 0.80000
vt 0.37500 0.80000
vt 0.41667 0.80000
vt 0.45833 0.80000
vt 0.50000 0.80000
vt 0.54167 0.80000
vt 0.58333 0.80000
vt 0.62500 0.80000
vt 0.66667 0.80000
vt 0.70833 0.80000
vt 0.75000 0.80000
vt 0.79167 0.80000
vt 0.83333 0.80000
vt 0.87500 0.80000
vt 0.91667 0.80000
vt 0.95833 0.80000
vt 1.00000 0.80000
vt 0.00000 0.77500
vt 0.04167 0.77500
vt 0.08333 0.77500
vt 0.12500 0.77500
vt 0.16667 0.77500
vt 0.20833 0.77500
vt 0.25000 0.77500
vt 0.29167 0.77500
vt 0.33333 0.77500
vt 0.37500 0.77500
vt 0.41667 0.77500
vt 0.45833 0.77500
vt 0.50000 0.77500
vt 0.54167 0.77500
vt 0.58333 0.77500
vt 0.62500 0.77500
vt 0.66667 0.77500
vt 0.70833 0.77500
vt 0.75000 0.77500
vt 0.79167 0.77500
vt 0.83333 0.77500
vt 0.87500 0.77500
vt 0.91667 0.77500
vt 0.95833 0.77500
vt 1.00000 0.77500
vt 0.00000 0.75000
vt 0.04167 0.75000
vt 0.08333 0.75000
vt 0.12500 0.75000
vt 0.16667 0.75000
vt 0.20833 0.75000
vt 0.25000 0.75000
vt 0.29167 0.75000
vt 0.33333 0.75000
vt 0.37500 0.75000
vt 0.41667 0.75000
vt 0.45833 0.75000
vt 0.50000 0.75000
vt 0.54167 0.75000
vt 0.58333 0.75000
vt 0.62500 0.75000
vt 0.66667 0.75000
vt 0.70833 0.75000
vt 0.75000 0.75000
vt 0.79167 0.75000
vt 0.83333 0.75000
vt 0.87500 0.75000
vt 0.91667 0.75000
vt 0.95833 0.75000
vt 1.00000 0.75000
vt 0.00000 0.72500
vt 0.04167 0.72500
vt 0.08333 0.72500
vt 0.12500 0.72500
vt 0.16667 0.72500
vt 0.20833 0.72500
vt 0.25000 0.72500
vt 0.29167 0.72500
vt 0.33333 0.72500
vt 0.37500 0.72500
vt 0.41667 0.72500
vt 0.45833 0.72500
vt 0.50000 0.72500
vt 0.54167 0.72500
vt 0.58333 0.72500
vt 0.62500 0.72500
vt 0.66667 0.72500
vt 0.70833 0.72500
vt 0.75000 0.72500
vt 0.79167 0.72500
vt 0.83333 0.72500
vt 0.87500 0.72500
vt 0.91667 0.72500
vt 0.95833 0.72500
vt 1.00000 0.72500
vt 0.00000 0.70000
vt 0.04167 0.70000
vt 0.08333 0.70000
vt 0.12500 0.70000
vt 0.16667 0.70000
vt 0.20833 0.70000
vt 0.25000 0.70000
vt 0.29167 0.70000
vt 0.33333 0.70000
vt 0.37500 0.70000
vt 0.41667 0.70000
vt 0.45833 0.70000
vt 0.50000 0.70000
vt 0.54167 0.70000
vt 0.58333 0.70000
vt 0.62500 0.70000
vt 0.66667 0.70000
vt 0.70833 0.70000
vt 0.75000 0.70000
vt 0.79167 0.70000
vt 0.83333 0.70000
vt 0.87500 0.70000
vt 0.91667 0.70000
vt 0.95833 0.70000
vt 1.00000 0.70000
vt 0.00000 0.67500
vt 0.04167 0.67500
vt 0.08333 0.67500
vt 0.12500 0.67500
vt 0.16667 0.67500
vt 0.20833 0.67500
vt 0.25000 0.67500
vt 0.29167 0.67500
vt 0.33333 0.67500
vt 0.37500 0.67500
vt 0.41667 0.67500
vt 0.45833 0.67500
vt 0.50000 0.67500
vt 0.54167 0.67500
vt 0.58333 0.67500
vt 0.62500 0.67500
vt 0.66667 0.67500
vt 0.70833 0.67500
vt 0.75000 0.67500
vt 0.79167 0.67500
vt 0.83333 0.67500
vt 0.87500 0.67500
vt 0.91667 0.67500
vt 0.95833 0.67500
vt 1.00000 0.67500
vt 0.00000 0.65000
vt 0.04167 0.65000
vt 0.08333 0.65000
vt 0.12500 0.65000
vt 0.16667 0.65000
vt 0.20833 0.65000
vt 0.25000 0.65000
vt 0.29167 0.65000
vt 0.33333 0.65000
vt 0.37500 0.65000
vt 0.41667 0.65000
vt 0.45833 0.65000
vt 0.50000 0.65000
vt 0.54167 0.65000
vt 0.58333 0.65000
vt 0.62500 0.65000
vt 0.66667 0.65000
vt 0.70833 0.65000
vt 0.75000 0.65000
vt 0.79167 0.65000
vt 0.83333 0.65000
vt 0.87500 0.65000
vt 0.91667 0.65000
vt 0.95833 0.65000
vt 1.00000 0.65000
vt 0.00000 0.62500
vt 0.04167 0.62500
vt 0.08333 0.62500
vt 0.12500 0.62500
vt 0.16667 0.62500
vt 0.20833 0.62500
vt 0.25000 0.62500
vt 0.29167 0.62500
vt 0.33333 0.62500
vt 0.37500 0.62500
vt 0.41667 0.62500
vt 0.45833 0.62500
vt 0.50000 0.62500
vt 0.54167 0.62500
vt 0.58333 0.62500
vt 0.62500 0.62500
vt 0.66667 0.62500
vt 0.70833 0.62500
vt 0.75000 0.62500
vt 0.79167 0.62500
vt 0.83333 0.62500
vt 0.87500 0.62500
vt 0.91667 0.62500
vt 0.95833 0.62500
vt 1.00000 0.62500
vt 0.00000 0.60000
vt 0.04167 0.60000
vt 0.08333 0.60000
vt 0.12500 0.60000
vt 0.16667 0.60000
vt 0.20833 0.60000
vt 0.25000 0.60000
vt 0.29167 0.60000
vt 0.33333 0.60000
vt 0.37500 0.60000
vt 0.41667 0.60000
vt 0.45833 0.60000
vt 0.50000 0.60000
vt 0.54167 0.60000
vt 0.58333 0.60000
vt 0.62500 0.60000
vt 0.66667 0.60000
vt 0.70833 0.60000
vt 0.75000 0.60000
vt 0.79167 0.60000
vt 0.83333 0.60000
vt 0.87500 0.60000
vt 0.91667 0.60000
vt 0.95833 0.60000
vt 1.00000 0.60000
vt 0.00000 0.57500
vt 0.04167 0.57500
vt 0.08333 0.57500
vt 0.12500 0.57500
vt 0.16667 0.57500
vt 0.20833 0.57500
vt 0.25000 0.57500
vt 0.29167 0.57500
vt 0.33333 0.57500
vt 0.37500 0.57500
vt 0.41667 0.57500
vt 0.45833 0.57500
vt 0.50000 0.57500
vt 0.54167 0.57500
vt 0.58333 0.57500
vt 0.62500 0.57500
vt 0.66667 0.57500
vt 0.70833 0.57500
vt 0.75000 0.57500
vt 0.79167 0.57500
vt 0.83333 0.57500
vt 0.87500 0.57500
vt 0.91667 0.57500
vt 0.95833 0.57500
vt 1.00000 0.57500
vt 0.00000 0.55000
vt 0.04167 0.55000
vt 0.08333 0.55000
vt 0.12500 0.55000
vt 0.16667 0.55000
vt 0.20833 0.55000
vt 0.25000 0.55000
vt 0.29167 0.55000
vt 0.33333 0.55000
vt 0.37500 0.55000
vt 0.41667 0.55000
vt 0.45833 0.55000
vt 0.50000 0.55000
vt 0.54167 0.55000
vt 0.58333 0.55000
vt 0.62500 0.55000
vt 0.66667 0.55000
vt 0.70833 0.55000
vt 0.75000 0.55000
vt 0.79167 0.55000
vt 0.83333 0.55000
vt 0.87500 0.55000
vt 0.91667 0.55000
vt 0.95833 0.55000
vt 1.00000 0.55000
vt 0.00000 0.52500
vt 0.04167 0.52500
vt 0.08333 0.52500
vt 0.12500 0.52500
vt 0.16667 0.52500
vt 0.20833 0.52500
vt 0.25000 0.52500
vt 0.29167 0.52500
vt 0.33333 0.52500
vt 0.37500 0.52500
vt 0.41667 0.52500
vt 0.45833 0.52500
vt 0.50000 0.52500
vt 0.54167 0.52500
vt 0.58333 0.52500
vt 0.62500 0.52500
vt 0.66667 0.52500
vt 0.70833 0.52500
vt 0.75000 0.52500
vt 0.79167 0.52500
vt 0.83333 0.52500
vt 0.87500 0.52500
vt 0.91667 0.52500
vt 0.95833 0.52500
vt 1.00000 0.52500
vt 0.00000 0.50000
vt 0.04167 0.50000
vt 0.08333 0.50000
vt 0.12500 0.50000
vt 0.16667 0.50000
vt 0.20833 0.50000
vt 0.25000 0.50000
vt 0.29167 0.50000
vt 0.33333 0.50000
vt 0.37500 0.50000
vt 0.41667 0.50000
vt 0.45833 0.50000
vt 0.50000 0.50000
vt 0.54167 0.50000
vt 0.58333 0.50000
vt 0.62500 0.50000
vt 0.66667 0.50000
vt 0.70833 0.50000
vt 0.75000 0.50000
vt 0.79167 0.50000
vt 0.83333 0.50000
vt 0.87500 0.50000
vt 0.91667 0.50000
vt 0.95833 0.50000
vt 1.00000 0.50000
vt 0.00000 0.47500
vt 0.04167 0.47500
vt 0.08333 0.47500
vt 0.12500 0.47500
vt 0.16667 0.47500
vt 0.20833 0.47500
vt 0.25000 0.47500
vt 0.29167 0.47500
vt 0.33333 0.47500
vt 0.37500 0.47500
vt 0.41667 0.47500
vt 0.45833 0.47500
vt 0.50000 0.47500
vt 0.54167 0.47500
vt 0.58333 0.47500
vt 0.62500 0.47500
vt 0.66667 0.47500
vt 0.70833 0.47500
vt 0.75000 0.47500
vt 0.79167 0.47500
vt 0.83333 0.47500
vt 0.87500 0.47500
vt 0.91667 0.47500
vt 0.95833 0.47500
vt 1.00000 0.47500
vt 0.00000 0.45000
vt 0.04167 0.45000
vt 0.08333 0.45000
vt 0.12500 0.45000
vt 0.16667 0.45000
vt 0.20833 0.45000
vt 0.25000 0.45000
vt 0.29167 0.45000
vt 0.33333 0.45000
vt 0.37500 0.45000
vt 0.41667 0.45000
vt 0.45833 0.45000
vt 0.50000 0.45000
vt 0.54167 0.45000
vt 0.58333 0.45000
vt 0.62500 0.45000
vt 0.66667 0.45000
vt 0.70833 0.45000
vt 0.75000 0.45000
vt 0.79167 0.45000
vt 0.83333 0.45000
vt 0.87500 0.45000
vt 0.91667 0.45000
vt 0.95833 0.45000
vt 1.00000 0.45000
vt 0.00000 0.42500
vt 0.04167 0.42500
vt 0.08333 0.42500
vt 0.12500 0.42500
vt 0.16667 0.42500
vt 0.20833 0.42500
vt 0.25000 0.42500
vt 0.29167 0.42500
vt 0.33333 0.42500
vt 0.37500 0.42500
vt 0.41667 0.42500
vt 0.45833 0.42500
vt 0.50000 0.42500
vt 0.54167 0.42500
vt 0.58333 0.42500
vt 0.62500 0.42500
vt 0.66667 0.42500
vt 0.70833 0.42500
vt 0.75000 0.42500
vt 0.79167 0.42500
vt 0.83333 0.42500
vt 0.87500 0.42500
vt 0.91667 0.42500
vt 0.95833 0.42500
vt 1.00000 0.42500
vt 0.00000 0.40000
vt 0.04167 0.40000
vt 0.08333 0.40000
vt 0.12500 0.40000
vt 0.16667 0.40000
vt 0.20833 0.40000
vt 0.25000 0.40000
vt 0.29167 0.40000
vt 0.33333 0.40000
vt 0.37500 0.40000
vt 0.41667 0.40000
vt 0.45833 0.40000
vt 0.50000 0.40000
vt 0.54167 0.40000
vt 0.58333 0.40000
vt 0.62500 0.40000
vt 0.66667 0.40000
vt 0.70833 0.40000
vt 0.75000 0.40000
vt 0.79167 0.40000
vt 0.83333 0.40000
vt 0.87500 0.40000
vt 0.91667 0.40000
vt 0.95833 0.40000
vt 1.00000 0.40000
vt 0.00000 0.37500
vt 0.04167 0.37500
vt 0.08333 0.37500
vt 0.12500 0.37500
vt 0.16667 0.37500
vt 0.20833 0.37500
vt 0.25000 0.37500
vt 0.29167 0.37500
vt 0.33333 0.37500
vt 0.37500 0.37500
vt 0.41667 0.37500
vt 0.45833 0.37500
vt 0.50000 0.37500
vt 0.54167 0.37500
vt 0.58333 0.37500
vt 0.62500 0.37500
vt 0.66667 0.37500
vt 0.70833 0.37500
vt 0.75000 0.37500
vt 0.79167 0.37500
vt 0.83333 0.37500
vt 0.87500 0.37500
vt 0.91667 0.37500
vt 0.95833 0.37500
vt 1.00000 0.37500
vt 0.00000 0.35000
vt 0.04167 0.35000
vt 0.08333 0.35000
vt 0.12500 0.35000
vt 0.16667 0.35000
vt 0.20833 0.35000
vt 0.25000 0.35000
vt 0.29167 0.35000
vt 0.33333 0.35000
vt 0.37500 0.35000
vt 0.41667 0.35000
vt 0.45833 0.35000
vt 0.50000 0.35000
vt 0.54167 0.35000
vt 0.58333 0.35000
vt 0.62500 0.35000
vt 0.66667 0.35000
vt 0.70833 0.35000
vt 0.75000 0.35000
vt 0.79167 0.35000
vt 0.83333 0.35000
vt 0.87500 0.35000
vt 0.91667 0.35000
vt 0.95833 0.35000
vt 1.00000 0.35000
vt 0.00000 0.32500
vt 0.04167 0.32500
vt 0.08333 0.32500
vt 0.12500 0.32500
vt 0.16667 0.32500
vt 0.20833 0.32500
vt 0.25000 0.32500
vt 0.29167 0.32500
vt 0.33333 0.32500
vt 0.37500 0.32500
vt 0.41667 0.32500
vt 0.45833 0.32500
vt 0.50000 0.32500
vt 0.54167 0.32500
vt 0.58333 0.32500
vt 0.62500 0.32500
vt 0.66667 0.32500
vt 0.70833 0.32500
vt 0.75000 0.32500
vt 0.79167 0.32500
vt 0.83333 0.32500
vt 0.87500 0.32500
vt 0.91667 0.32500
vt 0.95833 0.32500
vt 1.00000 0.32500
vt 0.00000 0.30000
vt 0.04167 0.30000
vt 0.08333 0.30000
vt 0.12500 0.30000
vt 0.16667 0.30000
vt 0.20833 0.30000
vt 0.25000 0.30000
vt 0.29167 0.30000
vt 0.33333 0.30000
vt 0.37500 0.30000
vt 0.41667 0.30000
vt 0.45833 0.30000
vt 0.50000 0.30000
vt 0.54167 0.30000
vt 0.58333 0.30000
vt 0.62500 0.30000
vt 0.66667 0.30000
vt 0.70833 0.30000
vt 0.75000 0.30000
vt 0.79167 0.30000
vt 0.83333 0.30000
vt 0.87500 0.30000
vt 0.91667 0.30000
vt 0.95833 0.30000
vt 1.00000 0.30000
vt 0.00000 0.27500
vt 0.04167 0.27500
vt 0.08333 0.27500
vt 0.12500 0.27500
vt 0.16667 0.27500
vt 0.20833 0.27500
vt 0.25000 0.27500
vt 0.29167 0.27500
vt 0.33333 0.27500
vt 0.37500 0.27500
vt 0.41667 0.27500
vt 0.45833 0.27500
vt 0.50000 0.27500
vt 0.54167 0.27500
vt 0.58333 0.27500
vt 0.62500 0.27500
vt 0.66667 0.27500
vt 0.70833 0.27500
vt 0.75000 0.27500
vt 0.79167 0.27500
vt 0.83333 0.27500
vt 0.87500 0.27500
vt 0.91667 0.27500
vt 0.95833 0.27500
vt 1.00000 0.27500
vt 0.00000 0.25000
vt 0.04167 0.25000
vt 0.08333 0.25000
vt 0.12500 0.25000
vt 0.16667 0.25000
vt 0.20833 0.25000
vt 0.25000 0.25000
vt 0.29167 0.25000
vt 0.33333 0.25000
vt 0.37500 0.25000
vt 0.41667 0.25000
vt 0.45833 0.25000
vt 0.50000 0.25000
vt 0.54167 0.25000
vt 0.58333 0.25000
vt 0.62500 0.25000
vt 0.66667 0.25000
vt 0.70833 0.25000
vt 0.75000 0.25000
vt 0.79167 0.25000
vt 0.83333 0.25000
vt 0.87500 0.25000
vt 0.91667 0.25000
vt 0.95833 0.25000
vt 1.00000 0.25000
vt 0.00000 0.22500
vt 0.04167 0.22500
vt 0.08333 0.22500
vt 0.12500 0.22500
vt 0.16667 0.22500
vt 0.20833 0.22500
vt 0.25000 0.22500
vt 0.29167 0.22500
vt 0.33333 0.22500
vt 0.37500 0.22500
vt 0.41667 0.22500
vt 0.45833 0.22500
vt 0.50000 0.22500
vt 0.54167 0.22500
vt 0.58333 0.22500
vt 0.62500 0.22500
vt 0.66667 0.22500
vt 0.70833 0.22500
vt 0.75000 0.22500
vt 0.79167 0.22500
vt 0.83333 0.22500
vt 0.87500 0.22500
vt 0.91667 0.22500
vt 0.95833 0.22500
vt 1.00000 0.22500
vt 0.00000 0.20000
vt 0.04167 0.20000
vt 0.08333 0.20000
vt 0.12500 0.20000
vt 0.16667 0.20000
vt 0.20833 0.20000
vt 0.25000 0.20000
vt 0.29167 0.20000
vt 0.33333 0.20000
vt 0.37500 0.20000
vt 0.41667 0.20000
vt 0.45833 0.20000
vt 0.50000 0.20000
vt 0.54167 0.20000
vt 0.58333 0.20000
vt 0.62500 0.20000
vt 0.66667 0.20000
vt 0.70833 0.20000
vt 0.75000 0.20000
vt 0.79167 0.20000
vt 0.83333 0.20000
vt 0.87500 0.20000
vt 0.91667 0.20000
vt 0.95833 0.20000
vt 1.00000 0.20000
vt 0.00000 0.17500
vt 0.04167 0.17500
vt 0.08333 0.17500
vt 0.12500 0.17500
vt 0.16667 0.17500
vt 0.20833 0.17500
vt 0.25000 0.17500
vt 0.29167 0.17500
vt 0.33333 0.17500
vt 0.37500 0.17500
vt 0.41667 0.17500
vt 0.45833 0.17500
vt 0.50000 0.17500
vt 0.54167 0.17500
vt 0.58333 0.17500
vt 0.62500 0.17500
vt 0.66667 0.17500
vt 0.70833 0.17500
vt 0.75000 0.17500
vt 0.79167 0.17500
vt 0.83333 0.17500
vt 0.87500 0.17500
vt 0.91667 0.17500
vt 0.95833 0.17500
vt 1.00000 0.17500
vt 0.00000 0.15000
vt 0.04167 0.15000
vt 0.08333 0.15000
vt 0.12500 0.15000
vt 0.16667 0.15000
vt 0.20833 0.15000
vt 0.25000 0.15000
vt 0.29167 0.15000
vt 0.33333 0.15000
vt 0.37500 0.15000
vt 0.41667 0.15000
vt 0.45833 0.15000
vt 0.50000 0.15000
vt 0.54167 0.15000
vt 0.58333 0.15000
vt 0.62500 0.15000
vt 0.66667 0.15000
vt 0.70833 0.15000
vt 0.75000 0.15000
vt 0.79167 0.15000
vt 0.83333 0.15000
vt 0.87500 0.15000
vt 0.91667 0.15000
vt 0.95833 0.15000
vt 1.00000 0.15000
vt 0.00000 0.12500
vt 0.04167 0.12500
vt 0.08333 0.12500
vt 0.12500 0.12500
vt 0.16667 0.12500
vt 0.20833 0.12500
vt 0.25000 0.12500
vt 0.29167 0.12500
vt 0.33333 0.12500
vt 0.37500 0.12500
vt 0.41667 0.12500
vt 0.45833 0.12500
vt 0.50000 0.12500
vt 0.54167 0.12500
vt 0.58333 0.12500
vt 0.62500 0.12500
vt 0.66667 0.12500
vt 0.70833 0.12500
vt 0.75000 0.12500
vt 0.79167 0.12500
vt 0.83333 0.12500
vt 0.87500 0.12500
vt 0.91667 0.12500
vt 0.95833 0.12500
vt 1.00000 0.12500
vt 0.00000 0.10000
vt 0.04167 0.10000
vt 0.08333 0.10000
vt 0.12500 0.10000
vt 0.16667 0.10000
vt 0.20833 0.10000
vt 0.25000 0.10000
vt 0.29167 0.10000
vt 0.33333 0.10000
vt 0.37500 0.10000
vt 0.41667 0.10000
vt 0.45833 0.10000
vt 0.50000 0.10000
vt 0.54167 0.10000
vt 0.58333 0.10000
vt 0.62500 0.10000
vt 0.66667 0.10000
vt 0.70833 0.10000
vt 0.75000 0.10000
vt 0.79167 0.10000
vt 0.83333 0.10000
vt 0.87500 0.10000
vt 0.91667 0.10000
vt 0.95833 0.10000
vt 1.00000 0.10000
vt 0.00000 0.07500
vt 0.04167 0.07500
vt 0.08333 0.07500
vt 0.12500 0.07500
vt 0.16667 0.07500
vt 0.20833 0.07500
vt 0.25000 0.07500
vt 0.29167 0.07500
vt 0.33333 0.07500
vt 0.37500 0.07500
vt 0.41667 0.07500
vt 0.45833 0.07500
vt 0.50000 0.07500
vt 0.54167 0.07500
vt 0.58333 0.07500
vt 0.62500 0.07500
vt 0.66667 0.07500
vt 0.70833 0.07500
vt 0.75000 0.07500
vt 0.79167 0.07500
vt 0.83333 0.07500
vt 0.87500 0.07500
vt 0.91667 0.07500
vt 0.95833 0.07500
vt 1.00000 0.07500
vt 0.00000 0.05000
vt 0.04167 0.05000
vt 0.08333 0.05000
vt 0.12500 0.05000
vt 0.16667 0.05000
vt 0.20833 0.05000
vt 0.25000 0.05000
vt 0.29167 0.05000
vt 0.33333 0.05000
vt 0.37500 0.05000
vt 0.41667 0.05000
vt 0.45833 0.05000
vt 0.50000 0.05000
vt 0.54167 0.05000
vt 0.58333 0.05000
vt 0.62500 0.05000
vt 0.66667 0.05000
vt 0.70833 0.05000
vt 0.75000 0.05000
vt 0.79167 0.05000
vt 0.83333 0.05000
vt 0.87500 0.05000
vt 0.91667 0.05000
vt 0.95833 0.05000
vt 1.00000 0.05000
vt 0.00000 0.02500
vt 0.04167 0.02500
vt 0.08333 0.02500
vt 0.12500 0.02500
vt 0.16667 0.02500
vt 0.20833 0.02500
vt 0.25000 0.02500
vt 0.29167 0.02500
vt 0.33333 0.02500
vt 0.37500 0.02500
vt 0.41667 0.02500
vt 0.45833 0.02500
vt 0.50000 0.02500
vt 0.54167 0.02500
vt 0.58333 0.02500
vt 0.62500 0.02500
vt 0.66667 0.02500
vt 0.70833 0.02500
vt 0.75000 0.02500
vt 0.79167 0.02500
vt 0.83333 0.02500
vt 0.87500 0.02500
vt 0.91667 0.02500
vt 0.95833 0.02500
vt 1.00000 0.02500
vt 0.00000 0.00000
vt 0.04167 0.00000
vt 0.08333 0.00000
vt 0.12500 0.00000
vt 0.16667 0.00000
vt 0.20833 0.00000
vt 0.25000 0.00000
vt 0.29167 0.00000
vt 0.33333 0.00000
vt 0.37500 0.00000
vt 0.41667 0.00000
vt 0.45833 0.00000
vt 0.50000 0.00000
vt 0.54167 0.00000
vt 0.58333 0.00000
vt 0.62500 0.00000
vt 0.66667 0.00000
vt 0.70833 0.00000
vt 0.75000 0.00000
vt 0.79167 0.00000
vt 0.83333 0.00000
vt 0.87500 0.00000
vt 0.91667 0.00000
vt 0.95833 0.00000
vt 1.00000 0.00000
vt 0.00000 1.00000
vt 0.04167 1.00000
vt 0.08333 1.00000
vt 0.12500 1.00000
vt 0.16667 1.00000
vt 0.20833 1.00000
vt 0.25000 1.00000
vt 0.29167 1.00000
vt 0.33333 1.00000
vt 0.37500 1.00000
vt 0.41667 1.00000
vt 0.45833 1.00000
vt 0.50000 1.00000
vt 0.54167 1.00000
vt 0.58333 1.00000
vt 0.62500 1.00000
vt 0.66667 1.00000
vt 0.70833 1.00000
vt 0.75000 1.00000
vt 0.79167 1.00000
vt 0.83333 1.00000
vt 0.87500 1.00000
vt 0.91667 1.00000
vt 0.95833 1.00000
vt 1.00000 1.00000
vt 0.00000 0.97500
vt 0.04167 0.97500
vt 0.08333 0.97500
vt 0.12500 0.97500
vt 0.16667 0.97500
vt 0.20833 0.97500
vt 0.25000 0.97500
vt 0.29167 0.97500
vt 0.33333 0.97500
vt 0.37500 0.97500
vt 0.41667 0.97500
vt 0.45833 0.97500
vt 0.50000 0.97500
vt 0.54167 0.97500
vt 0.58333 0.97500
vt 0.62500 0.97500
vt 0.66667 0.97500
vt 0.70833 0.97500
vt 0.75000 0.97500
vt 0.79167 0.97500
vt 0.83333 0.97500
vt 0.87500 0.97500
vt 0.91667 0.97500
vt 0.95833 0.97500
vt 1.00000 0.97500
vt 0.00000 0.95000
vt 0.04167 0.95000
vt 0.08333 0.95000
vt 0.12500 0.95000
vt 0.16667 0.95000
vt 0.20833 0.95000
vt 0.25000 0.95000
vt 0.29167 0.95000
vt 0.33333 0.95000
vt 0.37500 0.95000
vt 0.41667 0.95000
vt 0.45833 0.95000
vt 0.50000 0.95000
vt 0.54167 0.95000
vt 0.58333 0.95000
vt 0.62500 0.95000
vt 0.66667 0.95000
vt 0.70833 0.95000
vt 0.75000 0.95000
vt 0.79167 0.95000
vt 0.83333 0.95000
vt 0.87500 0.95000
vt 0.91667 0.95000
vt 0.95833 0.95000
vt 1.00000 0.95000
vt 0.00000 0.92500
vt 0.04167 0.92500
vt 0.08333 0.92500
vt 0.12500 0.92500
vt 0.16667 0.92500
vt 0.20833 0.92500
vt 0.25000 0.92500
vt 0.29167 0.92500
vt 0.33333 0.92500
vt 0.37500 0.92500
vt 0.41667 0.92500
vt 0.45833 0.92500
vt 0.50000 0.92500
vt 0.54167 0.92500
vt 0.58333 0.92500
vt 0.62500 0.92500
vt 0.66667 0.92500
vt 0.70833 0.92500
vt 0.75000 0.92500
vt 0.79167 0.92500
vt 0.83333 0.92500
vt 0.87500 0.92500
vt 0.91667 0.92500
vt 0.95833 0.92500
vt 1.00000 0.92500
vt 0.00000 0.90000
vt 0.04167 0.90000
vt 0.08333 0.90000
vt 0.12500 0.90000
vt 0.16667 0.90000
vt 0.20833 0.90000
vt 0.25000 0.90000
vt 0.29167 0.90000
vt 0.33333 0.90000
vt 0.37500 0.90000
vt 0.41667 0.90000
vt 0.45833 0.90000
vt 0.50000 0.90000
vt 0.54167 0.90000
vt 0.58333 0.90000
vt 0.62500 0.90000
vt 0.66667 0.90000
vt 0.70833 0.90000
vt 0.75000 0.90000
vt 0.79167 0.90000
vt 0.83333 0.90000
vt 0.87500 0.90000
vt 0.91667 0.90000
vt 0.95833 0.90000
vt 1.00000 0.90000
vt 0.00000 0.87500
vt 0.04167 0.87500
vt 0.08333 0.87500
vt 0.12500 0.87500
vt 0.16667 0.87500
vt 0.20833 0.87500
vt 0.25000 0.87500
vt 0.29167 0.87500
vt 0.33333 0.87500
vt 0.37500 0.87500
vt 0.41667 0.87500
vt 0.45833 0.87500
vt 0.50000 0.87500
vt 0.54167 0.87500
vt 0.58333 0.87500
vt 0.62500 0.87500
vt 0.66667 0.87500
vt 0.70833 0.87500
vt 0.75000 0.87500
vt 0.79167 0.87500
vt 0.83333 0.87500
vt 0.87500 0.87500
vt 0.91667 0.87500
vt 0.95833 0.87500
vt 1.00000 0.87500
vt 0.00000 0.85000
vt 0.04167 0.85000
vt 0.08333 0.85000
vt 0.12500 0.85000
vt 0.16667 0.85000
vt 0.20833 0.85000
vt 0.25000 0.85000
vt 0.29167 0.85000
vt 0.33333 0.85000
vt 0.37500 0.85000
vt 0.41667 0.85000
vt 0.45833 0.85000
vt 0.50000 0.85000
vt 0.54167 0.85000
vt 0.58333 0.85000
vt 0.62500 0.85000
vt 0.66667 0.85000
vt 0.70833 0.85000
vt 0.75000 0.85000
vt 0.79167 0.85000
vt 0.83333 0.85000
vt 0.87500 0.85000
vt 0.91667 0.85000
vt 0.95833 0.85000
vt 1.00000 0.85000
vt 0.00000 0.82500
vt 0.04167 0.82500
vt 0.08333 0.82500
vt 0.12500 0.82500
vt 0.16667 0.82500
vt 0.20833 0.82500
vt 0.25000 0.82500
vt 0.29167 0.82500
vt 0.33333 0.82500
vt 0.37500 0.82500
vt 0.41667 0.82500
vt 0.45833 0.82500
vt 0.50000 0.82500
vt 0.54167 0.82500
vt 0.58333 0.82500
vt 0.62500 0.82500
vt 0.66667 0.82500
vt 0.70833 0.82500
vt 0.75000 0.82500
vt 0.79167 0.82500
vt 0.83333 0.82500
vt 0.87500 0.82500
vt 0.91667 0.82500
vt 0.95833 0.82500
vt 1.00000 0.82500
vt 0.00000 0.80000
vt 0.04167 0.80000
vt 0.08333 0.80000
vt 0.12500 0.80000
vt 0.16667 0.80000
vt 0.20833 0.80000
vt 0.25000 0.80000
vt 0.29167 0.80000
vt 0.33333 0.80000
vt 0.37500 0.80000
vt 0.41667 0.80000
vt 0.45833 0.80000
vt 0.50000 0.80000
vt 0.54167 0.80000
vt 0.58333 0.80000
vt 0.62500 0.80000
vt 0.66667 0.80000
vt 0.70833 0.80000
vt 0.75000 0.80000
vt 0.79167 0.80000
vt 0.83333 0.80000
vt 0.87500 0.80000
vt 0.91667 0.80000
vt 0.95833 0.80000
vt 1.00000 0.80000
vt 0.00000 0.77500
vt 0.04167 0.77500
vt 0.08333 0.77500
vt 0.12500 0.77500
vt 0.16667 0.77500
vt 0.20833 0.77500
vt 0.25000 0.77500
vt 0.29167 0.77500
vt 0.33333 0.77500
vt 0.37500 0.77500
vt 0.41667 0.77500
vt 0.45833 0.77500
vt 0.50000 0.77500
vt 0.54167 0.77500
vt 0.58333 0.77500
vt 0.62500 0.77500
vt 0.66667 0.77500
vt 0.70833 0.77500
vt 0.75000 0.77500
vt 0.79167 0.77500
vt 0.83333 0.77500
vt 0.87500 0.77500
vt 0.91667 0.77500
vt 0.95833 0.77500
vt 1.00000 0.77500
vt 0.00000 0.75000
vt 0.04167 0.75000
vt 0.08333 0.75000
vt 0.12500 0.75000
vt 0.16667 0.75000
vt 0.20833 0.75000
vt 0.25000 0.75000
vt 0.29167 0.75000
vt 0.33333 0.75000
vt 0.37500 0.75000
vt 0.41667 0.75000
vt 0.45833 0.75000
vt 0.50000 0.75000
vt 0.54167 0.75000
vt 0.58333 0.75000
vt 0.62500 0.75000
vt 0.66667 0.75000
vt 0.70833 0.75000
vt 0.75000 0.75000
vt 0.79167 0.75000
vt 0.83333 0.75000
vt 0.87500 0.75000
vt 0.91667 0.75000
vt 0.95833 0.75000
vt 1.00000 0.75000
vt 0.00000 0.72500
vt 0.04167 0.72500
vt 0.08333 0.72500
vt 0.12500 0.72500
vt 0.16667 0.72500
vt 0.20833 0.72500
vt 0.25000 0.72500
vt 0.29167 0.72500
vt 0.33333 0.72500
vt 0.37500 0.72500
vt 0.41667 0.72500
vt 0.45833 0.72500
vt 0.50000 0.72500
vt 0.54167 0.72500
vt 0.58333 0.72500
vt 0.62500 0.72500
vt 0.66667 0.72500
vt 0.70833 0.72500
vt 0.75000 0.72500
vt 0.79167 0.72500
vt 0.83333 0.72500
vt 0.87500 0.72500
vt 0.91667 0.72500
vt 0.95833 0.72500
vt 1.00000 0.72500
vt 0.00000 0.70000
vt 0.04167 0.70000
vt 0.08333 0.70000
vt 0.12500 0.70000
vt 0.16667 0.70000
vt 0.20833 0.70000
vt 0.25000 0.70000
vt 0.29167 0.70000
vt 0.33333 0.70000
vt 0.37500 0.70000
vt 0.41667 0.70000
vt 0.45833 0.70000
vt 0.50000 0.70000
vt 0.54167 0.70000
vt 0.58333 0.70000
vt 0.62500 0.70000
vt 0.66667 0.70000
vt 0.70833 0.70000
vt 0.75000 0.70000
vt 0.79167 0.70000
vt 0.83333 0.70000
vt 0.87500 0.70000
vt 0.91667 0.70000
vt 0.95833 0.70000
vt 1.00000 0.70000
vt 0.00000 0.67500
vt 0.04167 0.67500
vt 0.08333 0.67500
vt 0.12500 0.67500
vt 0.16667 0.67500
vt 0.20833 0.67500
vt 0.25000 0.67500
vt 0.29167 0.67500
vt 0.33333 0.67500
vt 0.37500 0.67500
vt 0.41667 0.67500
vt 0.45833 0.67500
vt 0.50000 0.67500
vt 0.54167 0.67500
vt 0.58333 0.67500
vt 0.62500 0.67500
vt 0.66667 0.67500
vt 0.70833 0.67500
vt 0.75000 0.67500
vt 0.79167 0.67500
vt 0.83333 0.67500
vt 0.87500 0.67500
vt 0.91667 0.67500
vt 0.95833 0.67500
vt 1.00000 0.67500
vt 0.00000 0.65000
vt 0.04167 0.65000
vt 0.08333 0.65000
vt 0.12500 0.65000
vt 0.16667 0.65000
vt 0.20833 0.65000
vt 0.25000 0.65000
vt 0.29167 0.65000
vt 0.33333 0.65000
vt 0.37500 0.65000
vt 0.41667 0.65000
vt 0.45833 0.65000
vt 0.50000 0.65000
vt 0.54167 0.65000
vt 0.58333 0.65000
vt 0.62500 0.65000
vt 0.66667 0.65000
vt 0.70833 0.65000
vt 0.75000 0.65000
vt 0.79167 0.65000
vt 0.83333 0.65000
vt 0.87500 0.65000
vt 0.91667 0.65000
vt 0.95833 0.65000
vt 1.00000 0.65000
vt 0.00000 0.62500
vt 0.04167 0.62500
vt 0.08333 0.62500
vt 0.12500 0.62500
vt 0.16667 0.62500
vt 0.20833 0.62500
vt 0.25000 0.62500
vt 0.29167 0.62500
vt 0.33333 0.62500
vt 0.37500 0.62500
vt 0.41667 0.62500
vt 0.45833 0.62500
vt 0.50000 0.62500
vt 0.54167 0.62500
vt 0.58333 0.62500
vt 0.62500 0.62500
vt 0.66667 0.62500
vt 0.70833 0.62500
vt 0.75000 0.62500
vt 0.79167 0.62500
vt 0.83333 0.62500
vt 0.87500 0.62500
vt 0.91667 0.62500
vt 0.95833 0.62500
vt 1.00000 0.62500
vt 0.00000 0.60000
vt 0.04167 0.60000
vt 0.08333 0.60000
vt 0.12500 0.60000
vt 0.16667 0.60000
vt 0.20833 0.60000
vt 0.25000 0.60000
vt 0.29167 0.60000
vt 0.33333 0.60000
vt 0.37500 0.60000
vt 0.41667 0.60000
vt 0.45833 0.60000
vt 0.50000 0.60000
vt 0.54167 0.60000
vt 0.58333 0.60000
vt 0.62500 0.60000
vt 0.66667 0.60000
vt 0.70833 0.60000
vt 0.75000 0.60000
vt 0.79167 0.60000
vt 0.83333 0.60000
vt 0.87500 0.60000
vt 0.91667 0.60000
vt 0.95833 0.60000
vt 1.00000 0.60000
vt 0.00000 0.57500
vt 0.04167 0.57500
vt 0.08333 0.57500
vt 0.12500 0.57500
vt 0.16667 0.57500
vt 0.20833 0.57500
vt 0.25000 0.57500
vt 0.29167 0.57500
vt 0.33333 0.57500
vt 0.37500 0.57500
vt 0.41667 0.57500
vt 0.45833 0.57500
vt 0.50000 0.57500
vt 0.54167 0.57500
vt 0.58333 0.57500
vt 0.62500 0.57500
vt 0.66667 0.57500
vt 0.70833 0.57500
vt 0.75000 0.57500
vt 0.79167 0.57500
vt 0.83333 0.57500
vt 0.87500 0.57500
vt 0.91667 0.57500
vt 0.95833 0.57500
vt 1.00000 0.57500
vt 0.00000 0.55000
vt 0.04167 0.55000
vt 0.08333 0.55000
vt 0.12500 0.55000
vt 0.16667 0.55000
vt 0.20833 0.55000
vt 0.25000 0.55000
vt 0.29167 0.55000
vt 0.33333 0.55000
vt 0.37500 0.55000
vt 0.41667 0.55000
vt 0.45833 0.55000
vt 0.50000 0.55000
vt 0.54167 0.55000
vt 0.58333 0.55000
vt 0.62500 0.55000
vt 0.66667 0.55000
vt 0.70833 0.55000
vt 0.75000 0.55000
vt 0.79167 0.55000
vt 0.83333 0.55000
vt 0.87500 0.55000
vt 0.91667 0.55000
vt 0.95833 0.55000
vt 1.00000 0.55000
vt 0.00000 0.52500
vt 0.04167 0.52500
vt 0.08333 0.52500
vt 0.12500 0.52500
vt 0.16667 0.52500
vt 0.20833 0.52500
vt 0.25000 0.52500
vt 0.29167 0.52500
vt 0.33333 0.52500
vt 0.37500 0.52500
vt 0.41667 0.52500
vt 0.45833 0.52500
vt 0.50000 0.52500
vt 0.54167 0.52500
vt 0.58333 0.52500
vt 0.62500 0.52500
vt 0.66667 0.52500
vt 0.70833 0.52500
vt 0.75000 0.52500
vt 0.79167 0.52500
vt 0.83333 0.52500
vt 0.87500 0.52500
vt 0.91667 0.52500
vt 0.95833 0.52500
vt 1.00000 0.52500
vt 0.00000 0.50000
vt 0.04167 0.50000
vt 0.08333 0.50000
vt 0.12500 0.50000
vt 0.16667 0.50000
vt 0.20833 0.50000
vt 0.25000 0.50000
vt 0.29167 0.50000
vt 0.33333 0.50000
vt 0.37500 0.50000
vt 0.41667 0.50000
vt 0.45833 0.50000
vt 0.50000 0.50000
vt 0.54167 0.50000
vt 0.58333 0.50000
vt 0.62500 0.50000
vt 0.66667 0.50000
vt 0.70833 0.50000
vt 0.75000 0.50000
vt 0.79167 0.50000
vt 0.83333 0.50000
vt 0.87500 0.50000
vt 0.91667 0.50000
vt 0.95833 0.50000
vt 1.00000 0.50000
vt 0.00000 0.47500
vt 0.04167 0.47500
vt 0.08333 0.47500
vt 0.12500 0.47500
vt 0.16667 0.47500
vt 0.20833 0.47500
vt 0.25000 0.47500
vt 0.29167 0.47500
vt 0.33333 0.47500
vt 0.37500 0.47500
vt 0.41667 0.47500
vt 0.45833 0.47500
vt 0.50000 0.47500
vt 0.54167 0.47500
vt 0.58333 0.47500
vt 0.62500 0.47500
vt 0.66667 0.47500
vt 0.70833 0.47500
vt 0.75000 0.47500
vt 0.79167 0.47500
vt 0.83333 0.47500
vt 0.87500 0.47500
vt 0.91667 0.47500
vt 0.95833 0.47500
vt 1.00000 0.47500
vt 0.00000 0.45000
vt 0.04167 0.45000
vt 0.08333 0.45000
vt 0.12500 0.45000
vt 0.16667 0.45000
vt 0.20833 0.45000
vt 0.25000 0.45000
vt 0.29167 0.45000
vt 0.33333 0.45000
vt 0.37500 0.45000
vt 0.41667 0.45000
vt 0.45833 0.45000
vt 0.50000 0.45000
vt 0.54167 0.45000
vt 0.58333 0.45000
vt 0.62500 0.45000
vt 0.66667 0.45000
vt 0.70833 0.45000
vt 0.75000 0.45000
vt 0.79167 0.45000
vt 0.83333 0.45000
vt 0.87500 0.45000
vt 0.91667 0.45000
vt 0.95833 0.45000
vt 1.00000 0.45000
vt 0.00000 0.42500
vt 0.04167 0.42500
vt 0.08333 0.42500
vt 0.12500 0.42500
vt 0.16667 0.42500
vt 0.20833 0.42500
vt 0.25000 0.42500
vt 0.29167 0.42500
vt 0.33333 0.42500
vt 0.37500 0.42500
vt 0.41667 0.42500
vt 0.45833 0.42500
vt 0.50000 0.42500
vt 0.54167 0.42500
vt 0.58333 0.42500
vt 0.62500 0.42500
vt 0.66667 0.42500
vt 0.70833 0.42500
vt 0.75000 0.42500
vt 0.79167 0.42500
vt 0.83333 0.42500
vt 0.87500 0.42500
vt 0.91667 0.42500
vt 0.95833 0.42500
vt 1.00000 0.42500
vt 0.00000 0.40000
vt 0.04167 0.40000
vt 0.08333 0.40000
vt 0.12500 0.40000
vt 0.16667 0.40000
vt 0.20833 0.40000
vt 0.25000 0.40000
vt 0.29167 0.40000
vt 0.33333 0.40000
vt 0.37500 0.40000
vt 0.41667 0.40000
vt 0.45833 0.40000
vt 0.50000 0.40000
vt 0.54167 0.40000
vt 0.58333 0.40000
vt 0.62500 0.40000
vt 0.66667 0.40000
vt 0.70833 0.40000
vt 0.75000 0.40000
vt 0.79167 0.40000
vt 0.83333 0.40000
vt 0.87500 0.40000
vt 0.91667 0.40000
vt 0.95833 0.40000
vt 1.00000 0.40000
vt 0.00000 0.37500
vt 0.04167 0.37500
vt 0.08333 0.37500
vt 0.12500 0.37500
vt 0.16667 0.37500
vt 0.20833 0.37500
vt 0.25000 0.37500
vt 0.29167 0.37500
vt 0.33333 0.37500
vt 0.37500 0.37500
vt 0.41667 0.37500
vt 0.45833 0.37500
vt 0.50000 0.37500
vt 0.54167 0.37500
vt 0.58333 0.37500
vt 0.62500 0.37500
vt 0.66667 0.37500
vt 0.70833 0.37500
vt 0.75000 0.37500
vt 0.79167 0.37500
vt 0.83333 0.37500
vt 0.87500 0.37500
vt 0.91667 0.37500
vt 0.95833 0.37500
vt 1.00000 0.37500
vt 0.00000 0.35000
vt 0.04167 0.35000
vt 0.08333 0.35000
vt 0.12500 0.35000
vt 0.16667 0.35000
vt 0.20833 0.35000
vt 0.25000 0.35000
vt 0.29167 0.35000
vt 0.33333 0.35000
vt 0.37500 0.35000
vt 0.41667 0.35000
vt 0.45833 0.35000
vt 0.50000 0.35000
vt 0.54167 0.35000
vt 0.58333 0.35000
vt 0.62500 0.35000
vt 0.66667 0.35000
vt 0.70833 0.35000
vt 0.75000 0.35000
vt 0.79167 0.35000
vt 0.83333 0.35000
vt 0.87500 0.35000
vt 0.91667 0.35000
vt 0.95833 0.35000
vt 1.00000 0.35000
vt 0.00000 0.32500
vt 0.04167 0.32500
vt 0.08333 0.32500
vt 0.12500 0.32500
vt 0.16667 0.32500
vt 0.20833 0.32500
vt 0.25000 0.32500
vt 0.29167 0.32500
vt 0.33333 0.32500
vt 0.37500 0.32500
vt 0.41667 0.32500
vt 0.45833 0.32500
vt 0.50000 0.32500
vt 0.54167 0.32500
vt 0.58333 0.32500
vt 0.62500 0.32500
vt 0.66667 0.32500
vt 0.70833 0.32500
vt 0.75000 0.32500
vt 0.79167 0.32500
vt 0.83333 0.32500
vt 0.87500 0.32500
vt 0.91667 0.32500
vt 0.95833 0.32500
vt 1.00000 0.32500
vt 0.00000 0.30000
vt 0.04167 0.30000
vt 0.08333 0.30000
vt 0.12500 0.30000
vt 0.16667 0.30000
vt 0.20833 0.30000
vt 0.25000 0.30000
vt 0.29167 0.30000
vt 0.33333 0.30000
vt 0.37500 0.30000
vt 0.41667 0.30000
vt 0.45833 0.30000
vt 0.50000 0.30000
vt 0.54167 0.30000
vt 0.58333 0.30000
vt 0.62500 0.30000
vt 0.66667 0.30000
vt 0.70833 0.30000
vt 0.75000 0.30000
vt 0.79167 0.30000
vt 0.83333 0.30000
vt 0.87500 0.30000
vt 0.91667 0.30000
vt 0.95833 0.30000
vt 1.00000 0.30000
vt 0.00000 0.27500
vt 0.04167 0.27500
vt 0.08333 0.27500
vt 0.12500 0.27500
vt 0.16667 0.27500
vt 0.20833 0.27500
vt 0.25000 0.27500
vt 0.29167 0.27500
vt 0.33333 0.27500
vt 0.37500 0.27500
vt 0.41667 0.27500
vt 0.45833 0.27500
vt 0.50000 0.27500
vt 0.54167 0.27500
vt 0.58333 0.27500
vt 0.62500 0.27500
vt 0.66667 0.27500
vt 0.70833 0.27500
vt 0.75000 0.27500
vt 0.79167 0.27500
vt 0.83333 0.27500
vt 0.87500 0.27500
vt 0.91667 0.27500
vt 0.95833 0.27500
vt 1.00000 0.27500
vt 0.00000 0.25000
vt 0.04167 0.25000
vt 0.08333 0.25000
vt 0.12500 0.25000
vt 0.16667 0.25000
vt 0.20833 0.25000
vt 0.25000 0.25000
vt 0.29167 0.25000
vt 0.33333 0.25000
vt 0.37500 0.25000
vt 0.41667 0.25000
vt 0.45833 0.25000
vt 0.50000 0.25000
vt 0.54167 0.25000
vt 0.58333 0.25000
vt 0.62500 0.25000
vt 0.66667 0.25000
vt 0.70833 0.25000
vt 0.75000 0.25000
vt 0.79167 0.25000
vt 0.83333 0.25000
vt 0.87500 0.25000
vt 0.91667 0.25000
vt 0.95833 0.25000
vt 1.00000 0.25000
vt 0.00000 0.22500
vt 0.04167 0.22500
vt 0.08333 0.22500
vt 0.12500 0.22500
vt 0.16667 0.22500
vt 0.20833 0.22500
vt 0.25000 0.22500
vt 0.29167 0.22500
vt 0.33333 0.22500
vt 0.37500 0.22500
vt 0.41667 0.22500
vt 0.45833 0.22500
vt 0.50000 0.22500
vt 0.54167 0.22500
vt 0.58333 0.22500
vt 0.62500 0.22500
vt 0.66667 0.22500
vt 0.70833 0.22500
vt 0.75000 0.22500
vt 0.79167 0.22500
vt 0.83333 0.22500
vt 0.87500 0.22500
vt 0.91667 0.22500
vt 0.95833 0.22500
vt 1.00000 0.22500
vt 0.00000 0.20000
vt 0.04167 0.20000
vt 0.08333 0.20000
vt 0.12500 0.20000
vt 0.16667 0.20000
vt 0.20833 0.20000
vt 0.25000 0.20000
vt 0.29167 0.20000
vt 0.33333 0.20000
vt 0.37500 0.20000
vt 0.41667 0.20000
vt 0.45833 0.20000
vt 0.50000 0.20000
vt 0.54167 0.20000
vt 0.58333 0.20000
vt 0.62500 0.20000
vt 0.66667 0.20000
vt 0.70833 0.20000
vt 0.75000 0.20000
vt 0.79167 0.20000
vt 0.83333 0.20000
vt 0.87500 0.20000
vt 0.91667 0.20000
vt 0.95833 0.20000
vt 1.00000 0.20000
vt 0.00000 0.17500
vt 0.04167 0.17500
vt 0.08333 0.17500
vt 0.12500 0.17500
vt 0.16667 0.17500
vt 0.20833 0.17500
vt 0.25000 0.17500
vt 0.29167 0.17500
vt 0.33333 0.17500
vt 0.37500 0.17500
vt 0.41667 0.17500
vt 0.45833 0.17500
vt 0.50000 0.17500
vt 0.54167 0.17500
vt 0.58333 0.17500
vt 0.62500 0.17500
vt 0.66667 0.17500
vt 0.70833 0.17500
vt 0.75000 0.17500
vt 0.79167 0.17500
vt 0.83333 0.17500
vt 0.87500 0.17500
vt 0.91667 0.17500
vt 0.95833 0.17500
vt 1.00000 0.17500
vt 0.00000 0.15000
vt 0.04167 0.15000
vt 0.08333 0.15000
vt 0.12500 0.15000
vt 0.16667 0.15000
vt 0.20833 0.15000
vt 0.25000 0.15000
vt 0.29167 0.15000
vt 0.33333 0.15000
vt 0.37500 0.15000
vt 0.41667 0.15000
vt 0.45833 0.15000
vt 0.50000 0.15000
vt 0.54167 0.15000
vt 0.58333 0.15000
vt 0.62500 0.15000
vt 0.66667 0.15000
vt 0.70833 0.15000
vt 0.75000 0.15000
vt 0.79167 0.15000
vt 0.83333 0.15000
vt 0.87500 0.15000
vt 0.91667 0.15000
vt 0.95833 0.15000
vt 1.00000 0.15000
vt 0.00000 0.12500
vt 0.04167 0.12500
vt 0.08333 0.12500
vt 0.12500 0.12500
vt 0.16667 0.12500
vt 0.20833 0.12500
vt 0.25000 0.12500
vt 0.29167 0.12500
vt 0.33333 0.12500
vt 0.37500 0.12500
vt 0.41667 0.12500
vt 0.45833 0.12500
vt 0.50000 0.12500
vt 0.54167 0.12500
vt 0.58333 0.12500
vt 0.62500 0.12500
vt 0.66667 0.12500
vt 0.70833 0.12500
vt 0.75000 0.12500
vt 0.79167 0.12500
vt 0.83333 0.12500
vt 0.87500 0.12500
vt 0.91667 0.12500
vt 0.95833 0.12500
vt 1.00000 0.12500
vt 0.00000 0.10000
vt 0.04167 0.10000
vt 0.08333 0.10000
vt 0.12500 0.10000
vt 0.16667 0.10000
vt 0.20833 0.10000
vt 0.25000 0.10000
vt 0.29167 0.10000
vt 0.33333 0.10000
vt 0.37500 0.10000
vt 0.41667 0.10000
vt 0.45833 0.10000
vt 0.50000 0.10000
vt 0.54167 0.10000
vt 0.58333 0.10000
vt 0.62500 0.10000
vt 0.66667 0.10000
vt 0.70833 0.10000
vt 0.75000 0.10000
vt 0.79167 0.10000
vt 0.83333 0.10000
vt 0.87500 0.10000
vt 0.91667 0.10000
vt 0.95833 0.10000
vt 1.00000 0.10000
vt 0.00000 0.07500
vt 0.04167 0.07500
vt 0.08333 0.07500
vt 0.12500 0.07500
vt 0.16667 0.07500
vt 0.20833 0.07500
vt 0.25000 0.07500
vt 0.29167 0.07500
vt 0.33333 0.07500
vt 0.37500 0.07500
vt 0.41667 0.07500
vt 0.45833 0.07500
vt 0.50000 0.07500
vt 0.54167 0.07500
vt 0.58333 0.07500
vt 0.62500 0.07500
vt 0.66667 0.07500
vt 0.70833 0.07500
vt 0.75000 0.07500
vt 0.79167 0.07500
vt 0.83333 0.07500
vt 0.87500 0.07500
vt 0.91667 0.07500
vt 0.95833 0.07500
vt 1.00000 0.07500
vt 0.00000 0.05000
vt 0.04167 0.05000
vt 0.08333 0.05000
vt 0.12500 0.05000
vt 0.16667 0.05000
vt 0.20833 0.05000
vt 0.25000 0.05000
vt 0.29167 0.05000
vt 0.33333 0.05000
vt 0.37500 0.05000
vt 0.41667 0.05000
vt 0.45833 0.05000
vt 0.50000 0.05000
vt 0.54167 0.05000
vt 0.58333 0.05000
vt 0.62500 0.05000
vt 0.66667 0.05000
vt 0.70833 0.05000
vt 0.75000 0.05000
vt 0.79167 0.05000
vt 0.83333 0.05000
vt 0.87500 0.05000
vt 0.91667 0.05000
vt 0.95833 0.05000
vt 1.00000 0.05000
vt 0.00000 0.02500
vt 0.04167 0.02500
vt 0.08333 0.02500
vt 0.12500 0.02500
vt 0.16667 0.02500
vt 0.20833 0.02500
vt 0.25000 0.02500
vt 0.29167 0.02500
vt 0.33333 0.02500
vt 0.37500 0.02500
vt 0.41667 0.02500
vt 0.45833 0.02500
vt 0.50000 0.02500
vt 0.54167 0.02500
vt 0.58333 0.02500
vt 0.62500 0.02500
vt 0.66667 0.02500
vt 0.70833 0.02500
vt 0.75000 0.02500
vt 0.79167 0.02500
vt 0.83333 0.02500
vt 0.87500 0.02500
vt 0.91667 0.02500
vt 0.95833 0.02500
vt 1.00000 0.02500
vt 0.00000 0.00000
vt 0.04167 0.00000
vt 0.08333 0.00000
vt 0.12500 0.00000
vt 0.16667 0.00000
vt 0.20833 0.00000
vt 0.25000 0.00000
vt 0.29167 0.00000
vt 0.33333 0.00000
vt 0.37500 0.00000
vt 0.41667 0.00000
vt 0.45833 0.00000
vt 0.50000 0.00000
vt 0.54167 0.00000
vt 0.58333 0.00000
vt 0.62500 0.00000
vt 0.66667 0.00000
vt 0.70833 0.00000
vt 0.75000 0.00000
vt 0.79167 0.00000
vt 0.83333 0.00000
vt 0.87500 0.00000
vt 0.91667 0.00000
vt 0.95833 0.00000
vt 1.00000 0.00000
vn -0.95783 0.28735 0.00000
vn -0.95783 0.28735 0.00000
vn -0.95783 0.28735 0.00000
vn -0.95783 0.28735 0.00000
vn -0.95783 0.28735 0.00000
vn -0.95783 0.28735 0.00000
vn -0.95783 0.28735 0.00000
vn -0.95783 0.28735 0.00000
vn -0.95783 0.28735 0.00000
vn -0.95783 0.28735 0.00000
vn -0.95783 0.28735 0.00000
vn -0.95783 0.28735 0.00000
vn -0.95783 0.28735 0.00000
vn -0.95783 0.28735 0.00000
vn -0.95783 0.28735 0.00000
vn -0.95783 0.28735 0.00000
vn -0.95783 0.28735 0.00000
vn -0.95783 0.28735 0.00000
vn -0.95783 0.28735 0.00000
vn -0.95783 0.28735 0.00000
vn -0.95783 0.28735 0.00000
vn -0.95783 0.28735 0.00000
vn -0.95783 0.28735 0.00000
vn -0.95783 0.28735 0.00000
vn -0.95783 0.28735 0.00000
vn -0.95783 0.28735 0.00000
vn -0.95783 0.28735 0.00000
vn -0.95783 0.28735 0.00000
vn -0.95783 0.28735 0.00000
vn -0.95783 0.28735 0.00000
vn -0.95783 0.28735 0.00000
vn -0.95783 0.28735 0.00000
vn -0.95783 0.28735 0.00000
vn -0.95783 0.28735 0.00000
vn -0.95783 0.28735 0.00000
vn -0.95783 0.28735 0.00000
vn -0.95783 0.28735 0.00000
vn -0.95783 0.28735 0.00000
vn -0.95783 0.28735 0.00000
vn -0.95783 0.28735 0.00000
vn -0.95783 0.28735 0.00000
vn -0.95783 0.28735 0.00000
vn -0.95783 0.28735 0.00000
vn -0.95783 0.28735 0.00000
vn -0.95783 0.28735 0.00000
vn -0.95783 0.28735 0.00000
vn -0.95783 0.28735 0.00000
vn -0.95783 0.28735 0.00000
vn -0.95783 0.28735 0.00000
vn -0.95783 0.28735 0.00000
vn -0.95783 0.28735 0.00000
vn -0.95783 0.28735 0.00000
vn -0.95783 0.28735 0.00000
vn -0.95783 0.28735 0.00000
vn -0.95783 0.28735 0.00000
vn -0.95783 0.28735 0.00000
vn -0.95783 0.28735 0.00000
vn -0.95783 0.28735 0.00000
vn -0.95783 0.28735 0.00000
vn -0.95783 0.28735 0.00000
vn -0.95783 0.28735 0.00000
vn -0.95783 0.28735 0.00000
vn -0.95783 0.28735 0.00000
vn -0.95783 0.28735 0.00000
vn -0.95783 0.28735 0.00000
vn -0.95783 0.28735 0.00000
vn -0.95783 0.28735 0.00000
vn -0.95783 0.28735 0.00000
vn -0.95783 0.28735 0.00000
vn -0.95783 0.28735 0.00000
vn -0.95783 0.28735 0.00000
vn -0.95783 0.28735 0.00000
vn -0.95783 0.28735 0.00000
vn -0.95783 0.28735 0.00000
vn -0.95783 0.28735 0.00000
vn -0.95783 0.28735 0.00000
vn -0.95783 0.28735 0.00000
vn -0.95783 0.28735 0.00000
vn -0.95783 0.28735 0.00000
vn -0.95783 0.28735 0.00000
vn -0.95783 0.28735 0.00000
vn -0.95783 0.28735 0.00000
vn -0.95783 0.28735 0.00000
vn -0.95783 0.28735 0.00000
vn -0.95783 0.28735 0.00000
vn -0.95783 0.28735 0.00000
vn -0.95783 0.28735 0.00000
vn -0.95783 0.28735 0.00000
vn -0.95783 0.28735 0.00000
vn -0.95783 0.28735 0.00000
vn -0.95783 0.28735 0.00000
vn -0.95783 0.28735 0.00000
vn -0.95783 0.28735 0.00000
vn -0.95783 0.28735 0.00000
vn -0.95783 0.28735 0.00000
vn -0.95783 0.28735 0.00000
vn -0.95783 0.28735 0.00000
vn -0.95783 0.28735 0.00000
vn -0.95783 0.28735 0.00000
vn -0.95783 0.28735 0.00000
vn -0.95783 0.28735 0.00000
vn -0.95783 0.28735 0.00000
vn -0.95783 0.28735 0.00000
vn -0.95783 0.28735 0.00000
vn -0.95783 0.28735 0.00000
vn -0.95783 0.28735 0.00000
vn -0.95783 0.28735 0.00000
vn -0.95783 0.28735 0.00000
vn -0.95783 0.28735 0.00000
vn -0.95783 0.28735 0.00000
vn -0.95783 0.28735 0.00000
vn -0.95783 0.28735 0.00000
vn -0.95783 0.28735 0.00000
vn -0.95783 0.28735 0.00000
vn -0.95783 0.28735 0.00000
vn -0.95783 0.28735 0.00000
vn -0.95783 0.28735 0.00000
vn -0.95783 0.28735 0.00000
vn -0.95783 0.28735 0.00000
vn -0.95783 0.28735 0.00000
vn -0.95783 0.28735 0.00000
vn -0.95783 0.28735 0.00000
vn -0.95783 0.28735 0.00000
vn -0.95783 0.28735 0.00000
vn -0.95783 0.28735 0.00000
vn -0.95783 0.28735 0.00000
vn -0.95783 0.28735 0.00000
vn -0.95783 0.28735 0.00000
vn -0.95783 0.28735 0.00000
vn -0.95783 0.28735 0.00000
vn -0.95783 0.28735 0.00000
vn -0.95783 0.28735 0.00000
vn -0.95783 0.28735 0.00000
vn -0.95783 0.28735 0.00000
vn -0.95783 0.28735 0.00000
vn -0.95783 0.28735 0.00000
vn -0.95783 0.28735 0.00000
vn -0.95783 0.28735 0.00000
vn -0.95783 0.28735 0.00000
vn -0.95783 0.28735 0.00000
vn -0.95783 0.28735 0.00000
vn -0.95783 0.28735 0.00000
vn -0.95783 0.28735 0.00000
vn -0.95783 0.28735 0.00000
vn -0.95783 0.28735 0.00000
vn -0.95783 0.28735 0.00000
vn -0.95783 0.28735 0.00000
vn -0.95783 0.28735 0.00000
vn -0.95783 0.28735 0.00000
vn -0.95783 0.28735 0.00000
vn -0.95783 0.28735 0.00000
vn -0.95783 0.28735 0.00000
vn -0.95783 0.28735 0.00000
vn -0.95783 0.28735 0.00000
vn -0.95783 0.28735 0.00000
vn -0.95783 0.28735 0.00000
vn -0.95783 0.28735 0.00000
vn -0.95783 0.28735 0.00000
vn -0.95783 0.28735 0.00000
vn -0.95783 0.28735 0.00000
vn -0.95783 0.28735 0.00000
vn -0.95783 0.28735 0.00000
vn -0.95783 0.28735 0.00000
vn -0.95783 0.28735 0.00000
vn -0.95783 0.28735 0.00000
vn -0.95783 0.28735 0.00000
vn -0.95783 0.28735 0.00000
vn -0.95783 0.28735 0.00000
vn -0.95783 0.28735 0.00000
vn -0.95783 0.28735 0.00000
vn -0.95783 0.28735 0.00000
vn -0.95783 0.28735 0.00000
vn -0.95783 0.28735 0.00000
vn -0.95783 0.28735 0.00000
vn -0.95783 0.28735 0.00000
vn -0.95783 0.28735 0.00000
vn -0.95783 0.28735 0.00000
vn -0.95783 0.28735 0.00000
vn -0.95783 0.28735 0.00000
vn -0.95783 0.28735 0.00000
vn -0.95783 0.28735 0.00000
vn -0.95783 0.28735 0.00000
vn -0.95783 0.28735 0.00000
vn -0.95783 0.28735 0.00000
vn -0.95783 0.28735 0.00000
vn -0.95783 0.28735 0.00000
vn -0.95783 0.28735 0.00000
vn -0.95783 0.28735 0.00000
vn -0.95783 0.28735 0.00000
vn -0.95783 0.28735 0.00000
vn -0.95783 0.28735 0.00000
vn -0.95783 0.28735 0.00000
vn -0.95783 0.28735 0.00000
vn -0.95783 0.28735 0.00000
vn -0.95783 0.28735 0.00000
vn -0.95783 0.28735 0.00000
vn -0.95783 0.28735 0.00000
vn -0.95783 0.28735 0.00000
vn -0.95783 0.28735 0.00000
vn -0.95783 0.28735 0.00000
vn -0.95783 0.28735 0.00000
vn -0.95783 0.28735 0.00000
vn -0.95783 0.28735 0.00000
vn -0.95783 0.28735 0.00000
vn -0.95783 0.28735 0.00000
vn -0.95783 0.28735 0.00000
vn -0.95783 0.28735 0.00000
vn -0.95783 0.28735 0.00000
vn -0.95783 0.28735 0.00000
vn -0.95783 0.28735 0.00000
vn -0.95783 0.28735 0.00000
vn -0.95783 0.28735 0.00000
vn -0.95783 0.28735 0.00000
vn -0.95783 0.28735 0.00000
vn -0.95783 0.28735 0.00000
vn -0.95783 0.28735 0.00000
vn -0.95783 0.28735 0.00000
vn -0.95783 0.28735 0.00000
vn -0.95783 0.28735 0.00000
vn -0.95783 0.28735 0.00000
vn -0.95783 0.28735 0.00000
vn -0.95783 0.28735 0.00000
vn -0.95783 0.28735 0.00000
vn -0.95783 0.28735 0.00000
vn -0.95783 0.28735 0.00000
vn -0.95783 0.28735 0.00000
vn -0.95783 0.28735 0.00000
vn -0.95783 0.28735 0.00000
vn -0.95783 0.28735 0.00000
vn -0.95783 0.28735 0.00000
vn -0.95783 0.28735 0.00000
vn -0.95783 0.28735 0.00000
vn -0.95783 0.28735 0.00000
vn -0.95783 0.28735 0.00000
vn -0.95783 0.28735 0.00000
vn -0.95783 0.28735 0.00000
vn -0.95783 0.28735 0.00000
vn -0.95783 0.28735 0.00000
vn -0.95783 0.28735 0.00000
vn -0.95783 0.28735 0.00000
vn -0.95783 0.28735 0.00000
vn -0.95783 0.28735 0.00000
vn -0.95783 0.28735 0.00000
vn -0.95783 0.28735 0.00000
vn -0.95783 0.28735 0.00000
vn -0.95783 0.28735 0.00000
vn -0.95783 0.28735 0.00000
vn -0.95783 0.28735 0.00000
vn -0.95783 0.28735 0.00000
vn -0.95783 0.28735 0.00000
vn -0.95783 0.28735 0.00000
vn -0.95783 0.28735 0.00000
vn -0.95783 0.28735 0.00000
vn -0.95783 0.28735 0.00000
vn -0.95783 0.28735 0.00000
vn -0.95783 0.28735 0.00000
vn -0.95783 0.28735 0.00000
vn -0.95783 0.28735 0.00000
vn -0.95783 0.28735 0.00000
vn -0.95783 0.28735 0.00000
vn -0.95783 0.28735 0.00000
vn -0.95783 0.28735 0.00000
vn -0.95783 0.28735 0.00000
vn -0.95783 0.28735 0.00000
vn -0.95783 0.28735 0.00000
vn -0.95783 0.28735 0.00000
vn -0.95783 0.28735 0.00000
vn -0.95783 0.28735 0.00000
vn -0.95783 0.28735 0.00000
vn -0.95783 0.28735 0.00000
vn -0.95783 0.28735 0.00000
vn -0.95783 0.28735 0.00000
vn -0.95783 0.28735 0.00000
vn -0.95783 0.28735 0.00000
vn -0.95783 0.28735 0.00000
vn -0.95783 0.28735 0.00000
vn -0.95783 0.28735 0.00000
vn -0.95783 0.28735 0.00000
vn -0.95783 0.28735 0.00000
vn -0.95783 0.28735 0.00000
vn -0.95783 0.28735 0.00000
vn -0.95783 0.28735 0.00000
vn -0.95783 0.28735 0.00000
vn -0.95783 0.28735 0.00000
vn -0.95783 0.28735 0.00000
vn -0.95783 0.28735 0.00000
vn -0.95783 0.28735 0.00000
vn -0.95783 0.28735 0.00000
vn -0.95783 0.28735 0.00000
vn -0.95783 0.28735 0.00000
vn -0.95783 0.28735 0.00000
vn -0.95783 0.28735 0.00000
vn -0.95783 0.28735 0.00000
vn -0.95783 0.28735 0.00000
vn -0.95783 0.28735 0.00000
vn -0.95783 0.28735 0.00000
vn -0.95783 0.28735 0.00000
vn -0.95783 0.28735 0.00000
vn -0.95783 0.28735 0.00000
vn -0.95783 0.28735 0.00000
vn -0.95783 0.28735 0.00000
vn -0.95783 0.28735 0.00000
vn -0.95783 0.28735 0.00000
vn -0.95783 0.28735 0.00000
vn -0.95783 0.28735 0.00000
vn -0.95783 0.28735 0.00000
vn -0.95783 0.28735 0.00000
vn -0.95783 0.28735 0.00000
vn -0.95783 0.28735 0.00000
vn -0.95783 0.28735 0.00000
vn -0.95783 0.28735 0.00000
vn -0.95783 0.28735 0.00000
vn -0.95783 0.28735 0.00000
vn -0.95783 0.28735 0.00000
vn -0.95783 0.28735 0.00000
vn -0.95783 0.28735 0.00000
vn -0.95783 0.28735 0.00000
vn -0.95783 0.28735 0.00000
vn -0.95783 0.28735 0.00000
vn -0.95783 0.28735 0.00000
vn -0.95783 0.28735 0.00000
vn -0.95783 0.28735 0.00000
vn -0.95783 0.28735 0.00000
vn -0.95783 0.28735 0.00000
vn -0.95783 0.28735 0.00000
vn -0.95783 0.28735 0.00000
vn -0.95783 0.28735 0.00000
vn -0.95783 0.28735 0.00000
vn -0.95783 0.28735 0.00000
vn -0.95783 0.28735 0.00000
vn -0.95783 0.28735 0.00000
vn -0.95783 0.28735 0.00000
vn -0.95783 0.28735 0.00000
vn -0.95783 0.28735 0.00000
vn -0.95783 0.28735 0.00000
vn -0.95783 0.28735 0.00000
vn -0.95783 0.28735 0.00000
vn -0.95783 0.28735 0.00000
vn -0.95783 0.28735 0.00000
vn -0.95783 0.28735 0.00000
vn -0.95783 0.28735 0.00000
vn -0.95783 0.28735 0.00000
vn -0.95783 0.28735 0.00000
vn -0.95783 0.28735 0.00000
vn -0.95783 0.28735 0.00000
vn -0.95783 0.28735 0.00000
vn -0.95783 0.28735 0.00000
vn -0.95783 0.28735 0.00000
vn -0.95783 0.28735 0.00000
vn -0.95783 0.28735 0.00000
vn -0.95783 0.28735 0.00000
vn -0.95783 0.28735 0.00000
vn -0.95783 0.28735 0.00000
vn -0.95783 0.28735 0.00000
vn -0.95783 0.28735 0.00000
vn -0.95783 0.28735 0.00000
vn -0.95783 0.28735 0.00000
vn -0.95783 0.28735 0.00000
vn -0.95783 0.28735 0.00000
vn -0.95783 0.28735 0.00000
vn -0.95783 0.28735 0.00000
vn -0.95783 0.28735 0.00000
vn -0.95783 0.28735 0.00000
vn -0.95783 0.28735 0.00000
vn -0.95783 0.28735 0.00000
vn -0.95783 0.28735 0.00000
vn -0.95783 0.28735 0.00000
vn -0.95783 0.28735 0.00000
vn -0.95783 0.28735 0.00000
vn -0.95783 0.28735 0.00000
vn -0.95783 0.28735 0.00000
vn -0.95783 0.28735 0.00000
vn -0.95783 0.28735 0.00000
vn -0.95783 0.28735 0.00000
vn -0.95783 0.28735 0.00000
vn -0.95783 0.28735 0.00000
vn -0.95783 0.28735 0.00000
vn -0.95783 0.28735 0.00000
vn -0.95783 0.28735 0.00000
vn -0.95783 0.28735 0.00000
vn -0.95783 0.28735 0.00000
vn -0.95783 0.28735 0.00000
vn -0.95783 0.28735 0.00000
vn -0.95783 0.28735 0.00000
vn -0.95783 0.28735 0.00000
vn -0.95783 0.28735 0.00000
vn -0.95783 0.28735 0.00000
vn -0.95783 0.28735 0.00000
vn -0.95783 0.28735 0.00000
vn -0.95783 0.28735 0.00000
vn -0.95783 0.28735 0.00000
vn -0.95783 0.28735 0.00000
vn -0.95783 0.28735 0.00000
vn -0.95783 0.28735 0.00000
vn -0.95783 0.28735 0.00000
vn -0.95783 0.28735 0.00000
vn -0.95783 0.28735 0.00000
vn -0.95783 0.28735 0.00000
vn -0.95783 0.28735 0.00000
vn -0.95783 0.28735 0.00000
vn -0.95783 0.28735 0.00000
vn -0.95783 0.28735 0.00000
vn -0.95783 0.28735 0.00000
vn -0.95783 0.28735 0.00000
vn -0.95783 0.28735 0.00000
vn -0.95783 0.28735 0.00000
vn -0.95783 0.28735 0.00000
vn -0.95783 0.28735 0.00000
vn -0.95783 0.28735 0.00000
vn -0.95783 0.28735 0.00000
vn -0.95783 0.28735 0.00000
vn -0.95783 0.28735 0.00000
vn -0.95783 0.28735 0.00000
vn -0.95783 0.28735 0.00000
vn -0.95783 0.28735 0.00000
vn -0.95783 0.28735 0.00000
vn -0.95783 0.28735 0.00000
vn -0.95783 0.28735 0.00000
vn -0.95783 0.28735 0.00000
vn -0.95783 0.28735 0.00000
vn -0.95783 0.28735 0.00000
vn -0.95783 0.28735 0.00000
vn -0.95783 0.28735 0.00000
vn -0.95783 0.28735 0.00000
vn -0.95783 0.28735 0.00000
vn -0.95783 0.28735 0.00000
vn -0.95783 0.28735 0.00000
vn -0.95783 0.28735 0.00000
vn -0.95783 0.28735 0.00000
vn -0.95783 0.28735 0.00000
vn -0.95783 0.28735 0.00000
vn -0.95783 0.28735 0.00000
vn -0.95783 0.28735 0.00000
vn -0.95783 0.28735 0.00000
vn -0.95783 0.28735 0.00000
vn -0.95783 0.28735 0.00000
vn -0.95783 0.28735 0.00000
vn -0.95783 0.28735 0.00000
vn -0.95783 0.28735 0.00000
vn -0.95783 0.28735 0.00000
vn -0.95783 0.28735 0.00000
vn -0.95783 0.28735 0.00000
vn -0.95783 0.28735 0.00000
vn -0.95783 0.28735 0.00000
vn -0.95783 0.28735 0.00000
vn -0.95783 0.28735 0.00000
vn -0.95783 0.28735 0.00000
vn -0.95783 0.28735 0.00000
vn -0.95783 0.28735 0.00000
vn -0.95783 0.28735 0.00000
vn -0.95783 0.28735 0.00000
vn -0.95783 0.28735 0.00000
vn -0.95783 0.28735 0.00000
vn -0.95783 0.28735 0.00000
vn -0.95783 0.28735 0.00000
vn -0.95783 0.28735 0.00000
vn -0.95783 0.28735 0.00000
vn -0.95783 0.28735 0.00000
vn -0.95783 0.28735 0.00000
vn -0.95783 0.28735 0.00000
vn -0.95783 0.28735 0.00000
vn -0.95783 0.28735 0.00000
vn -0.95783 0.28735 0.00000
vn -0.95783 0.28735 0.00000
vn -0.95783 0.28735 0.00000
vn -0.95783 0.28735 0.00000
vn -0.95783 0.28735 0.00000
vn -0.95783 0.28735 0.00000
vn -0.95783 0.28735 0.00000
vn -0.95783 0.28735 0.00000
vn -0.95783 0.28735 0.00000
vn -0.95783 0.28735 0.00000
vn -0.95783 0.28735 0.00000
vn -0.95783 0.28735 0.00000
vn -0.95783 0.28735 0.00000
vn -0.95783 0.28735 0.00000
vn -0.95783 0.28735 0.00000
vn -0.95783 0.28735 0.00000
vn -0.95783 0.28735 0.00000
vn -0.95783 0.28735 0.00000
vn -0.95783 0.28735 0.00000
vn -0.95783 0.28735 0.00000
vn -0.95783 0.28735 0.00000
vn -0.95783 0.28735 0.00000
vn -0.95783 0.28735 0.00000
vn -0.95783 0.28735 0.00000
vn -0.95783 0.28735 0.00000
vn -0.95783 0.28735 0.00000
vn -0.95783 0.28735 0.00000
vn -0.95783 0.28735 0.00000
vn -0.95783 0.28735 0.00000
vn -0.95783 0.28735 0.00000
vn -0.95783 0.28735 0.00000
vn -0.95783 0.28735 0.00000
vn -0.95783 0.28735 0.00000
vn -0.95783 0.28735 0.00000
vn -0.95783 0.28735 0.00000
vn -0.95783 0.28735 0.00000
vn -0.95783 0.28735 0.00000
vn -0.95783 0.28735 0.00000
vn -0.95783 0.28735 0.00000
vn -0.95783 0.28735 0.00000
vn -0.95783 0.28735 0.00000
vn -0.95783 0.28735 0.00000
vn -0.95783 0.28735 0.00000
vn -0.95783 0.28735 0.00000
vn -0.95783 0.28735 0.00000
vn -0.95783 0.28735 0.00000
vn -0.95783 0.28735 0.00000
vn -0.95783 0.28735 0.00000
vn -0.95783 0.28735 0.00000
vn -0.95783 0.28735 0.00000
vn -0.95783 0.28735 0.00000
vn -0.95783 0.28735 0.00000
vn -0.95783 0.28735 0.00000
vn -0.95783 0.28735 0.00000
vn -0.95783 0.28735 0.00000
vn -0.95783 0.28735 0.00000
vn -0.95783 0.28735 0.00000
vn -0.95783 0.28735 0.00000
vn -0.95783 0.28735 0.00000
vn -0.95783 0.28735 0.00000
vn -0.95783 0.28735 0.00000
vn -0.95783 0.28735 0.00000
vn -0.95783 0.28735 0.00000
vn -0.95783 0.28735 0.00000
vn -0.95783 0.28735 0.00000
vn -0.95783 0.28735 0.00000
vn -0.95783 0.28735 0.00000
vn -0.95783 0.28735 0.00000
vn -0.95783 0.28735 0.00000
vn -0.95783 0.28735 0.00000
vn -0.95783 0.28735 0.00000
vn -0.95783 0.28735 0.00000
vn -0.95783 0.28735 0.00000
vn -0.95783 0.28735 0.00000
vn -0.95783 0.28735 0.00000
vn -0.95783 0.28735 0.00000
vn -0.95783 0.28735 0.00000
vn -0.95783 0.28735 0.00000
vn -0.95783 0.28735 0.00000
vn -0.95783 0.28735 0.00000
vn -0.95783 0.28735 0.00000
vn -0.95783 0.28735 0.00000
vn -0.95783 0.28735 0.00000
vn -0.95783 0.28735 0.00000
vn -0.95783 0.28735 0.00000
vn -0.95783 0.28735 0.00000
vn -0.95783 0.28735 0.00000
vn -0.95783 0.28735 0.00000
vn -0.95783 0.28735 0.00000
vn -0.95783 0.28735 0.00000
vn -0.95783 0.28735 0.00000
vn -0.95783 0.28735 0.00000
vn -0.95783 0.28735 0.00000
vn -0.95783 0.28735 0.00000
vn -0.95783 0.28735 0.00000
vn -0.95783 0.28735 0.00000
vn -0.95783 0.28735 0.00000
vn -0.95783 0.28735 0.00000
vn -0.95783 0.28735 0.00000
vn -0.95783 0.28735 0.00000
vn -0.95783 0.28735 0.00000
vn -0.95783 0.28735 0.00000
vn -0.95783 0.28735 0.00000
vn -0.95783 0.28735 0.00000
vn -0.95783 0.28735 0.00000
vn -0.95783 0.28735 0.00000
vn -0.95783 0.28735 0.00000
vn -0.95783 0.28735 0.00000
vn -0.95783 0.28735 0.00000
vn -0.95783 0.28735 0.00000
vn -0.95783 0.28735 0.00000
vn -0.95783 0.28735 0.00000
vn -0.95783 0.28735 0.00000
vn -0.95783 0.28735 0.00000
vn -0.95783 0.28735 0.00000
vn -0.95783 0.28735 0.00000
vn -0.95783 0.28735 0.00000
vn -0.95783 0.28735 0.00000
vn -0.95783 0.28735 0.00000
vn -0.95783 0.28735 0.00000
vn -0.95783 0.28735 0.00000
vn -0.95783 0.28735 0.00000
vn -0.95783 0.28735 0.00000
vn -0.95783 0.28735 0.00000
vn -0.95783 0.28735 0.00000
vn -0.95783 0.28735 0.00000
vn -0.95783 0.28735 0.00000
vn -0.95783 0.28735 0.00000
vn -0.95783 0.28735 0.00000
vn -0.95783 0.28735 0.00000
vn -0.95783 0.28735 0.00000
vn -0.95783 0.28735 0.00000
vn -0.95783 0.28735 0.00000
vn -0.95783 0.28735 0.00000
vn -0.95783 0.28735 0.00000
vn -0.95783 0.28735 0.00000
vn -0.95783 0.28735 0.00000
vn -0.95783 0.28735 0.00000
vn -0.95783 0.28735 0.00000
vn -0.95783 0.28735 0.00000
vn -0.95783 0.28735 0.00000
vn -0.95783 0.28735 0.00000
vn -0.95783 0.28735 0.00000
vn -0.95783 0.28735 0.00000
vn -0.95783 0.28735 0.00000
vn -0.95783 0.28735 0.00000
vn -0.95783 0.28735 0.00000
vn -0.95783 0.28735 0.00000
vn -0.95783 0.28735 0.00000
vn -0.95783 0.28735 0.00000
vn -0.95783 0.28735 0.00000
vn -0.95783 0.28735 0.00000
vn -0.95783 0.28735 0.00000
vn -0.95783 0.28735 0.00000
vn -0.95783 0.28735 0.00000
vn -0.95783 0.28735 0.00000
vn -0.95783 0.28735 0.00000
vn -0.95783 0.28735 0.00000
vn -0.95783 0.28735 0.00000
vn -0.95783 0.28735 0.00000
vn -0.95783 0.28735 0.00000
vn -0.95783 0.28735 0.00000
vn -0.95783 0.28735 0.00000
vn -0.95783 0.28735 0.00000
vn -0.95783 0.28735 0.00000
vn -0.95783 0.28735 0.00000
vn -0.95783 0.28735 0.00000
vn -0.95783 0.28735 0.00000
vn -0.95783 0.28735 0.00000
vn -0.95783 0.28735 0.00000
vn -0.95783 0.28735 0.00000
vn -0.95783 0.28735 0.00000
vn -0.95783 0.28735 0.00000
vn -0.95783 0.28735 0.00000
vn -0.95783 0.28735 0.00000
vn -0.95783 0.28735 0.00000
vn -0.95783 0.28735 0.00000
vn -0.95783 0.28735 0.00000
vn -0.95783 0.28735 0.00000
vn -0.95783 0.28735 0.00000
vn -0.95783 0.28735 0.00000
vn -0.95783 0.28735 0.00000
vn -0.95783 0.28735 0.00000
vn -0.95783 0.28735 0.00000
vn -0.95783 0.28735 0.00000
vn -0.95783 0.28735 0.00000
vn -0.95783 0.28735 0.00000
vn -0.95783 0.28735 0.00000
vn -0.95783 0.28735 0.00000
vn -0.95783 0.28735 0.00000
vn -0.95783 0.28735 0.00000
vn -0.95783 0.28735 0.00000
vn -0.95783 0.28735 0.00000
vn -0.95783 0.28735 0.00000
vn -0.95783 0.28735 0.00000
vn -0.95783 0.28735 0.00000
vn -0.95783 0.28735 0.00000
vn -0.95783 0.28735 0.00000
vn -0.95783 0.28735 0.00000
vn -0.95783 0.28735 0.00000
vn -0.95783 0.28735 0.00000
vn -0.95783 0.28735 0.00000
vn -0.95783 0.28735 0.00000
vn -0.95783 0.28735 0.00000
vn -0.95783 0.28735 0.00000
vn -0.95783 0.28735 0.00000
vn -0.95783 0.28735 0.00000
vn -0.95783 0.28735 0.00000
vn -0.95783 0.28735 0.00000
vn -0.95783 0.28735 0.00000
vn -0.95783 0.28735 0.00000
vn -0.95783 0.28735 0.00000
vn -0.95783 0.28735 0.00000
vn -0.95783 0.28735 0.00000
vn -0.95783 0.28735 0.00000
vn -0.95783 0.28735 0.00000
vn -0.95783 0.28735 0.00000
vn -0.95783 0.28735 0.00000
vn -0.95783 0.28735 0.00000
vn -0.95783 0.28735 0.00000
vn -0.95783 0.28735 0.00000
vn -0.95783 0.28735 0.00000
vn -0.95783 0.28735 0.00000
vn -0.95783 0.28735 0.00000
vn -0.95783 0.28735 0.00000
vn -0.95783 0.28735 0.00000
vn -0.95783 0.28735 0.00000
vn -0.95783 0.28735 0.00000
vn -0.95783 0.28735 0.00000
vn -0.95783 0.28735 0.00000
vn -0.95783 0.28735 0.00000
vn -0.95783 0.28735 0.00000
vn -0.95783 0.28735 0.00000
vn -0.95783 0.28735 0.00000
vn -0.95783 0.28735 0.00000
vn -0.95783 0.28735 0.00000
vn -0.95783 0.28735 0.00000
vn -0.95783 0.28735 0.00000
vn -0.95783 0.28735 0.00000
vn -0.95783 0.28735 0.00000
vn -0.95783 0.28735 0.00000
vn -0.95783 0.28735 0.00000
vn -0.95783 0.28735 0.00000
vn -0.95783 0.28735 0.00000
vn -0.95783 0.28735 0.00000
vn -0.95783 0.28735 0.00000
vn -0.95783 0.28735 0.00000
vn -0.95783 0.28735 0.00000
vn -0.95783 0.28735 0.00000
vn -0.95783 0.28735 0.00000
vn -0.95783 0.28735 0.00000
vn -0.95783 0.28735 0.00000
vn -0.95783 0.28735 0.00000
vn -0.95783 0.28735 0.00000
vn -0.95783 0.28735 0.00000
vn -0.95783 0.28735 0.00000
vn -0.95783 0.28735 0.00000
vn -0.95783 0.28735 0.00000
vn -0.95783 0.28735 0.00000
vn -0.95783 0.28735 0.00000
vn -0.95783 0.28735 0.00000
vn -0.95783 0.28735 0.00000
vn -0.95783 0.28735 0.00000
vn -0.95783 0.28735 0.00000
vn -0.95783 0.28735 0.00000
vn -0.95783 0.28735 0.00000
vn -0.95783 0.28735 0.00000
vn -0.95783 0.28735 0.00000
vn -0.95783 0.28735 0.00000
vn -0.95783 0.28735 0.00000
vn -0.95783 0.28735 0.00000
vn -0.95783 0.28735 0.00000
vn -0.95783 0.28735 0.00000
vn -0.95783 0.28735 0.00000
vn -0.95783 0.28735 0.00000
vn -0.95783 0.28735 0.00000
vn -0.95783 0.28735 0.00000
vn -0.95783 0.28735 0.00000
vn -0.95783 0.28735 0.00000
vn -0.95783 0.28735 0.00000
vn -0.95783 0.28735 0.00000
vn -0.95783 0.28735 0.00000
vn -0.95783 0.28735 0.00000
vn -0.95783 0.28735 0.00000
vn -0.95783 0.28735 0.00000
vn -0.95783 0.28735 0.00000
vn -0.95783 0.28735 0.00000
vn -0.95783 0.28735 0.00000
vn -0.95783 0.28735 0.00000
vn -0.95783 0.28735 0.00000
vn -0.95783 0.28735 0.00000
vn -0.95783 0.28735 0.00000
vn -0.95783 0.28735 0.00000
vn -0.95783 0.28735 0.00000
vn -0.95783 0.28735 0.00000
vn -0.95783 0.28735 0.00000
vn -0.95783 0.28735 0.00000
vn -0.95783 0.28735 0.00000
vn -0.95783 0.28735 0.00000
vn -0.95783 0.28735 0.00000
vn -0.95783 0.28735 0.00000
vn -0.95783 0.28735 0.00000
vn -0.95783 0.28735 0.00000
vn -0.95783 0.28735 0.00000
vn -0.95783 0.28735 0.00000
vn -0.95783 0.28735 0.00000
vn -0.95783 0.28735 0.00000
vn -0.95783 0.28735 0.00000
vn -0.95783 0.28735 0.00000
vn -0.95783 0.28735 0.00000
vn -0.95783 0.28735 0.00000
vn -0.95783 0.28735 0.00000
vn -0.95783 0.28735 0.00000
vn -0.95783 0.28735 0.00000
vn -0.95783 0.28735 0.00000
vn -0.95783 0.28735 0.00000
vn -0.95783 0.28735 0.00000
vn -0.95783 0.28735 0.00000
vn -0.95783 0.28735 0.00000
vn -0.95783 0.28735 0.00000
vn -0.95783 0.28735 0.00000
vn -0.95783 0.28735 0.00000
vn -0.95783 0.28735 0.00000
vn -0.95783 0.28735 0.00000
vn -0.95783 0.28735 0.00000
vn -0.95783 0.28735 0.00000
vn -0.95783 0.28735 0.00000
vn -0.95783 0.28735 0.00000
vn -0.95783 0.28735 0.00000
vn -0.95783 0.28735 0.00000
vn -0.95783 0.28735 0.00000
vn -0.95783 0.28735 0.00000
vn -0.95783 0.28735 0.00000
vn -0.95783 0.28735 0.00000
vn -0.95783 0.28735 0.00000
vn -0.95783 0.28735 0.00000
vn -0.95783 0.28735 0.00000
vn -0.95783 0.28735 0.00000
vn -0.95783 0.28735 0.00000
vn -0.95783 0.28735 0.00000
vn -0.95783 0.28735 0.00000
vn -0.95783 0.28735 0.00000
vn -0.95783 0.28735 0.00000
vn -0.95783 0.28735 0.00000
vn -0.95783 0.28735 0.00000
vn -0.95783 0.28735 0.00000
vn -0.95783 0.28735 0.00000
vn -0.95783 0.28735 0.00000
vn -0.95783 0.28735 0.00000
vn -0.95783 0.28735 0.00000
vn -0.95783 0.28735 0.00000
vn -0.95783 0.28735 0.00000
vn -0.95783 0.28735 0.00000
vn -0.95783 0.28735 0.00000
vn -0.95783 0.28735 0.00000
vn -0.95783 0.28735 0.00000
vn -0.95783 0.28735 0.00000
vn -0.95783 0.28735 0.00000
vn -0.95783 0.28735 0.00000
vn -0.95783 0.28735 0.00000
vn -0.95783 0.28735 0.00000
vn -0.95783 0.28735 0.00000
vn -0.95783 0.28735 0.00000
vn -0.95783 0.28735 0.00000
vn -0.95783 0.28735 0.00000
vn -0.95783 0.28735 0.00000
vn -0.95783 0.28735 0.00000
vn -0.95783 0.28735 0.00000
vn -0.95783 0.28735 0.00000
vn -0.95783 0.28735 0.00000
vn -0.95783 0.28735 0.00000
vn -0.95783 0.28735 0.00000
vn -0.95783 0.28735 0.00000
vn -0.95783 0.28735 0.00000
vn -0.95783 0.28735 0.00000
vn -0.95783 0.28735 0.00000
vn -0.95783 0.28735 0.00000
vn -0.95783 0.28735 0.00000
vn -0.95783 0.28735 0.00000
vn -0.95783 0.28735 0.00000
vn -0.95783 0.28735 0.00000
vn -0.95783 0.28735 0.00000
vn -0.95783 0.28735 0.00000
vn -0.95783 0.28735 0.00000
vn -0.95783 0.28735 0.00000
vn -0.95783 0.28735 0.00000
vn -0.95783 0.28735 0.00000
vn -0.95783 0.28735 0.00000
vn -0.95783 0.28735 0.00000
vn -0.95783 0.28735 0.00000
vn -0.95783 0.28735 0.00000
vn -0.95783 0.28735 0.00000
vn -0.95783 0.28735 0.00000
vn -0.95783 0.28735 0.00000
vn -0.95783 0.28735 0.00000
vn -0.95783 0.28735 0.00000
vn -0.95783 0.28735 0.00000
vn -0.95783 0.28735 0.00000
vn -0.95783 0.28735 0.00000
vn -0.95783 0.28735 0.00000
vn -0.95783 0.28735 0.00000
vn -0.95783 0.28735 0.00000
vn -0.95783 0.28735 0.00000
vn -0.95783 0.28735 0.00000
vn -0.95783 0.28735 0.00000
vn -0.95783 0.28735 0.00000
vn -0.95783 0.28735 0.00000
vn -0.95783 0.28735 0.00000
vn -0.95783 0.28735 0.00000
vn -0.95783 0.28735 0.00000
vn -0.95783 0.28735 0.00000
vn -0.95783 0.28735 0.00000
vn -0.95783 0.28735 0.00000
vn -0.95783 0.28735 0.00000
vn -0.95783 0.28735 0.00000
vn -0.95783 0.28735 0.00000
vn -0.95783 0.28735 0.00000
vn -0.95783 0.28735 0.00000
vn -0.95783 0.28735 0.00000
vn -0.95783 0.28735 0.00000
vn -0.95783 0.28735 0.00000
vn -0.95783 0.28735 0.00000
vn -0.95783 0.28735 0.00000
vn -0.95783 0.28735 0.00000
vn -0.95783 0.28735 0.00000
vn -0.95783 0.28735 0.00000
vn -0.95783 0.28735 0.00000
vn -0.95783 0.28735 0.00000
vn -0.95783 0.28735 0.00000
vn -0.95783 0.28735 0.00000
vn -0.95783 0.28735 0.00000
vn -0.95783 0.28735 0.00000
vn -0.95783 0.28735 0.00000
vn -0.95783 0.28735 0.00000
vn -0.95783 0.28735 0.00000
vn -0.95783 0.28735 0.00000
vn -0.95783 0.28735 0.00000
vn -0.95783 0.28735 0.00000
vn -0.95783 0.28735 0.00000
vn -0.95783 0.28735 0.00000
vn -0.95783 0.28735 0.00000
vn -0.95783 0.28735 0.00000
vn -0.95783 0.28735 0.00000
vn -0.95783 0.28735 0.00000
vn -0.95783 0.28735 0.00000
vn -0.95783 0.28735 0.00000
vn -0.95783 0.28735 0.00000
vn -0.95783 0.28735 0.00000
vn -0.95783 0.28735 0.00000
vn -0.95783 0.28735 0.00000
vn -0.95783 0.28735 0.00000
vn -0.95783 0.28735 0.00000
vn -0.95783 0.28735 0.00000
vn -0.95783 0.28735 0.00000
vn -0.95783 0.28735 0.00000
vn -0.95783 0.28735 0.00000
vn -0.95783 0.28735 0.00000
vn -0.95783 0.28735 0.00000
vn -0.95783 0.28735 0.00000
vn -0.95783 0.28735 0.00000
vn -0.95783 0.28735 0.00000
vn -0.95783 0.28735 0.00000
vn -0.95783 0.28735 0.00000
vn -0.95783 0.28735 0.00000
vn -0.95783 0.28735 0.00000
vn -0.95783 0.28735 0.00000
vn -0.95783 0.28735 0.00000
vn -0.95783 0.28735 0.00000
vn -0.95783 0.28735 0.00000
vn -0.95783 0.28735 0.00000
vn -0.95783 0.28735 0.00000
vn -0.95783 0.28735 0.00000
vn -0.95783 0.28735 0.00000
vn -0.95783 0.28735 0.00000
vn -0.95783 0.28735 0.00000
vn -0.95783 0.28735 0.00000
vn -0.95783 0.28735 0.00000
vn -0.95783 0.28735 0.00000
vn -0.95783 0.28735 0.00000
vn -0.95783 0.28735 0.00000
vn -0.95783 0.28735 0.00000
vn -0.95783 0.28735 0.00000
vn -0.95783 0.28735 0.00000
vn -0.95783 0.28735 0.00000
vn -0.95783 0.28735 0.00000
vn -0.95783 0.28735 0.00000
vn -0.95783 0.28735 0.00000
vn -0.95783 0.28735 0.00000
vn -0.95783 0.28735 0.00000
vn -0.95783 0.28735 0.00000
vn -0.95783 0.28735 0.00000
vn -0.95783 0.28735 0.00000
vn -0.95783 0.28735 0.00000
vn -0.95783 0.28735 0.00000
vn -0.95783 0.28735 0.00000
vn -0.95783 0.28735 0.00000
vn -0.95783 0.28735 0.00000
vn -0.95783 0.28735 0.00000
vn -0.95783 0.28735 0.00000
vn -0.95783 0.28735 0.00000
vn -0.95783 0.28735 0.00000
vn -0.95783 0.28735 0.00000
vn -0.95783 0.28735 0.00000
vn -0.95783 0.28735 0.00000
vn -0.95783 0.28735 0.00000
vn -0.95783 0.28735 0.00000
vn -0.95783 0.28735 0.00000
vn -0.95783 0.28735 0.00000
vn -0.95783 0.28735 0.00000
vn -0.95783 0.28735 0.00000
vn -0.95783 0.28735 0.00000
vn -0.95783 0.28735 0.00000
vn -0.95783 0.28735 0.00000
vn -0.95783 0.28735 0.00000
vn -0.95783 0.28735 0.00000
vn -0.95783 0.28735 0.00000
vn -0.95783 0.28735 0.00000
vn -0.95783 0.28735 0.00000
vn -0.95783 0.28735 0.00000
vn -0.95783 0.28735 0.00000
vn -0.95783 0.28735 0.00000
vn -0.95783 0.28735 0.00000
vn -0.95783 0.28735 0.00000
vn -0.95783 0.28735 0.00000
vn -0.95783 0.28735 0.00000
vn -0.95783 0.28735 0.00000
vn -0.95783 0.28735 0.00000
vn -0.95783 0.28735 0.00000
vn -0.95783 0.28735 0.00000
vn -0.95783 0.28735 0.00000
vn -0.95783 0.28735 0.00000
vn -0.95783 0.28735 0.00000
vn -0.95783 0.28735 0.00000
vn -0.95783 0.28735 0.00000
vn -0.95783 0.28735 0.00000
vn -0.95783 0.28735 0.00000
vn -0.95783 0.28735 0.00000
vn -0.95783 0.28735 0.00000
vn -0.95783 0.28735 0.00000
vn -0.95783 0.28735 0.00000
vn -0.95783 0.28735 0.00000
vn -0.95783 0.28735 0.00000
vn -0.95783 0.28735 0.00000
vn -0.95783 0.28735 0.00000
vn -0.95783 0.28735 0.00000
vn -0.95783 0.28735 0.00000
vn -0.95783 0.28735 0.00000
vn -0.95783 0.28735 0.00000
vn -0.95783 0.28735 0.00000
vn -0.95783 0.28735 0.00000
vn -0.95783 0.28735 0.00000
vn -0.95783 0.28735 0.00000
vn -0.95783 0.28735 0.00000
vn -0.95783 0.28735 0.00000
vn -0.95783 0.28735 0.00000
vn -0.95783 0.28735 0.00000
vn -0.95783 0.28735 0.00000
vn -0.95783 0.28735 0.00000
vn -0.95783 0.28735 0.00000
vn -0.95783 0.28735 0.00000
vn -0.95783 0.28735 0.00000
vn -0.95783 0.28735 0.00000
vn -0.95783 0.28735 0.00000
vn 0.95783 -0.28735 -0.00000
vn 0.95783 -0.28735 -0.00000
vn 0.95783 -0.28735 -0.00000
vn 0.95783 -0.28735 -0.00000
vn 0.95783 -0.28735 -0.00000
vn 0.95783 -0.28735 -0.00000
vn 0.95783 -0.28735 -0.00000
vn 0.95783 -0.28735 -0.00000
vn 0.95783 -0.28735 -0.00000
vn 0.95783 -0.28735 -0.00000
vn 0.95783 -0.28735 -0.00000
vn 0.95783 -0.28735 -0.00000
vn 0.95783 -0.28735 -0.00000
vn 0.95783 -0.28735 -0.00000
vn 0.95783 -0.28735 -0.00000
vn 0.95783 -0.28735 -0.00000
vn 0.95783 -0.28735 -0.00000
vn 0.95783 -0.28735 -0.00000
vn 0.95783 -0.28735 -0.00000
vn 0.95783 -0.28735 -0.00000
vn 0.95783 -0.28735 -0.00000
vn 0.95783 -0.28735 -0.00000
vn 0.95783 -0.28735 -0.00000
vn 0.95783 -0.28735 -0.00000
vn 0.95783 -0.28735 -0.00000
vn 0.95783 -0.28735 -0.00000
vn 0.95783 -0.28735 -0.00000
vn 0.95783 -0.28735 -0.00000
vn 0.95783 -0.28735 -0.00000
vn 0.95783 -0.28735 -0.00000
vn 0.95783 -0.28735 -0.00000
vn 0.95783 -0.28735 -0.00000
vn 0.95783 -0.28735 -0.00000
vn 0.95783 -0.28735 -0.00000
vn 0.95783 -0.28735 -0.00000
vn 0.95783 -0.28735 -0.00000
vn 0.95783 -0.28735 -0.00000
vn 0.95783 -0.28735 -0.00000
vn 0.95783 -0.28735 -0.00000
vn 0.95783 -0.28735 -0.00000
vn 0.95783 -0.28735 -0.00000
vn 0.95783 -0.28735 -0.00000
vn 0.95783 -0.28735 -0.00000
vn 0.95783 -0.28735 -0.00000
vn 0.95783 -0.28735 -0.00000
vn 0.95783 -0.28735 -0.00000
vn 0.95783 -0.28735 -0.00000
vn 0.95783 -0.28735 -0.00000
vn 0.95783 -0.28735 -0.00000
vn 0.95783 -0.28735 -0.00000
vn 0.95783 -0.28735 -0.00000
vn 0.95783 -0.28735 -0.00000
vn 0.95783 -0.28735 -0.00000
vn 0.95783 -0.28735 -0.00000
vn 0.95783 -0.28735 -0.00000
vn 0.95783 -0.28735 -0.00000
vn 0.95783 -0.28735 -0.00000
vn 0.95783 -0.28735 -0.00000
vn 0.95783 -0.28735 -0.00000
vn 0.95783 -0.28735 -0.00000
vn 0.95783 -0.28735 -0.00000
vn 0.95783 -0.28735 -0.00000
vn 0.95783 -0.28735 -0.00000
vn 0.95783 -0.28735 -0.00000
vn 0.95783 -0.28735 -0.00000
vn 0.95783 -0.28735 -0.00000
vn 0.95783 -0.28735 -0.00000
vn 0.95783 -0.28735 -0.00000
vn 0.95783 -0.28735 -0.00000
vn 0.95783 -0.28735 -0.00000
vn 0.95783 -0.28735 -0.00000
vn 0.95783 -0.28735 -0.00000
vn 0.95783 -0.28735 -0.00000
vn 0.95783 -0.28735 -0.00000
vn 0.95783 -0.28735 -0.00000
vn 0.95783 -0.28735 -0.00000
vn 0.95783 -0.28735 -0.00000
vn 0.95783 -0.28735 -0.00000
vn 0.95783 -0.28735 -0.00000
vn 0.95783 -0.28735 -0.00000
vn 0.95783 -0.28735 -0.00000
vn 0.95783 -0.28735 -0.00000
vn 0.95783 -0.28735 -0.00000
vn 0.95783 -0.28735 -0.00000
vn 0.95783 -0.28735 -0.00000
vn 0.95783 -0.28735 -0.00000
vn 0.95783 -0.28735 -0.00000
vn 0.95783 -0.28735 -0.00000
vn 0.95783 -0.28735 -0.00000
vn 0.95783 -0.28735 -0.00000
vn 0.95783 -0.28735 -0.00000
vn 0.95783 -0.28735 -0.00000
vn 0.95783 -0.28735 -0.00000
vn 0.95783 -0.28735 -0.00000
vn 0.95783 -0.28735 -0.00000
vn 0.95783 -0.28735 -0.00000
vn 0.95783 -0.28735 -0.00000
vn 0.95783 -0.28735 -0.00000
vn 0.95783 -0.28735 -0.00000
vn 0.95783 -0.28735 -0.00000
vn 0.95783 -0.28735 -0.00000
vn 0.95783 -0.28735 -0.00000
vn 0.95783 -0.28735 -0.00000
vn 0.95783 -0.28735 -0.00000
vn 0.95783 -0.28735 -0.00000
vn 0.95783 -0.28735 -0.00000
vn 0.95783 -0.28735 -0.00000
vn 0.95783 -0.28735 -0.00000
vn 0.95783 -0.28735 -0.00000
vn 0.95783 -0.28735 -0.00000
vn 0.95783 -0.28735 -0.00000
vn 0.95783 -0.28735 -0.00000
vn 0.95783 -0.28735 -0.00000
vn 0.95783 -0.28735 -0.00000
vn 0.95783 -0.28735 -0.00000
vn 0.95783 -0.28735 -0.00000
vn 0.95783 -0.28735 -0.00000
vn 0.95783 -0.28735 -0.00000
vn 0.95783 -0.28735 -0.00000
vn 0.95783 -0.28735 -0.00000
vn 0.95783 -0.28735 -0.00000
vn 0.95783 -0.28735 -0.00000
vn 0.95783 -0.28735 -0.00000
vn 0.95783 -0.28735 -0.00000
vn 0.95783 -0.28735 -0.00000
vn 0.95783 -0.28735 -0.00000
vn 0.95783 -0.28735 -0.00000
vn 0.95783 -0.28735 -0.00000
vn 0.95783 -0.28735 -0.00000
vn 0.95783 -0.28735 -0.00000
vn 0.95783 -0.28735 -0.00000
vn 0.95783 -0.28735 -0.00000
vn 0.95783 -0.28735 -0.00000
vn 0.95783 -0.28735 -0.00000
vn 0.95783 -0.28735 -0.00000
vn 0.95783 -0.28735 -0.00000
vn 0.95783 -0.28735 -0.00000
vn 0.95783 -0.28735 -0.00000
vn 0.95783 -0.28735 -0.00000
vn 0.95783 -0.28735 -0.00000
vn 0.95783 -0.28735 -0.00000
vn 0.95783 -0.28735 -0.00000
vn 0.95783 -0.28735 -0.00000
vn 0.95783 -0.28735 -0.00000
vn 0.95783 -0.28735 -0.00000
vn 0.95783 -0.28735 -0.00000
vn 0.95783 -0.28735 -0.00000
vn 0.95783 -0.28735 -0.00000
vn 0.95783 -0.28735 -0.00000
vn 0.95783 -0.28735 -0.00000
vn 0.95783 -0.28735 -0.00000
vn 0.95783 -0.28735 -0.00000
vn 0.95783 -0.28735 -0.00000
vn 0.95783 -0.28735 -0.00000
vn 0.95783 -0.28735 -0.00000
vn 0.95783 -0.28735 -0.00000
vn 0.95783 -0.28735 -0.00000
vn 0.95783 -0.28735 -0.00000
vn 0.95783 -0.28735 -0.00000
vn 0.95783 -0.28735 -0.00000
vn 0.95783 -0.28735 -0.00000
vn 0.95783 -0.28735 -0.00000
vn 0.95783 -0.28735 -0.00000
vn 0.95783 -0.28735 -0.00000
vn 0.95783 -0.28735 -0.00000
vn 0.95783 -0.28735 -0.00000
vn 0.95783 -0.28735 -0.00000
vn 0.95783 -0.28735 -0.00000
vn 0.95783 -0.28735 -0.00000
vn 0.95783 -0.28735 -0.00000
vn 0.95783 -0.28735 -0.00000
vn 0.95783 -0.28735 -0.00000
vn 0.95783 -0.28735 -0.00000
vn 0.95783 -0.28735 -0.00000
vn 0.95783 -0.28735 -0.00000
vn 0.95783 -0.28735 -0.00000
vn 0.95783 -0.28735 -0.00000
vn 0.95783 -0.28735 -0.00000
vn 0.95783 -0.28735 -0.00000
vn 0.95783 -0.28735 -0.00000
vn 0.95783 -0.28735 -0.00000
vn 0.95783 -0.28735 -0.00000
vn 0.95783 -0.28735 -0.00000
vn 0.95783 -0.28735 -0.00000
vn 0.95783 -0.28735 -0.00000
vn 0.95783 -0.28735 -0.00000
vn 0.95783 -0.28735 -0.00000
vn 0.95783 -0.28735 -0.00000
vn 0.95783 -0.28735 -0.00000
vn 0.95783 -0.28735 -0.00000
vn 0.95783 -0.28735 -0.00000
vn 0.95783 -0.28735 -0.00000
vn 0.95783 -0.28735 -0.00000
vn 0.95783 -0.28735 -0.00000
vn 0.95783 -0.28735 -0.00000
vn 0.95783 -0.28735 -0.00000
vn 0.95783 -0.28735 -0.00000
vn 0.95783 -0.28735 -0.00000
vn 0.95783 -0.28735 -0.00000
vn 0.95783 -0.28735 -0.00000
vn 0.95783 -0.28735 -0.00000
vn 0.95783 -0.28735 -0.00000
vn 0.95783 -0.28735 -0.00000
vn 0.95783 -0.28735 -0.00000
vn 0.95783 -0.28735 -0.00000
vn 0.95783 -0.28735 -0.00000
vn 0.95783 -0.28735 -0.00000
vn 0.95783 -0.28735 -0.00000
vn 0.95783 -0.28735 -0.00000
vn 0.95783 -0.28735 -0.00000
vn 0.95783 -0.28735 -0.00000
vn 0.95783 -0.28735 -0.00000
vn 0.95783 -0.28735 -0.00000
vn 0.95783 -0.28735 -0.00000
vn 0.95783 -0.28735 -0.00000
vn 0.95783 -0.28735 -0.00000
vn 0.95783 -0.28735 -0.00000
vn 0.95783 -0.28735 -0.00000
vn 0.95783 -0.28735 -0.00000
vn 0.95783 -0.28735 -0.00000
vn 0.95783 -0.28735 -0.00000
vn 0.95783 -0.28735 -0.00000
vn 0.95783 -0.28735 -0.00000
vn 0.95783 -0.28735 -0.00000
vn 0.95783 -0.28735 -0.00000
vn 0.95783 -0.28735 -0.00000
vn 0.95783 -0.28735 -0.00000
vn 0.95783 -0.28735 -0.00000
vn 0.95783 -0.28735 -0.00000
vn 0.95783 -0.28735 -0.00000
vn 0.95783 -0.28735 -0.00000
vn 0.95783 -0.28735 -0.00000
vn 0.95783 -0.28735 -0.00000
vn 0.95783 -0.28735 -0.00000
vn 0.95783 -0.28735 -0.00000
vn 0.95783 -0.28735 -0.00000
vn 0.95783 -0.28735 -0.00000
vn 0.95783 -0.28735 -0.00000
vn 0.95783 -0.28735 -0.00000
vn 0.95783 -0.28735 -0.00000
vn 0.95783 -0.28735 -0.00000
vn 0.95783 -0.28735 -0.00000
vn 0.95783 -0.28735 -0.00000
vn 0.95783 -0.28735 -0.00000
vn 0.95783 -0.28735 -0.00000
vn 0.95783 -0.28735 -0.00000
vn 0.95783 -0.28735 -0.00000
vn 0.95783 -0.28735 -0.00000
vn 0.95783 -0.28735 -0.00000
vn 0.95783 -0.28735 -0.00000
vn 0.95783 -0.28735 -0.00000
vn 0.95783 -0.28735 -0.00000
vn 0.95783 -0.28735 -0.00000
vn 0.95783 -0.28735 -0.00000
vn 0.95783 -0.28735 -0.00000
vn 0.95783 -0.28735 -0.00000
vn 0.95783 -0.28735 -0.00000
vn 0.95783 -0.28735 -0.00000
vn 0.95783 -0.28735 -0.00000
vn 0.95783 -0.28735 -0.00000
vn 0.95783 -0.28735 -0.00000
vn 0.95783 -0.28735 -0.00000
vn 0.95783 -0.28735 -0.00000
vn 0.95783 -0.28735 -0.00000
vn 0.95783 -0.28735 -0.00000
vn 0.95783 -0.28735 -0.00000
vn 0.95783 -0.28735 -0.00000
vn 0.95783 -0.28735 -0.00000
vn 0.95783 -0.28735 -0.00000
vn 0.95783 -0.28735 -0.00000
vn 0.95783 -0.28735 -0.00000
vn 0.95783 -0.28735 -0.00000
vn 0.95783 -0.28735 -0.00000
vn 0.95783 -0.28735 -0.00000
vn 0.95783 -0.28735 -0.00000
vn 0.95783 -0.28735 -0.00000
vn 0.95783 -0.28735 -0.00000
vn 0.95783 -0.28735 -0.00000
vn 0.95783 -0.28735 -0.00000
vn 0.95783 -0.28735 -0.00000
vn 0.95783 -0.28735 -0.00000
vn 0.95783 -0.28735 -0.00000
vn 0.95783 -0.28735 -0.00000
vn 0.95783 -0.28735 -0.00000
vn 0.95783 -0.28735 -0.00000
vn 0.95783 -0.28735 -0.00000
vn 0.95783 -0.28735 -0.00000
vn 0.95783 -0.28735 -0.00000
vn 0.95783 -0.28735 -0.00000
vn 0.95783 -0.28735 -0.00000
vn 0.95783 -0.28735 -0.00000
vn 0.95783 -0.28735 -0.00000
vn 0.95783 -0.28735 -0.00000
vn 0.95783 -0.28735 -0.00000
vn 0.95783 -0.28735 -0.00000
vn 0.95783 -0.28735 -0.00000
vn 0.95783 -0.28735 -0.00000
vn 0.95783 -0.28735 -0.00000
vn 0.95783 -0.28735 -0.00000
vn 0.95783 -0.28735 -0.00000
vn 0.95783 -0.28735 -0.00000
vn 0.95783 -0.28735 -0.00000
vn 0.95783 -0.28735 -0.00000
vn 0.95783 -0.28735 -0.00000
vn 0.95783 -0.28735 -0.00000
vn 0.95783 -0.28735 -0.00000
vn 0.95783 -0.28735 -0.00000
vn 0.95783 -0.28735 -0.00000
vn 0.95783 -0.28735 -0.00000
vn 0.95783 -0.28735 -0.00000
vn 0.95783 -0.28735 -0.00000
vn 0.95783 -0.28735 -0.00000
vn 0.95783 -0.28735 -0.00000
vn 0.95783 -0.28735 -0.00000
vn 0.95783 -0.28735 -0.00000
vn 0.95783 -0.28735 -0.00000
vn 0.95783 -0.28735 -0.00000
vn 0.95783 -0.28735 -0.00000
vn 0.95783 -0.28735 -0.00000
vn 0.95783 -0.28735 -0.00000
vn 0.95783 -0.28735 -0.00000
vn 0.95783 -0.28735 -0.00000
vn 0.95783 -0.28735 -0.00000
vn 0.95783 -0.28735 -0.00000
vn 0.95783 -0.28735 -0.00000
vn 0.95783 -0.28735 -0.00000
vn 0.95783 -0.28735 -0.00000
vn 0.95783 -0.28735 -0.00000
vn 0.95783 -0.28735 -0.00000
vn 0.95783 -0.28735 -0.00000
vn 0.95783 -0.28735 -0.00000
vn 0.95783 -0.28735 -0.00000
vn 0.95783 -0.28735 -0.00000
vn 0.95783 -0.28735 -0.00000
vn 0.95783 -0.28735 -0.00000
vn 0.95783 -0.28735 -0.00000
vn 0.95783 -0.28735 -0.00000
vn 0.95783 -0.28735 -0.00000
vn 0.95783 -0.28735 -0.00000
vn 0.95783 -0.28735 -0.00000
vn 0.95783 -0.28735 -0.00000
vn 0.95783 -0.28735 -0.00000
vn 0.95783 -0.28735 -0.00000
vn 0.95783 -0.28735 -0.00000
vn 0.95783 -0.28735 -0.00000
vn 0.95783 -0.28735 -0.00000
vn 0.95783 -0.28735 -0.00000
vn 0.95783 -0.28735 -0.00000
vn 0.95783 -0.28735 -0.00000
vn 0.95783 -0.28735 -0.00000
vn 0.95783 -0.28735 -0.00000
vn 0.95783 -0.28735 -0.00000
vn 0.95783 -0.28735 -0.00000
vn 0.95783 -0.28735 -0.00000
vn 0.95783 -0.28735 -0.00000
vn 0.95783 -0.28735 -0.00000
vn 0.95783 -0.28735 -0.00000
vn 0.95783 -0.28735 -0.00000
vn 0.95783 -0.28735 -0.00000
vn 0.95783 -0.28735 -0.00000
vn 0.95783 -0.28735 -0.00000
vn 0.95783 -0.28735 -0.00000
vn 0.95783 -0.28735 -0.00000
vn 0.95783 -0.28735 -0.00000
vn 0.95783 -0.28735 -0.00000
vn 0.95783 -0.28735 -0.00000
vn 0.95783 -0.28735 -0.00000
vn 0.95783 -0.28735 -0.00000
vn 0.95783 -0.28735 -0.00000
vn 0.95783 -0.28735 -0.00000
vn 0.95783 -0.28735 -0.00000
vn 0.95783 -0.28735 -0.00000
vn 0.95783 -0.28735 -0.00000
vn 0.95783 -0.28735 -0.00000
vn 0.95783 -0.28735 -0.00000
vn 0.95783 -0.28735 -0.00000
vn 0.95783 -0.28735 -0.00000
vn 0.95783 -0.28735 -0.00000
vn 0.95783 -0.28735 -0.00000
vn 0.95783 -0.28735 -0.00000
vn 0.95783 -0.28735 -0.00000
vn 0.95783 -0.28735 -0.00000
vn 0.95783 -0.28735 -0.00000
vn 0.95783 -0.28735 -0.00000
vn 0.95783 -0.28735 -0.00000
vn 0.95783 -0.28735 -0.00000
vn 0.95783 -0.28735 -0.00000
vn 0.95783 -0.28735 -0.00000
vn 0.95783 -0.28735 -0.00000
vn 0.95783 -0.28735 -0.00000
vn 0.95783 -0.28735 -0.00000
vn 0.95783 -0.28735 -0.00000
vn 0.95783 -0.28735 -0.00000
vn 0.95783 -0.28735 -0.00000
vn 0.95783 -0.28735 -0.00000
vn 0.95783 -0.28735 -0.00000
vn 0.95783 -0.28735 -0.00000
vn 0.95783 -0.28735 -0.00000
vn 0.95783 -0.28735 -0.00000
vn 0.95783 -0.28735 -0.00000
vn 0.95783 -0.28735 -0.00000
vn 0.95783 -0.28735 -0.00000
vn 0.95783 -0.28735 -0.00000
vn 0.95783 -0.28735 -0.00000
vn 0.95783 -0.28735 -0.00000
vn 0.95783 -0.28735 -0.00000
vn 0.95783 -0.28735 -0.00000
vn 0.95783 -0.28735 -0.00000
vn 0.95783 -0.28735 -0.00000
vn 0.95783 -0.28735 -0.00000
vn 0.95783 -0.28735 -0.00000
vn 0.95783 -0.28735 -0.00000
vn 0.95783 -0.28735 -0.00000
vn 0.95783 -0.28735 -0.00000
vn 0.95783 -0.28735 -0.00000
vn 0.95783 -0.28735 -0.00000
vn 0.95783 -0.28735 -0.00000
vn 0.95783 -0.28735 -0.00000
vn 0.95783 -0.28735 -0.00000
vn 0.95783 -0.28735 -0.00000
vn 0.95783 -0.28735 -0.00000
vn 0.95783 -0.28735 -0.00000
vn 0.95783 -0.28735 -0.00000
vn 0.95783 -0.28735 -0.00000
vn 0.95783 -0.28735 -0.00000
vn 0.95783 -0.28735 -0.00000
vn 0.95783 -0.28735 -0.00000
vn 0.95783 -0.28735 -0.00000
vn 0.95783 -0.28735 -0.00000
vn 0.95783 -0.28735 -0.00000
vn 0.95783 -0.28735 -0.00000
vn 0.95783 -0.28735 -0.00000
vn 0.95783 -0.28735 -0.00000
vn 0.95783 -0.28735 -0.00000
vn 0.95783 -0.28735 -0.00000
vn 0.95783 -0.28735 -0.00000
vn 0.95783 -0.28735 -0.00000
vn 0.95783 -0.28735 -0.00000
vn 0.95783 -0.28735 -0.00000
vn 0.95783 -0.28735 -0.00000
vn 0.95783 -0.28735 -0.00000
vn 0.95783 -0.28735 -0.00000
vn 0.95783 -0.28735 -0.00000
vn 0.95783 -0.28735 -0.00000
vn 0.95783 -0.28735 -0.00000
vn 0.95783 -0.28735 -0.00000
vn 0.95783 -0.28735 -0.00000
vn 0.95783 -0.28735 -0.00000
vn 0.95783 -0.28735 -0.00000
vn 0.95783 -0.28735 -0.00000
vn 0.95783 -0.28735 -0.00000
vn 0.95783 -0.28735 -0.00000
vn 0.95783 -0.28735 -0.00000
vn 0.95783 -0.28735 -0.00000
vn 0.95783 -0.28735 -0.00000
vn 0.95783 -0.28735 -0.00000
vn 0.95783 -0.28735 -0.00000
vn 0.95783 -0.28735 -0.00000
vn 0.95783 -0.28735 -0.00000
vn 0.95783 -0.28735 -0.00000
vn 0.95783 -0.28735 -0.00000
vn 0.95783 -0.28735 -0.00000
vn 0.95783 -0.28735 -0.00000
vn 0.95783 -0.28735 -0.00000
vn 0.95783 -0.28735 -0.00000
vn 0.95783 -0.28735 -0.00000
vn 0.95783 -0.28735 -0.00000
vn 0.95783 -0.28735 -0.00000
vn 0.95783 -0.28735 -0.00000
vn 0.95783 -0.28735 -0.00000
vn 0.95783 -0.28735 -0.00000
vn 0.95783 -0.28735 -0.00000
vn 0.95783 -0.28735 -0.00000
vn 0.95783 -0.28735 -0.00000
vn 0.95783 -0.28735 -0.00000
vn 0.95783 -0.28735 -0.00000
vn 0.95783 -0.28735 -0.00000
vn 0.95783 -0.28735 -0.00000
vn 0.95783 -0.28735 -0.00000
vn 0.95783 -0.28735 -0.00000
vn 0.95783 -0.28735 -0.00000
vn 0.95783 -0.28735 -0.00000
vn 0.95783 -0.28735 -0.00000
vn 0.95783 -0.28735 -0.00000
vn 0.95783 -0.28735 -0.00000
vn 0.95783 -0.28735 -0.00000
vn 0.95783 -0.28735 -0.00000
vn 0.95783 -0.28735 -0.00000
vn 0.95783 -0.28735 -0.00000
vn 0.95783 -0.28735 -0.00000
vn 0.95783 -0.28735 -0.00000
vn 0.95783 -0.28735 -0.00000
vn 0.95783 -0.28735 -0.00000
vn 0.95783 -0.28735 -0.00000
vn 0.95783 -0.28735 -0.00000
vn 0.95783 -0.28735 -0.00000
vn 0.95783 -0.28735 -0.00000
vn 0.95783 -0.28735 -0.00000
vn 0.95783 -0.28735 -0.00000
vn 0.95783 -0.28735 -0.00000
vn 0.95783 -0.28735 -0.00000
vn 0.95783 -0.28735 -0.00000
vn 0.95783 -0.28735 -0.00000
vn 0.95783 -0.28735 -0.00000
vn 0.95783 -0.28735 -0.00000
vn 0.95783 -0.28735 -0.00000
vn 0.95783 -0.28735 -0.00000
vn 0.95783 -0.28735 -0.00000
vn 0.95783 -0.28735 -0.00000
vn 0.95783 -0.28735 -0.00000
vn 0.95783 -0.28735 -0.00000
vn 0.95783 -0.28735 -0.00000
vn 0.95783 -0.28735 -0.00000
vn 0.95783 -0.28735 -0.00000
vn 0.95783 -0.28735 -0.00000
vn 0.95783 -0.28735 -0.00000
vn 0.95783 -0.28735 -0.00000
vn 0.95783 -0.28735 -0.00000
vn 0.95783 -0.28735 -0.00000
vn 0.95783 -0.28735 -0.00000
vn 0.95783 -0.28735 -0.00000
vn 0.95783 -0.28735 -0.00000
vn 0.95783 -0.28735 -0.00000
vn 0.95783 -0.28735 -0.00000
vn 0.95783 -0.28735 -0.00000
vn 0.95783 -0.28735 -0.00000
vn 0.95783 -0.28735 -0.00000
vn 0.95783 -0.28735 -0.00000
vn 0.95783 -0.28735 -0.00000
vn 0.95783 -0.28735 -0.00000
vn 0.95783 -0.28735 -0.00000
vn 0.95783 -0.28735 -0.00000
vn 0.95783 -0.28735 -0.00000
vn 0.95783 -0.28735 -0.00000
vn 0.95783 -0.28735 -0.00000
vn 0.95783 -0.28735 -0.00000
vn 0.95783 -0.28735 -0.00000
vn 0.95783 -0.28735 -0.00000
vn 0.95783 -0.28735 -0.00000
vn 0.95783 -0.28735 -0.00000
vn 0.95783 -0.28735 -0.00000
vn 0.95783 -0.28735 -0.00000
vn 0.95783 -0.28735 -0.00000
vn 0.95783 -0.28735 -0.00000
vn 0.95783 -0.28735 -0.00000
vn 0.95783 -0.28735 -0.00000
vn 0.95783 -0.28735 -0.00000
vn 0.95783 -0.28735 -0.00000
vn 0.95783 -0.28735 -0.00000
vn 0.95783 -0.28735 -0.00000
vn 0.95783 -0.28735 -0.00000
vn 0.95783 -0.28735 -0.00000
vn 0.95783 -0.28735 -0.00000
vn 0.95783 -0.28735 -0.00000
vn 0.95783 -0.28735 -0.00000
vn 0.95783 -0.28735 -0.00000
vn 0.95783 -0.28735 -0.00000
vn 0.95783 -0.28735 -0.00000
vn 0.95783 -0.28735 -0.00000
vn 0.95783 -0.28735 -0.00000
vn 0.95783 -0.28735 -0.00000
vn 0.95783 -0.28735 -0.00000
vn 0.95783 -0.28735 -0.00000
vn 0.95783 -0.28735 -0.00000
vn 0.95783 -0.28735 -0.00000
vn 0.95783 -0.28735 -0.00000
vn 0.95783 -0.28735 -0.00000
vn 0.95783 -0.28735 -0.00000
vn 0.95783 -0.28735 -0.00000
vn 0.95783 -0.28735 -0.00000
vn 0.95783 -0.28735 -0.00000
vn 0.95783 -0.28735 -0.00000
vn 0.95783 -0.28735 -0.00000
vn 0.95783 -0.28735 -0.00000
vn 0.95783 -0.28735 -0.00000
vn 0.95783 -0.28735 -0.00000
vn 0.95783 -0.28735 -0.00000
vn 0.95783 -0.28735 -0.00000
vn 0.95783 -0.28735 -0.00000
vn 0.95783 -0.28735 -0.00000
vn 0.95783 -0.28735 -0.00000
vn 0.95783 -0.28735 -0.00000
vn 0.95783 -0.28735 -0.00000
vn 0.95783 -0.28735 -0.00000
vn 0.95783 -0.28735 -0.00000
vn 0.95783 -0.28735 -0.00000
vn 0.95783 -0.28735 -0.00000
vn 0.95783 -0.28735 -0.00000
vn 0.95783 -0.28735 -0.00000
vn 0.95783 -0.28735 -0.00000
vn 0.95783 -0.28735 -0.00000
vn 0.95783 -0.28735 -0.00000
vn 0.95783 -0.28735 -0.00000
vn 0.95783 -0.28735 -0.00000
vn 0.95783 -0.28735 -0.00000
vn 0.95783 -0.28735 -0.00000
vn 0.95783 -0.28735 -0.00000
vn 0.95783 -0.28735 -0.00000
vn 0.95783 -0.28735 -0.00000
vn 0.95783 -0.28735 -0.00000
vn 0.95783 -0.28735 -0.00000
vn 0.95783 -0.28735 -0.00000
vn 0.95783 -0.28735 -0.00000
vn 0.95783 -0.28735 -0.00000
vn 0.95783 -0.28735 -0.00000
vn 0.95783 -0.28735 -0.00000
vn 0.95783 -0.28735 -0.00000
vn 0.95783 -0.28735 -0.00000
vn 0.95783 -0.28735 -0.00000
vn 0.95783 -0.28735 -0.00000
vn 0.95783 -0.28735 -0.00000
vn 0.95783 -0.28735 -0.00000
vn 0.95783 -0.28735 -0.00000
vn 0.95783 -0.28735 -0.00000
vn 0.95783 -0.28735 -0.00000
vn 0.95783 -0.28735 -0.00000
vn 0.95783 -0.28735 -0.00000
vn 0.95783 -0.28735 -0.00000
vn 0.95783 -0.28735 -0.00000
vn 0.95783 -0.28735 -0.00000
vn 0.95783 -0.28735 -0.00000
vn 0.95783 -0.28735 -0.00000
vn 0.95783 -0.28735 -0.00000
vn 0.95783 -0.28735 -0.00000
vn 0.95783 -0.28735 -0.00000
vn 0.95783 -0.28735 -0.00000
vn 0.95783 -0.28735 -0.00000
vn 0.95783 -0.28735 -0.00000
vn 0.95783 -0.28735 -0.00000
vn 0.95783 -0.28735 -0.00000
vn 0.95783 -0.28735 -0.00000
vn 0.95783 -0.28735 -0.00000
vn 0.95783 -0.28735 -0.00000
vn 0.95783 -0.28735 -0.00000
vn 0.95783 -0.28735 -0.00000
vn 0.95783 -0.28735 -0.00000
vn 0.95783 -0.28735 -0.00000
vn 0.95783 -0.28735 -0.00000
vn 0.95783 -0.28735 -0.00000
vn 0.95783 -0.28735 -0.00000
vn 0.95783 -0.28735 -0.00000
vn 0.95783 -0.28735 -0.00000
vn 0.95783 -0.28735 -0.00000
vn 0.95783 -0.28735 -0.00000
vn 0.95783 -0.28735 -0.00000
vn 0.95783 -0.28735 -0.00000
vn 0.95783 -0.28735 -0.00000
vn 0.95783 -0.28735 -0.00000
vn 0.95783 -0.28735 -0.00000
vn 0.95783 -0.28735 -0.00000
vn 0.95783 -0.28735 -0.00000
vn 0.95783 -0.28735 -0.00000
vn 0.95783 -0.28735 -0.00000
vn 0.95783 -0.28735 -0.00000
vn 0.95783 -0.28735 -0.00000
vn 0.95783 -0.28735 -0.00000
vn 0.95783 -0.28735 -0.00000
vn 0.95783 -0.28735 -0.00000
vn 0.95783 -0.28735 -0.00000
vn 0.95783 -0.28735 -0.00000
vn 0.95783 -0.28735 -0.00000
vn 0.95783 -0.28735 -0.00000
vn 0.95783 -0.28735 -0.00000
vn 0.95783 -0.28735 -0.00000
vn 0.95783 -0.28735 -0.00000
vn 0.95783 -0.28735 -0.00000
vn 0.95783 -0.28735 -0.00000
vn 0.95783 -0.28735 -0.00000
vn 0.95783 -0.28735 -0.00000
vn 0.95783 -0.28735 -0.00000
vn 0.95783 -0.28735 -0.00000
vn 0.95783 -0.28735 -0.00000
vn 0.95783 -0.28735 -0.00000
vn 0.95783 -0.28735 -0.00000
vn 0.95783 -0.28735 -0.00000
vn 0.95783 -0.28735 -0.00000
vn 0.95783 -0.28735 -0.00000
vn 0.95783 -0.28735 -0.00000
vn 0.95783 -0.28735 -0.00000
vn 0.95783 -0.28735 -0.00000
vn 0.95783 -0.28735 -0.00000
vn 0.95783 -0.28735 -0.00000
vn 0.95783 -0.28735 -0.00000
vn 0.95783 -0.28735 -0.00000
vn 0.95783 -0.28735 -0.00000
vn 0.95783 -0.28735 -0.00000
vn 0.95783 -0.28735 -0.00000
vn 0.95783 -0.28735 -0.00000
vn 0.95783 -0.28735 -0.00000
vn 0.95783 -0.28735 -0.00000
vn 0.95783 -0.28735 -0.00000
vn 0.95783 -0.28735 -0.00000
vn 0.95783 -0.28735 -0.00000
vn 0.95783 -0.28735 -0.00000
vn 0.95783 -0.28735 -0.00000
vn 0.95783 -0.28735 -0.00000
vn 0.95783 -0.28735 -0.00000
vn 0.95783 -0.28735 -0.00000
vn 0.95783 -0.28735 -0.00000
vn 0.95783 -0.28735 -0.00000
vn 0.95783 -0.28735 -0.00000
vn 0.95783 -0.28735 -0.00000
vn 0.95783 -0.28735 -0.00000
vn 0.95783 -0.28735 -0.00000
vn 0.95783 -0.28735 -0.00000
vn 0.95783 -0.28735 -0.00000
vn 0.95783 -0.28735 -0.00000
vn 0.95783 -0.28735 -0.00000
vn 0.95783 -0.28735 -0.00000
vn 0.95783 -0.28735 -0.00000
vn 0.95783 -0.28735 -0.00000
vn 0.95783 -0.28735 -0.00000
vn 0.95783 -0.28735 -0.00000
vn 0.95783 -0.28735 -0.00000
vn 0.95783 -0.28735 -0.00000
vn 0.95783 -0.28735 -0.00000
vn 0.95783 -0.28735 -0.00000
vn 0.95783 -0.28735 -0.00000
vn 0.95783 -0.28735 -0.00000
vn 0.95783 -0.28735 -0.00000
vn 0.95783 -0.28735 -0.00000
vn 0.95783 -0.28735 -0.00000
vn 0.95783 -0.28735 -0.00000
vn 0.95783 -0.28735 -0.00000
vn 0.95783 -0.28735 -0.00000
vn 0.95783 -0.28735 -0.00000
vn 0.95783 -0.28735 -0.00000
vn 0.95783 -0.28735 -0.00000
vn 0.95783 -0.28735 -0.00000
vn 0.95783 -0.28735 -0.00000
vn 0.95783 -0.28735 -0.00000
vn 0.95783 -0.28735 -0.00000
vn 0.95783 -0.28735 -0.00000
vn 0.95783 -0.28735 -0.00000
vn 0.95783 -0.28735 -0.00000
vn 0.95783 -0.28735 -0.00000
vn 0.95783 -0.28735 -0.00000
vn 0.95783 -0.28735 -0.00000
vn 0.95783 -0.28735 -0.00000
vn 0.95783 -0.28735 -0.00000
vn 0.95783 -0.28735 -0.00000
vn 0.95783 -0.28735 -0.00000
vn 0.95783 -0.28735 -0.00000
vn 0.95783 -0.28735 -0.00000
vn 0.95783 -0.28735 -0.00000
vn 0.95783 -0.28735 -0.00000
vn 0.95783 -0.28735 -0.00000
vn 0.95783 -0.28735 -0.00000
vn 0.95783 -0.28735 -0.00000
vn 0.95783 -0.28735 -0.00000
vn 0.95783 -0.28735 -0.00000
vn 0.95783 -0.28735 -0.00000
vn 0.95783 -0.28735 -0.00000
vn 0.95783 -0.28735 -0.00000
vn 0.95783 -0.28735 -0.00000
vn 0.95783 -0.28735 -0.00000
vn 0.95783 -0.28735 -0.00000
vn 0.95783 -0.28735 -0.00000
vn 0.95783 -0.28735 -0.00000
vn 0.95783 -0.28735 -0.00000
vn 0.95783 -0.28735 -0.00000
vn 0.95783 -0.28735 -0.00000
vn 0.95783 -0.28735 -0.00000
vn 0.95783 -0.28735 -0.00000
vn 0.95783 -0.28735 -0.00000
vn 0.95783 -0.28735 -0.00000
vn 0.95783 -0.28735 -0.00000
vn 0.95783 -0.28735 -0.00000
vn 0.95783 -0.28735 -0.00000
vn 0.95783 -0.28735 -0.00000
vn 0.95783 -0.28735 -0.00000
vn 0.95783 -0.28735 -0.00000
vn 0.95783 -0.28735 -0.00000
vn 0.95783 -0.28735 -0.00000
vn 0.95783 -0.28735 -0.00000
vn 0.95783 -0.28735 -0.00000
vn 0.95783 -0.28735 -0.00000
vn 0.95783 -0.28735 -0.00000
vn 0.95783 -0.28735 -0.00000
vn 0.95783 -0.28735 -0.00000
vn 0.95783 -0.28735 -0.00000
vn 0.95783 -0.28735 -0.00000
vn 0.95783 -0.28735 -0.00000
vn 0.95783 -0.28735 -0.00000
vn 0.95783 -0.28735 -0.00000
vn 0.95783 -0.28735 -0.00000
vn 0.95783 -0.28735 -0.00000
vn 0.95783 -0.28735 -0.00000
vn 0.95783 -0.28735 -0.00000
vn 0.95783 -0.28735 -0.00000
vn 0.95783 -0.28735 -0.00000
vn 0.95783 -0.28735 -0.00000
vn 0.95783 -0.28735 -0.00000
vn 0.95783 -0.28735 -0.00000
vn 0.95783 -0.28735 -0.00000
vn 0.95783 -0.28735 -0.00000
vn 0.95783 -0.28735 -0.00000
vn 0.95783 -0.28735 -0.00000
vn 0.95783 -0.28735 -0.00000
vn 0.95783 -0.28735 -0.00000
vn 0.95783 -0.28735 -0.00000
vn 0.95783 -0.28735 -0.00000
vn 0.95783 -0.28735 -0.00000
vn 0.95783 -0.28735 -0.00000
vn 0.95783 -0.28735 -0.00000
vn 0.95783 -0.28735 -0.00000
vn 0.95783 -0.28735 -0.00000
vn 0.95783 -0.28735 -0.00000
vn 0.95783 -0.28735 -0.00000
vn 0.95783 -0.28735 -0.00000
vn 0.95783 -0.28735 -0.00000
vn 0.95783 -0.28735 -0.00000
vn 0.95783 -0.28735 -0.00000
vn 0.95783 -0.28735 -0.00000
vn 0.95783 -0.28735 -0.00000
vn 0.95783 -0.28735 -0.00000
vn 0.95783 -0.28735 -0.00000
vn 0.95783 -0.28735 -0.00000
vn 0.95783 -0.28735 -0.00000
vn 0.95783 -0.28735 -0.00000
vn 0.95783 -0.28735 -0.00000
vn 0.95783 -0.28735 -0.00000
vn 0.95783 -0.28735 -0.00000
vn 0.95783 -0.28735 -0.00000
vn 0.95783 -0.28735 -0.00000
vn 0.95783 -0.28735 -0.00000
vn 0.95783 -0.28735 -0.00000
vn 0.95783 -0.28735 -0.00000
vn 0.95783 -0.28735 -0.00000
vn 0.95783 -0.28735 -0.00000
vn 0.95783 -0.28735 -0.00000
vn 0.95783 -0.28735 -0.00000
vn 0.95783 -0.28735 -0.00000
vn 0.95783 -0.28735 -0.00000
vn 0.95783 -0.28735 -0.00000
vn 0.95783 -0.28735 -0.00000
vn 0.95783 -0.28735 -0.00000
vn 0.95783 -0.28735 -0.00000
vn 0.95783 -0.28735 -0.00000
vn 0.95783 -0.28735 -0.00000
vn 0.95783 -0.28735 -0.00000
vn 0.95783 -0.28735 -0.00000
vn 0.95783 -0.28735 -0.00000
vn 0.95783 -0.28735 -0.00000
vn 0.95783 -0.28735 -0.00000
vn 0.95783 -0.28735 -0.00000
vn 0.95783 -0.28735 -0.00000
vn 0.95783 -0.28735 -0.00000
vn 0.95783 -0.28735 -0.00000
vn 0.95783 -0.28735 -0.00000
vn 0.95783 -0.28735 -0.00000
vn 0.95783 -0.28735 -0.00000
vn 0.95783 -0.28735 -0.00000
vn 0.95783 -0.28735 -0.00000
vn 0.95783 -0.28735 -0.00000
vn 0.95783 -0.28735 -0.00000
vn 0.95783 -0.28735 -0.00000
vn 0.95783 -0.28735 -0.00000
vn 0.95783 -0.28735 -0.00000
vn 0.95783 -0.28735 -0.00000
vn 0.95783 -0.28735 -0.00000
vn 0.95783 -0.28735 -0.00000
vn 0.95783 -0.28735 -0.00000
vn 0.95783 -0.28735 -0.00000
vn 0.95783 -0.28735 -0.00000
vn 0.95783 -0.28735 -0.00000
vn 0.95783 -0.28735 -0.00000
vn 0.95783 -0.28735 -0.00000
vn 0.95783 -0.28735 -0.00000
vn 0.95783 -0.28735 -0.00000
vn 0.95783 -0.28735 -0.00000
vn 0.95783 -0.28735 -0.00000
vn 0.95783 -0.28735 -0.00000
vn 0.95783 -0.28735 -0.00000
vn 0.95783 -0.28735 -0.00000
vn 0.95783 -0.28735 -0.00000
vn 0.95783 -0.28735 -0.00000
vn 0.95783 -0.28735 -0.00000
vn 0.95783 -0.28735 -0.00000
vn 0.95783 -0.28735 -0.00000
vn 0.95783 -0.28735 -0.00000
vn 0.95783 -0.28735 -0.00000
vn 0.95783 -0.28735 -0.00000
vn 0.95783 -0.28735 -0.00000
vn 0.95783 -0.28735 -0.00000
vn 0.95783 -0.28735 -0.00000
vn 0.95783 -0.28735 -0.00000
vn 0.95783 -0.28735 -0.00000
vn 0.95783 -0.28735 -0.00000
vn 0.95783 -0.28735 -0.00000
vn 0.95783 -0.28735 -0.00000
vn 0.95783 -0.28735 -0.00000
vn 0.95783 -0.28735 -0.00000
vn 0.95783 -0.28735 -0.00000
vn 0.95783 -0.28735 -0.00000
vn 0.95783 -0.28735 -0.00000
vn 0.95783 -0.28735 -0.00000
vn 0.95783 -0.28735 -0.00000
vn 0.95783 -0.28735 -0.00000
vn 0.95783 -0.28735 -0.00000
vn 0.95783 -0.28735 -0.00000
vn 0.95783 -0.28735 -0.00000
vn 0.95783 -0.28735 -0.00000
vn 0.95783 -0.28735 -0.00000
vn 0.95783 -0.28735 -0.00000
vn 0.95783 -0.28735 -0.00000
vn 0.95783 -0.28735 -0.00000
vn 0.95783 -0.28735 -0.00000
vn 0.95783 -0.28735 -0.00000
vn 0.95783 -0.28735 -0.00000
vn 0.95783 -0.28735 -0.00000
vn 0.95783 -0.28735 -0.00000
vn 0.95783 -0.28735 -0.00000
vn 0.95783 -0.28735 -0.00000
vn 0.95783 -0.28735 -0.00000
vn 0.95783 -0.28735 -0.00000
vn 0.95783 -0.28735 -0.00000
vn 0.95783 -0.28735 -0.00000
vn 0.95783 -0.28735 -0.00000
vn 0.95783 -0.28735 -0.00000
vn 0.95783 -0.28735 -0.00000
vn 0.95783 -0.28735 -0.00000
vn 0.95783 -0.28735 -0.00000
vn 0.95783 -0.28735 -0.00000
vn 0.95783 -0.28735 -0.00000
vn 0.95783 -0.28735 -0.00000
vn 0.95783 -0.28735 -0.00000
vn 0.95783 -0.28735 -0.00000
vn 0.95783 -0.28735 -0.00000
vn 0.95783 -0.28735 -0.00000
vn 0.95783 -0.28735 -0.00000
vn 0.95783 -0.28735 -0.00000
vn 0.95783 -0.28735 -0.00000
vn 0.95783 -0.28735 -0.00000
vn 0.95783 -0.28735 -0.00000
vn 0.95783 -0.28735 -0.00000
vn 0.95783 -0.28735 -0.00000
vn 0.95783 -0.28735 -0.00000
vn 0.95783 -0.28735 -0.00000
vn 0.95783 -0.28735 -0.00000
vn 0.95783 -0.28735 -0.00000
vn 0.95783 -0.28735 -0.00000
vn 0.95783 -0.28735 -0.00000
vn 0.95783 -0.28735 -0.00000
vn 0.95783 -0.28735 -0.00000
vn 0.95783 -0.28735 -0.00000
vn 0.95783 -0.28735 -0.00000
vn 0.95783 -0.28735 -0.00000
vn 0.95783 -0.28735 -0.00000
vn 0.95783 -0.28735 -0.00000
vn 0.95783 -0.28735 -0.00000
vn 0.95783 -0.28735 -0.00000
vn 0.95783 -0.28735 -0.00000
vn 0.95783 -0.28735 -0.00000
vn 0.95783 -0.28735 -0.00000
vn 0.95783 -0.28735 -0.00000
vn 0.95783 -0.28735 -0.00000
vn 0.95783 -0.28735 -0.00000
vn 0.95783 -0.28735 -0.00000
vn 0.95783 -0.28735 -0.00000
vn 0.95783 -0.28735 -0.00000
vn 0.95783 -0.28735 -0.00000
vn 0.95783 -0.28735 -0.00000
vn 0.95783 -0.28735 -0.00000
vn 0.95783 -0.28735 -0.00000
vn 0.95783 -0.28735 -0.00000
vn 0.95783 -0.28735 -0.00000
vn 0.95783 -0.28735 -0.00000
vn 0.95783 -0.28735 -0.00000
vn 0.95783 -0.28735 -0.00000
vn 0.95783 -0.28735 -0.00000
vn 0.95783 -0.28735 -0.00000
vn 0.95783 -0.28735 -0.00000
vn 0.95783 -0.28735 -0.00000
vn 0.95783 -0.28735 -0.00000
vn 0.95783 -0.28735 -0.00000
vn 0.95783 -0.28735 -0.00000
vn 0.95783 -0.28735 -0.00000
vn 0.95783 -0.28735 -0.00000
vn 0.95783 -0.28735 -0.00000
vn 0.95783 -0.28735 -0.00000
vn 0.95783 -0.28735 -0.00000
vn 0.95783 -0.28735 -0.00000
vn 0.95783 -0.28735 -0.00000
vn 0.95783 -0.28735 -0.00000
vn 0.95783 -0.28735 -0.00000
vn 0.95783 -0.28735 -0.00000
vn 0.95783 -0.28735 -0.00000
vn 0.95783 -0.28735 -0.00000
vn 0.95783 -0.28735 -0.00000
vn 0.95783 -0.28735 -0.00000
vn 0.95783 -0.28735 -0.00000
vn 0.95783 -0.28735 -0.00000
vn 0.95783 -0.28735 -0.00000
vn 0.95783 -0.28735 -0.00000
vn 0.95783 -0.28735 -0.00000
vn 0.95783 -0.28735 -0.00000
vn 0.95783 -0.28735 -0.00000
vn 0.95783 -0.28735 -0.00000
vn 0.95783 -0.28735 -0.00000
vn 0.95783 -0.28735 -0.00000
vn 0.95783 -0.28735 -0.00000
vn 0.95783 -0.28735 -0.00000
vn 0.95783 -0.28735 -0.00000
vn 0.95783 -0.28735 -0.00000
vn 0.95783 -0.28735 -0.00000
vn 0.95783 -0.28735 -0.00000
vn 0.95783 -0.28735 -0.00000
vn 0.95783 -0.28735 -0.00000
vn 0.95783 -0.28735 -0.00000
vn 0.95783 -0.28735 -0.00000
vn 0.95783 -0.28735 -0.00000
vn 0.95783 -0.28735 -0.00000
vn 0.95783 -0.28735 -0.00000
vn 0.95783 -0.28735 -0.00000
vn 0.95783 -0.28735 -0.00000
vn 0.95783 -0.28735 -0.00000
vn 0.95783 -0.28735 -0.00000
vn 0.95783 -0.28735 -0.00000
vn 0.95783 -0.28735 -0.00000
vn 0.95783 -0.28735 -0.00000
vn 0.95783 -0.28735 -0.00000
vn 0.95783 -0.28735 -0.00000
vn 0.95783 -0.28735 -0.00000
vn 0.95783 -0.28735 -0.00000
f 1/1/1 2/2/2 27/27/27
f 1/1/1 27/27/27 26/26/26
f 2/2/2 3/3/3 28/28/28
f 2/2/2 28/28/28 27/27/27
f 3/3/3 4/4/4 29/29/29
f 3/3/3 29/29/29 28/28/28
f 4/4/4 5/5/5 30/30/30
f 4/4/4 30/30/30 29/29/29
f 5/5/5 6/6/6 31/31/31
f 5/5/5 31/31/31 30/30/30
f 6/6/6 7/7/7 32/32/32
f 6/6/6 32/32/32 31/31/31
f 7/7/7 8/8/8 33/33/33
f 7/7/7 33/33/33 32/32/32
f 8/8/8 9/9/9 34/34/34
f 8/8/8 34/34/34 33/33/33
f 9/9/9 10/10/10 35/35/35
f 9/9/9 35/35/35 34/34/34
f 10/10/10 11/11/11 36/36/36
f 10/10/10 36/36/36 35/35/35
f 11/11/11 12/12/12 37/37/37
f 11/11/11 37/37/37 36/36/36
f 12/12/12 13/13/13 38/38/38
f 12/12/12 38/38/38 37/37/37
f 13/13/13 14/14/14 39/39/39
f 13/13/13 39/39/39 38/38/38
f 14/14/14 15/15/15 40/40/40
f 14/14/14 40/40/40 39/39/39
f 15/15/15 16/16/16 41/41/41
f 15/15/15 41/41/41 40/40/40
f 16/16/16 17/17/17 42/42/42
f 16/16/16 42/42/42 41/41/41
f 17/17/17 18/18/18 43/43/43
f 17/17/17 43/43/43 42/42/42
f 18/18/18 19/19/19 44/44/44
f 18/18/18 44/44/44 43/43/43
f 19/19/19 20/20/20 45/45/45
f 19/19/19 45/45/45 44/44/44
f 20/20/20 21/21/21 46/46/46
f 20/20/20 46/46/46 45/45/45
f 21/21/21 22/22/22 47/47/47
f 21/21/21 47/47/47 46/46/46
f 22/22/22 23/23/23 48/48/48
f 22/22/22 48/48/48 47/47/47
f 23/23/23 24/24/24 49/49/49
f 23/23/23 49/49/49 48/48/48
f 24/24/24 25/25/25 50/50/50
f 24/24/24 50/50/50 49/49/49
f 26/26/26 27/27/27 52/52/52
f 26/26/26 52/52/52 51/51/51
f 27/27/27 28/28/28 53/53/53
f 27/27/27 53/53/53 52/52/52
f 28/28/28 29/29/29 54/54/54
f 28/28/28 54/54/54 53/53/53
f 29/29/29 30/30/30 55/55/55
f 29/29/29 55/55/55 54/54/54
f 30/30/30 31/31/31 56/56/56
f 30/30/30 56/56/56 55/55/55
f 31/31/31 32/32/32 57/57/57
f 31/31/31 57/57/57 56/56/56
f 32/32/32 33/33/33 58/58/58
f 32/32/32 58/58/58 57/57/57
f 33/33/33 34/34/34 59/59/59
f 33/33/33 59/59/59 58/58/58
f 34/34/34 35/35/35 60/60/60
f 34/34/34 60/60/60 59/59/59
f 35/35/35 36/36/36 61/61/61
f 35/35/35 61/61/61 60/60/60
f 36/36/36 37/37/37 62/62/62
f 36/36/36 62/62/62 61/61/61
f 37/37/37 38/38/38 63/63/63
f 37/37/37 63/63/63 62/62/62
f 38/38/38 39/39/39 64/64/64
f 38/38/38 64/64/64 63/63/63
f 39/39/39 40/40/40 65/65/65
f 39/39/39 65/65/65 64/64/64
f 40/40/40 41/41/41 66/66/66
f 40/40/40 66/66/66 65/65/65
f 41/41/41 42/42/42 67/67/67
f 41/41/41 67/67/67 66/66/66
f 42/42/42 43/43/43 68/68/68
f 42/42/42 68/68/68 67/67/67
f 43/43/43 44/44/44 69/69/69
f 43/43/43 69/69/69 68/68/68
f 44/44/44 45/45/45 70/70/70
f 44/44/44 70/70/70 69/69/69
f 45/45/45 46/46/46 71/71/71
f 45/45/45 71/71/71 70/70/70
f 46/46/46 47/47/47 72/72/72
f 46/46/46 72/72/72 71/71/71
f 47/47/47 48/48/48 73/73/73
f 47/47/47 73/73/73 72/72/72
f 48/48/48 49/49/49 74/74/74
f 48/48/48 74/74/74 73/73/73
f 49/49/49 50/50/50 75/75/75
f 49/49/49 75/75/75 74/74/74
f 51/51/51 52/52/52 77/77/77
f 51/51/51 77/77/77 76/76/76
f 52/52/52 53/53/53 78/78/78
f 52/52/52 78/78/78 77/77/77
f 53/53/53 54/54/54 79/79/79
f 53/53/53 79/79/79 78/78/78
f 54/54/54 55/55/55 80/80/80
f 54/54/54 80/80/80 79/79/79
f 55/55/55 56/56/56 81/81/81
f 55/55/55 81/81/81 80/80/80
f 56/56/56 57/57/57 82/82/82
f 56/56/56 82/82/82 81/81/81
f 57/57/57 58/58/58 83/83/83
f 57/57/57 83/83/83 82/82/82
f 58/58/58 59/59/59 84/84/84
f 58/58/58 84/84/84 83/83/83
f 59/59/59 60/60/60 85/85/85
f 59/59/59 85/85/85 84/84/84
f 60/60/60 61/61/61 86/86/86
f 60/60/60 86/86/86 85/85/85
f 61/61/61 62/62/62 87/87/87
f 61/61/61 87/87/87 86/86/86
f 62/62/62 63/63/63 88/88/88
f 62/62/62 88/88/88 87/87/87
f 63/63/63 64/64/64 89/89/89
f 63/63/63 89/89/89 88/88/88
f 64/64/64 65/65/65 90/90/90
f 64/64/64 90/90/90 89/89/89
f 65/65/65 66/66/66 91/91/91
f 65/65/65 91/91/91 90/90/90
f 66/66/66 67/67/67 92/92/92
f 66/66/66 92/92/92 91/91/91
f 67/67/67 68/68/68 93/93/93
f 67/67/67 93/93/93 92/92/92
f 68/68/68 69/69/69 94/94/94
f 68/68/68 94/94/94 93/93/93
f 69/69/69 70/70/70 95/95/95
f 69/69/69 95/95/95 94/94/94
f 70/70/70 71/71/71 96/96/96
f 70/70/70 96/96/96 95/95/95
f 71/71/71 72/72/72 97/97/97
f 71/71/71 97/97/97 96/96/96
f 72/72/72 73/73/73 98/98/98
f 72/72/72 98/98/98 97/97/97
f 73/73/73 74/74/74 99/99/99
f 73/73/73 99/99/99 98/98/98
f 74/74/74 75/75/75 100/100/100
f 74/74/74 100/100/100 99/99/99
f 76/76/76 77/77/77 102/102/102
f 76/76/76 102/102/102 101/101/101
f 77/77/77 78/78/78 103/103/103
f 77/77/77 103/103/103 102/102/102
f 78/78/78 79/79/79 104/104/104
f 78/78/78 104/104/104 103/103/103
f 79/79/79 80/80/80 105/105/105
f 79/79/79 105/105/105 104/104/104
f 80/80/80 81/81/81 106/106/106
f 80/80/80 106/106/106 105/105/105
f 81/81/81 82/82/82 107/107/107
f 81/81/81 107/107/107 106/106/106
f 82/82/82 83/83/83 108/108/108
f 82/82/82 108/108/108 107/107/107
f 83/83/83 84/84/84 109/109/109
f 83/83/83 109/109/109 108/108/108
f 84/84/84 85/85/85 110/110/110
f 84/84/84 110/110/110 109/109/109
f 85/85/85 86/86/86 111/111/111
f 85/85/85 111/111/111 110/110/110
f 86/86/86 87/87/87 112/112/112
f 86/86/86 112/112/112 111/111/111
f 87/87/87 88/88/88 113/113/113
f 87/87/87 113/113/113 112/112/112
f 88/88/88 89/89/89 114/114/114
f 88/88/88 114/114/114 113/113/113
f 89/89/89 90/90/90 115/115/115
f 89/89/89 115/115/115 114/114/114
f 90/90/90 91/91/91 116/116/116
f 90/90/90 116/116/116 115/115/115
f 91/91/91 92/92/92 117/117/117
f 91/91/91 117/117/117 116/116/116
f 92/92/92 93/93/93 118/118/118
f 92/92/92 118/118/118 117/117/117
f 93/93/93 94/94/94 119/119/119
f 93/93/93 119/119/119 118/118/118
f 94/94/94 95/95/95 120/120/120
f 94/94/94 120/120/120 119/119/119
f 95/95/95 96/96/96 121/121/121
f 95/95/95 121/121/121 120/120/120
f 96/96/96 97/97/97 122/122/122
f 96/96/96 122/122/122 121/121/121
f 97/97/97 98/98/98 123/123/123
f 97/97/97 123/123/123 122/122/122
f 98/98/98 99/99/99 124/124/124
f 98/98/98 124/124/124 123/123/123
f 99/99/99 100/100/100 125/125/125
f 99/99/99 125/125/125 124/124/124
f 101/101/101 102/102/102 127/127/127
f 101/101/101 127/127/127 126/126/126
f 102/102/102 103/103/103 128/128/128
f 102/102/102 128/128/128 127/127/127
f 103/103/103 104/104/104 129/129/129
f 103/103/103 129/129/129 128/128/128
f 104/104/104 105/105/105 130/130/130
f 104/104/104 130/130/130 129/129/129
f 105/105/105 106/106/106 131/131/131
f 105/105/105 131/131/131 130/130/130
f 106/106/106 107/107/107 132/132/132
f 106/106/106 132/132/132 131/131/131
f 107/107/107 108/108/108 133/133/133
f 107/107/107 133/133/133 132/132/132
f 108/108/108 109/109/109 134/134/134
f 108/108/108 134/134/134 133/133/133
f 109/109/109 110/110/110 135/135/135
f 109/109/109 135/135/135 134/134/134
f 110/110/110 111/111/111 136/136/136
f 110/110/110 136/136/136 135/135/135
f 111/111/111 112/112/112 137/137/137
f 111/111/111 137/137/137 136/136/136
f 112/112/112 113/113/113 138/138/138
f 112/112/112 138/138/138 137/137/137
f 113/113/113 114/114/114 139/139/139
f 113/113/113 139/139/139 138/138/138
f 114/114/114 115/115/115 140/140/140
f 114/114/114 140/140/140 139/139/139
f 115/115/115 116/116/116 141/141/141
f 115/115/115 141/141/141 140/140/140
f 116/116/116 117/117/117 142/142/142
f 116/116/116 142/142/142 141/141/141
f 117/117/117 118/118/118 143/143/143
f 117/117/117 143/143/143 142/142/142
f 118/118/118 119/119/119 144/144/144
f 118/118/118 144/144/144 143/143/143
f 119/119/119 120/120/120 145/145/145
f 119/119/119 145/145/145 144/144/144
f 120/120/120 121/121/121 146/146/146
f 120/120/120 146/146/146 145/145/145
f 121/121/121 122/122/122 147/147/147
f 121/121/121 147/147/147 146/146/146
f 122/122/122 123/123/123 148/148/148
f 122/122/122 148/148/148 147/147/147
f 123/123/123 124/124/124 149/149/149
f 123/123/123 149/149/149 148/148/148
f 124/124/124 125/125/125 150/150/150
f 124/124/124 150/150/150 149/149/149
f 126/126/126 127/127/127 152/152/152
f 126/126/126 152/152/152 151/151/151
f 127/127/127 128/128/128 153/153/153
f 127/127/127 153/153/153 152/152/152
f 128/128/128 129/129/129 154/154/154
f 128/128/128 154/154/154 153/153/153
f 129/129/129 130/130/130 155/155/155
f 129/129/129 155/155/155 154/154/154
f 130/130/130 131/131/131 156/156/156
f 130/130/130 156/156/156 155/155/155
f 131/131/131 132/132/132 157/157/157
f 131/131/131 157/157/157 156/156/156
f 132/132/132 133/133/133 158/158/158
f 132/132/132 158/158/158 157/157/157
f 133/133/133 134/134/134 159/159/159
f 133/133/133 159/159/159 158/158/158
f 134/134/134 135/135/135 160/160/160
f 134/134/134 160/160/160 159/159/159
f 135/135/135 136/136/136 161/161/161
f 135/135/135 161/161/161 160/160/160
f 136/136/136 137/137/137 162/162/162
f 136/136/136 162/162/162 161/161/161
f 137/137/137 138/138/138 163/163/163
f 137/137/137 163/163/163 162/162/162
f 138/138/138 139/139/139 164/164/164
f 138/138/138 164/164/164 163/163/163
f 139/139/139 140/140/140 165/165/165
f 139/139/139 165/165/165 164/164/164
f 140/140/140 141/141/141 166/166/166
f 140/140/140 166/166/166 165/165/165
f 141/141/141 142/142/142 167/167/167
f 141/141/141 167/167/167 166/166/166
f 142/142/142 143/143/143 168/168/168
f 142/142/142 168/168/168 167/167/167
f 143/143/143 144/144/144 169/169/169
f 143/143/143 169/169/169 168/168/168
f 144/144/144 145/145/145 170/170/170
f 144/144/144 170/170/170 169/169/169
f 145/145/145 146/146/146 171/171/171
f 145/145/145 171/171/171 170/170/170
f 146/146/146 147/147/147 172/172/172
f 146/146/146 172/172/172 171/171/171
f 147/147/147 148/148/148 173/173/173
f 147/147/147 173/173/173 172/172/172
f 148/148/148 149/149/149 174/174/174
f 148/148/148 174/174/174 173/173/173
f 149/149/149 150/150/150 175/175/175
f 149/149/149 175/175/175 174/174/174
f 151/151/151 152/152/152 177/177/177
f 151/151/151 177/177/177 176/176/176
f 152/152/152 153/153/153 178/178/178
f 152/152/152 178/178/178 177/177/177
f 153/153/153 154/154/154 179/179/179
f 153/153/153 179/179/179 178/178/178
f 154/154/154 155/155/155 180/180/180
f 154/154/154 180/180/180 179/179/179
f 155/155/155 156/156/156 181/181/181
f 155/155/155 181/181/181 180/180/180
f 156/156/156 157/157/157 182/182/182
f 156/156/156 182/182/182 181/181/181
f 157/157/157 158/158/158 183/183/183
f 157/157/157 183/183/183 182/182/182
f 158/158/158 159/159/159 184/184/184
f 158/158/158 184/184/184 183/183/183
f 159/159/159 160/160/160 185/185/185
f 159/159/159 185/185/185 184/184/184
f 160/160/160 161/161/161 186/186/186
f 160/160/160 186/186/186 185/185/185
f 161/161/161 162/162/162 187/187/187
f 161/161/161 187/187/187 186/186/186
f 162/162/162 163/163/163 188/188/188
f 162/162/162 188/188/188 187/187/187
f 163/163/163 164/164/164 189/189/189
f 163/163/163 189/189/189 188/188/188
f 164/164/164 165/165/165 190/190/190
f 164/164/164 190/190/190 189/189/189
f 165/165/165 166/166/166 191/191/191
f 165/165/165 191/191/191 190/190/190
f 166/166/166 167/167/167 192/192/192
f 166/166/166 192/192/192 191/191/191
f 167/167/167 168/168/168 193/193/193
f 167/167/167 193/193/193 192/192/192
f 168/168/168 169/169/169 194/194/194
f 168/168/168 194/194/194 193/193/193
f 169/169/169 170/170/170 195/195/195
f 169/169/169 195/195/195 194/194/194
f 170/170/170 171/171/171 196/196/196
f 170/170/170 196/196/196 195/195/195
f 171/171/171 172/172/172 197/197/197
f 171/171/171 197/197/197 196/196/196
f 172/172/172 173/173/173 198/198/198
f 172/172/172 198/198/198 197/197/197
f 173/173/173 174/174/174 199/199/199
f 173/173/173 199/199/199 198/198/198
f 174/174/174 175/175/175 200/200/200
f 174/174/174 200/200/200 199/199/199
f 176/176/176 177/177/177 202/202/202
f 176/176/176 202/202/202 201/201/201
f 177/177/177 178/178/178 203/203/203
f 177/177/177 203/203/203 202/202/202
f 178/178/178 179/179/179 204/204/204
f 178/178/178 204/204/204 203/203/203
f 179/179/179 180/180/180 205/205/205
f 179/179/179 205/205/205 204/204/204
f 180/180/180 181/181/181 206/206/206
f 180/180/180 206/206/206 205/205/205
f 181/181/181 182/182/182 207/207/207
f 181/181/181 207/207/207 206/206/206
f 182/182/182 183/183/183 208/208/208
f 182/182/182 208/208/208 207/207/207
f 183/183/183 184/184/184 209/209/209
f 183/183/183 209/209/209 208/208/208
f 184/184/184 185/185/185 210/210/210
f 184/184/184 210/210/210 209/209/209
f 185/185/185 186/186/186 211/211/211
f 185/185/185 211/211/211 210/210/210
f 186/186/186 187/187/187 212/212/212
f 186/186/186 212/212/212 211/211/211
f 187/187/187 188/188/188 213/213/213
f 187/187/187 213/213/213 212/212/212
f 188/188/188 189/189/189 214/214/214
f 188/188/188 214/214/214 213/213/213
f 189/189/189 190/190/190 215/215/215
f 189/189/189 215/215/215 214/214/214
f 190/190/190 191/191/191 216/216/216
f 190/190/190 216/216/216 215/215/215
f 191/191/191 192/192/192 217/217/217
f 191/191/191 217/217/217 216/216/216
f 192/192/192 193/193/193 218/218/218
f 192/192/192 218/218/218 217/217/217
f 193/193/193 194/194/194 219/219/219
f 193/193/193 219/219/219 218/218/218
f 194/194/194 195/195/195 220/220/220
f 194/194/194 220/220/220 219/219/219
f 195/195/195 196/196/196 221/221/221
f 195/195/195 221/221/221 220/220/220
f 196/196/196 197/197/197 222/222/222
f 196/196/196 222/222/222 221/221/221
f 197/197/197 198/198/198 223/223/223
f 197/197/197 223/223/223 222/222/222
f 198/198/198 199/199/199 224/224/224
f 198/198/198 224/224/224 223/223/223
f 199/199/199 200/200/200 225/225/225
f 199/199/199 225/225/225 224/224/224
f 201/201/201 202/202/202 227/227/227
f 201/201/201 227/227/227 226/226/226
f 202/202/202 203/203/203 228/228/228
f 202/202/202 228/228/228 227/227/227
f 203/203/203 204/204/204 229/229/229
f 203/203/203 229/229/229 228/228/228
f 204/204/204 205/205/205 230/230/230
f 204/204/204 230/230/230 229/229/229
f 205/205/205 206/206/206 231/231/231
f 205/205/205 231/231/231 230/230/230
f 206/206/206 207/207/207 232/232/232
f 206/206/206 232/232/232 231/231/231
f 207/207/207 208/208/208 233/233/233
f 207/207/207 233/233/233 232/232/232
f 208/208/208 209/209/209 234/234/234
f 208/208/208 234/234/234 233/233/233
f 209/209/209 210/210/210 235/235/235
f 209/209/209 235/235/235 234/234/234
f 210/210/210 211/211/211 236/236/236
f 210/210/210 236/236/236 235/235/235
f 211/211/211 212/212/212 237/237/237
f 211/211/211 237/237/237 236/236/236
f 212/212/212 213/213/213 238/238/238
f 212/212/212 238/238/238 237/237/237
f 213/213/213 214/214/214 239/239/239
f 213/213/213 239/239/239 238/238/238
f 214/214/214 215/215/215 240/240/240
f 214/214/214 240/240/240 239/239/239
f 215/215/215 216/216/216 241/241/241
f 215/215/215 241/241/241 240/240/240
f 216/216/216 217/217/217 242/242/242
f 216/216/216 242/242/242 241/241/241
f 217/217/217 218/218/218 243/243/243
f 217/217/217 243/243/243 242/242/242
f 218/218/218 219/219/219 244/244/244
f 218/218/218 244/244/244 243/243/243
f 219/219/219 220/220/220 245/245/245
f 219/219/219 245/245/245 244/244/244
f 220/220/220 221/221/221 246/246/246
f 220/220/220 246/246/246 245/245/245
f 221/221/221 222/222/222 247/247/247
f 221/221/221 247/247/247 246/246/246
f 222/222/222 223/223/223 248/248/248
f 222/222/222 248/248/248 247/247/247
f 223/223/223 224/224/224 249/249/249
f 223/223/223 249/249/249 248/248/248
f 224/224/224 225/225/225 250/250/250
f 224/224/224 250/250/250 249/249/249
f 226/226/226 227/227/227 252/252/252
f 226/226/226 252/252/252 251/251/251
f 227/227/227 228/228/228 253/253/253
f 227/227/227 253/253/253 252/252/252
f 228/228/228 229/229/229 254/254/254
f 228/228/228 254/254/254 253/253/253
f 229/229/229 230/230/230 255/255/255
f 229/229/229 255/255/255 254/254/254
f 230/230/230 231/231/231 256/256/256
f 230/230/230 256/256/256 255/255/255
f 231/231/231 232/232/232 257/257/257
f 231/231/231 257/257/257 256/256/256
f 232/232/232 233/233/233 258/258/258
f 232/232/232 258/258/258 257/257/257
f 233/233/233 234/234/234 259/259/259
f 233/233/233 259/259/259 258/258/258
f 234/234/234 235/235/235 260/260/260
f 234/234/234 260/260/260 259/259/259
f 235/235/235 236/236/236 261/261/261
f 235/235/235 261/261/261 260/260/260
f 236/236/236 237/237/237 262/262/262
f 236/236/236 262/262/262 261/261/261
f 237/237/237 238/238/238 263/263/263
f 237/237/237 263/263/263 262/262/262
f 238/238/238 239/239/239 264/264/264
f 238/238/238 264/264/264 263/263/263
f 239/239/239 240/240/240 265/265/265
f 239/239/239 265/265/265 264/264/264
f 240/240/240 241/241/241 266/266/266
f 240/240/240 266/266/266 265/265/265
f 241/241/241 242/242/242 267/267/267
f 241/241/241 267/267/267 266/266/266
f 242/242/242 243/243/243 268/268/268
f 242/242/242 268/268/268 267/267/267
f 243/243/243 244/244/244 269/269/269
f 243/243/243 269/269/269 268/268/268
f 244/244/244 245/245/245 270/270/270
f 244/244/244 270/270/270 269/269/269
f 245/245/245 246/246/246 271/271/271
f 245/245/245 271/271/271 270/270/270
f 246/246/246 247/247/247 272/272/272
f 246/246/246 272/272/272 271/271/271
f 247/247/247 248/248/248 273/273/273
f 247/247/247 273/273/273 272/272/272
f 248/248/248 249/249/249 274/274/274
f 248/248/248 274/274/274 273/273/273
f 249/249/249 250/250/250 275/275/275
f 249/249/249 275/275/275 274/274/274
f 251/251/251 252/252/252 277/277/277
f 251/251/251 277/277/277 276/276/276
f 252/252/252 253/253/253 278/278/278
f 252/252/252 278/278/278 277/277/277
f 253/253/253 254/254/254 279/279/279
f 253/253/253 279/279/279 278/278/278
f 254/254/254 255/255/255 280/280/280
f 254/254/254 280/280/280 279/279/279
f 255/255/255 256/256/256 281/281/281
f 255/255/255 281/281/281 280/280/280
f 256/256/256 257/257/257 282/282/282
f 256/256/256 282/282/282 281/281/281
f 257/257/257 258/258/258 283/283/283
f 257/257/257 283/283/283 282/282/282
f 258/258/258 259/259/259 284/284/284
f 258/258/258 284/284/284 283/283/283
f 259/259/259 260/260/260 285/285/285
f 259/259/259 285/285/285 284/284/284
f 260/260/260 261/261/261 286/286/286
f 260/260/260 286/286/286 285/285/285
f 261/261/261 262/262/262 287/287/287
f 261/261/261 287/287/287 286/286/286
f 262/262/262 263/263/263 288/288/288
f 262/262/262 288/288/288 287/287/287
f 263/263/263 264/264/264 289/289/289
f 263/263/263 289/289/289 288/288/288
f 264/264/264 265/265/265 290/290/290
f 264/264/264 290/290/290 289/289/289
f 265/265/265 266/266/266 291/291/291
f 265/265/265 291/291/291 290/290/290
f 266/266/266 267/267/267 292/292/292
f 266/266/266 292/292/292 291/291/291
f 267/267/267 268/268/268 293/293/293
f 267/267/267 293/293/293 292/292/292
f 268/268/268 269/269/269 294/294/294
f 268/268/268 294/294/294 293/293/293
f 269/269/269 270/270/270 295/295/295
f 269/269/269 295/295/295 294/294/294
f 270/270/270 271/271/271 296/296/296
f 270/270/270 296/296/296 295/295/295
f 271/271/271 272/272/272 297/297/297
f 271/271/271 297/297/297 296/296/296
f 272/272/272 273/273/273 298/298/298
f 272/272/272 298/298/298 297/297/297
f 273/273/273 274/274/274 299/299/299
f 273/273/273 299/299/299 298/298/298
f 274/274/274 275/275/275 300/300/300
f 274/274/274 300/300/300 299/299/299
f 276/276/276 277/277/277 302/302/302
f 276/276/276 302/302/302 301/301/301
f 277/277/277 278/278/278 303/303/303
f 277/277/277 303/303/303 302/302/302
f 278/278/278 279/279/279 304/304/304
f 278/278/278 304/304/304 303/303/303
f 279/279/279 280/280/280 305/305/305
f 279/279/279 305/305/305 304/304/304
f 280/280/280 281/281/281 306/306/306
f 280/280/280 306/306/306 305/305/305
f 281/281/281 282/282/282 307/307/307
f 281/281/281 307/307/307 306/306/306
f 282/282/282 283/283/283 308/308/308
f 282/282/282 308/308/308 307/307/307
f 283/283/283 284/284/284 309/309/309
f 283/283/283 309/309/309 308/308/308
f 284/284/284 285/285/285 310/310/310
f 284/284/284 310/310/310 309/309/309
f 285/285/285 286/286/286 311/311/311
f 285/285/285 311/311/311 310/310/310
f 286/286/286 287/287/287 312/312/312
f 286/286/286 312/312/312 311/311/311
f 287/287/287 288/288/288 313/313/313
f 287/287/287 313/313/313 312/312/312
f 288/288/288 289/289/289 314/314/314
f 288/288/288 314/314/314 313/313/313
f 289/289/289 290/290/290 315/315/315
f 289/289/289 315/315/315 314/314/314
f 290/290/290 291/291/291 316/316/316
f 290/290/290 316/316/316 315/315/315
f 291/291/291 292/292/292 317/317/317
f 291/291/291 317/317/317 316/316/316
f 292/292/292 293/293/293 318/318/318
f 292/292/292 318/318/318 317/317/317
f 293/293/293 294/294/294 319/319/319
f 293/293/293 319/319/319 318/318/318
f 294/294/294 295/295/295 320/320/320
f 294/294/294 320/320/320 319/319/319
f 295/295/295 296/296/296 321/321/321
f 295/295/295 321/321/321 320/320/320
f 296/296/296 297/297/297 322/322/322
f 296/296/296 322/322/322 321/321/321
f 297/297/297 298/298/298 323/323/323
f 297/297/297 323/323/323 322/322/322
f 298/298/298 299/299/299 324/324/324
f 298/298/298 324/324/324 323/323/323
f 299/299/299 300/300/300 325/325/325
f 299/299/299 325/325/325 324/324/324
f 301/301/301 302/302/302 327/327/327
f 301/301/301 327/327/327 326/326/326
f 302/302/302 303/303/303 328/328/328
f 302/302/302 328/328/328 327/327/327
f 303/303/303 304/304/304 329/329/329
f 303/303/303 329/329/329 328/328/328
f 304/304/304 305/305/305 330/330/330
f 304/304/304 330/330/330 329/329/329
f 305/305/305 306/306/306 331/331/331
f 305/305/305 331/331/331 330/330/330
f 306/306/306 307/307/307 332/332/332
f 306/306/306 332/332/332 331/331/331
f 307/307/307 308/308/308 333/333/333
f 307/307/307 333/333/333 332/332/332
f 308/308/308 309/309/309 334/334/334
f 308/308/308 334/334/334 333/333/333
f 309/309/309 310/310/310 335/335/335
f 309/309/309 335/335/335 334/334/334
f 310/310/310 311/311/311 336/336/336
f 310/310/310 336/336/336 335/335/335
f 311/311/311 312/312/312 337/337/337
f 311/311/311 337/337/337 336/336/336
f 312/312/312 313/313/313 338/338/338
f 312/312/312 338/338/338 337/337/337
f 313/313/313 314/314/314 339/339/339
f 313/313/313 339/339/339 338/338/338
f 314/314/314 315/315/315 340/340/340
f 314/314/314 340/340/340 339/339/339
f 315/315/315 316/316/316 341/341/341
f 315/315/315 341/341/341 340/340/340
f 316/316/316 317/317/317 342/342/342
f 316/316/316 342/342/342 341/341/341
f 317/317/317 318/318/318 343/343/343
f 317/317/317 343/343/343 342/342/342
f 318/318/318 319/319/319 344/344/344
f 318/318/318 344/344/344 343/343/343
f 319/319/319 320/320/320 345/345/345
f 319/319/319 345/345/345 344/344/344
f 320/320/320 321/321/321 346/346/346
f 320/320/320 346/346/346 345/345/345
f 321/321/321 322/322/322 347/347/347
f 321/321/321 347/347/347 346/346/346
f 322/322/322 323/323/323 348/348/348
f 322/322/322 348/348/348 347/347/347
f 323/323/323 324/324/324 349/349/349
f 323/323/323 349/349/349 348/348/348
f 324/324/324 325/325/325 350/350/350
f 324/324/324 350/350/350 349/349/349
f 326/326/326 327/327/327 352/352/352
f 326/326/326 352/352/352 351/351/351
f 327/327/327 328/328/328 353/353/353
f 327/327/327 353/353/353 352/352/352
f 328/328/328 329/329/329 354/354/354
f 328/328/328 354/354/354 353/353/353
f 329/329/329 330/330/330 355/355/355
f 329/329/329 355/355/355 354/354/354
f 330/330/330 331/331/331 356/356/356
f 330/330/330 356/356/356 355/355/355
f 331/331/331 332/332/332 357/357/357
f 331/331/331 357/357/357 356/356/356
f 332/332/332 333/333/333 358/358/358
f 332/332/332 358/358/358 357/357/357
f 333/333/333 334/334/334 359/359/359
f 333/333/333 359/359/359 358/358/358
f 334/334/334 335/335/335 360/360/360
f 334/334/334 360/360/360 359/359/359
f 335/335/335 336/336/336 361/361/361
f 335/335/335 361/361/361 360/360/360
f 336/336/336 337/337/337 362/362/362
f 336/336/336 362/362/362 361/361/361
f 337/337/337 338/338/338 363/363/363
f 337/337/337 363/363/363 362/362/362
f 338/338/338 339/339/339 364/364/364
f 338/338/338 364/364/364 363/363/363
f 339/339/339 340/340/340 365/365/365
f 339/339/339 365/365/365 364/364/364
f 340/340/340 341/341/341 366/366/366
f 340/340/340 366/366/366 365/365/365
f 341/341/341 342/342/342 367/367/367
f 341/341/341 367/367/367 366/366/366
f 342/342/342 343/343/343 368/368/368
f 342/342/342 368/368/368 367/367/367
f 343/343/343 344/344/344 369/369/369
f 343/343/343 369/369/369 368/368/368
f 344/344/344 345/345/345 370/370/370
f 344/344/344 370/370/370 369/369/369
f 345/345/345 346/346/346 371/371/371
f 345/345/345 371/371/371 370/370/370
f 346/346/346 347/347/347 372/372/372
f 346/346/346 372/372/372 371/371/371
f 347/347/347 348/348/348 373/373/373
f 347/347/347 373/373/373 372/372/372
f 348/348/348 349/349/349 374/374/374
f 348/348/348 374/374/374 373/373/373
f 349/349/349 350/350/350 375/375/375
f 349/349/349 375/375/375 374/374/374
f 351/351/351 352/352/352 377/377/377
f 351/351/351 377/377/377 376/376/376
f 352/352/352 353/353/353 378/378/378
f 352/352/352 378/378/378 377/377/377
f 353/353/353 354/354/354 379/379/379
f 353/353/353 379/379/379 378/378/378
f 354/354/354 355/355/355 380/380/380
f 354/354/354 380/380/380 379/379/379
f 355/355/355 356/356/356 381/381/381
f 355/355/355 381/381/381 380/380/380
f 356/356/356 357/357/357 382/382/382
f 356/356/356 382/382/382 381/381/381
f 357/357/357 358/358/358 383/383/383
f 357/357/357 383/383/383 382/382/382
f 358/358/358 359/359/359 384/384/384
f 358/358/358 384/384/384 383/383/383
f 359/359/359 360/360/360 385/385/385
f 359/359/359 385/385/385 384/384/384
f 360/360/360 361/361/361 386/386/386
f 360/360/360 386/386/386 385/385/385
f 361/361/361 362/362/362 387/387/387
f 361/361/361 387/387/387 386/386/386
f 362/362/362 363/363/363 388/388/388
f 362/362/362 388/388/388 387/387/387
f 363/363/363 364/364/364 389/389/389
f 363/363/363 389/389/389 388/388/388
f 364/364/364 365/365/365 390/390/390
f 364/364/364 390/390/390 389/389/389
f 365/365/365 366/366/366 391/391/391
f 365/365/365 391/391/391 390/390/390
f 366/366/366 367/367/367 392/392/392
f 366/366/366 392/392/392 391/391/391
f 367/367/367 368/368/368 393/393/393
f 367/367/367 393/393/393 392/392/392
f 368/368/368 369/369/369 394/394/394
f 368/368/368 394/394/394 393/393/393
f 369/369/369 370/370/370 395/395/395
f 369/369/369 395/395/395 394/394/394
f 370/370/370 371/371/371 396/396/396
f 370/370/370 396/396/396 395/395/395
f 371/371/371 372/372/372 397/397/397
f 371/371/371 397/397/397 396/396/396
f 372/372/372 373/373/373 398/398/398
f 372/372/372 398/398/398 397/397/397
f 373/373/373 374/374/374 399/399/399
f 373/373/373 399/399/399 398/398/398
f 374/374/374 375/375/375 400/400/400
f 374/374/374 400/400/400 399/399/399
f 376/376/376 377/377/377 402/402/402
f 376/376/376 402/402/402 401/401/401
f 377/377/377 378/378/378 403/403/403
f 377/377/377 403/403/403 402/402/402
f 378/378/378 379/379/379 404/404/404
f 378/378/378 404/404/404 403/403/403
f 379/379/379 380/380/380 405/405/405
f 379/379/379 405/405/405 404/404/404
f 380/380/380 381/381/381 406/406/406
f 380/380/380 406/406/406 405/405/405
f 381/381/381 382/382/382 407/407/407
f 381/381/381 407/407/407 406/406/406
f 382/382/382 383/383/383 408/408/408
f 382/382/382 408/408/408 407/407/407
f 383/383/383 384/384/384 409/409/409
f 383/383/383 409/409/409 408/408/408
f 384/384/384 385/385/385 410/410/410
f 384/384/384 410/410/410 409/409/409
f 385/385/385 386/386/386 411/411/411
f 385/385/385 411/411/411 410/410/410
f 386/386/386 387/387/387 412/412/412
f 386/386/386 412/412/412 411/411/411
f 387/387/387 388/388/388 413/413/413
f 387/387/387 413/413/413 412/412/412
f 388/388/388 389/389/389 414/414/414
f 388/388/388 414/414/414 413/413/413
f 389/389/389 390/390/390 415/415/415
f 389/389/389 415/415/415 414/414/414
f 390/390/390 391/391/391 416/416/416
f 390/390/390 416/416/416 415/415/415
f 391/391/391 392/392/392 417/417/417
f 391/391/391 417/417/417 416/416/416
f 392/392/392 393/393/393 418/418/418
f 392/392/392 418/418/418 417/417/417
f 393/393/393 394/394/394 419/419/419
f 393/393/393 419/419/419 418/418/418
f 394/394/394 395/395/395 420/420/420
f 394/394/394 420/420/420 419/419/419
f 395/395/395 396/396/396 421/421/421
f 395/395/395 421/421/421 420/420/420
f 396/396/396 397/397/397 422/422/422
f 396/396/396 422/422/422 421/421/421
f 397/397/397 398/398/398 423/423/423
f 397/397/397 423/423/423 422/422/422
f 398/398/398 399/399/399 424/424/424
f 398/398/398 424/424/424 423/423/423
f 399/399/399 400/400/400 425/425/425
f 399/399/399 425/425/425 424/424/424
f 401/401/401 402/402/402 427/427/427
f 401/401/401 427/427/427 426/426/426
f 402/402/402 403/403/403 428/428/428
f 402/402/402 428/428/428 427/427/427
f 403/403/403 404/404/404 429/429/429
f 403/403/403 429/429/429 428/428/428
f 404/404/404 405/405/405 430/430/430
f 404/404/404 430/430/430 429/429/429
f 405/405/405 406/406/406 431/431/431
f 405/405/405 431/431/431 430/430/430
f 406/406/406 407/407/407 432/432/432
f 406/406/406 432/432/432 431/431/431
f 407/407/407 408/408/408 433/433/433
f 407/407/407 433/433/433 432/432/432
f 408/408/408 409/409/409 434/434/434
f 408/408/408 434/434/434 433/433/433
f 409/409/409 410/410/410 435/435/435
f 409/409/409 435/435/435 434/434/434
f 410/410/410 411/411/411 436/436/436
f 410/410/410 436/436/436 435/435/435
f 411/411/411 412/412/412 437/437/437
f 411/411/411 437/437/437 436/436/436
f 412/412/412 413/413/413 438/438/438
f 412/412/412 438/438/438 437/437/437
f 413/413/413 414/414/414 439/439/439
f 413/413/413 439/439/439 438/438/438
f 414/414/414 415/415/415 440/440/440
f 414/414/414 440/440/440 439/439/439
f 415/415/415 416/416/416 441/441/441
f 415/415/415 441/441/441 440/440/440
f 416/416/416 417/417/417 442/442/442
f 416/416/416 442/442/442 441/441/441
f 417/417/417 418/418/418 443/443/443
f 417/417/417 443/443/443 442/442/442
f 418/418/418 419/419/419 444/444/444
f 418/418/418 444/444/444 443/443/443
f 419/419/419 420/420/420 445/445/445
f 419/419/419 445/445/445 444/444/444
f 420/420/420 421/421/421 446/446/446
f 420/420/420 446/446/446 445/445/445
f 421/421/421 422/422/422 447/447/447
f 421/421/421 447/447/447 446/446/446
f 422/422/422 423/423/423 448/448/448
f 422/422/422 448/448/448 447/447/447
f 423/423/423 424/424/424 449/449/449
f 423/423/423 449/449/449 448/448/448
f 424/424/424 425/425/425 450/450/450
f 424/424/424 450/450/450 449/449/449
f 426/426/426 427/427/427 452/452/452
f 426/426/426 452/452/452 451/451/451
f 427/427/427 428/428/428 453/453/453
f 427/427/427 453/453/453 452/452/452
f 428/428/428 429/429/429 454/454/454
f 428/428/428 454/454/454 453/453/453
f 429/429/429 430/430/430 455/455/455
f 429/429/429 455/455/455 454/454/454
f 430/430/430 431/431/431 456/456/456
f 430/430/430 456/456/456 455/455/455
f 431/431/431 432/432/432 457/457/457
f 431/431/431 457/457/457 456/456/456
f 432/432/432 433/433/433 458/458/458
f 432/432/432 458/458/458 457/457/457
f 433/433/433 434/434/434 459/459/459
f 433/433/433 459/459/459 458/458/458
f 434/434/434 435/435/435 460/460/460
f 434/434/434 460/460/460 459/459/459
f 435/435/435 436/436/436 461/461/461
f 435/435/435 461/461/461 460/460/460
f 436/436/436 437/437/437 462/462/462
f 436/436/436 462/462/462 461/461/461
f 437/437/437 438/438/438 463/463/463
f 437/437/437 463/463/463 462/462/462
f 438/438/438 439/439/439 464/464/464
f 438/438/438 464/464/464 463/463/463
f 439/439/439 440/440/440 465/465/465
f 439/439/439 465/465/465 464/464/464
f 440/440/440 441/441/441 466/466/466
f 440/440/440 466/466/466 465/465/465
f 441/441/441 442/442/442 467/467/467
f 441/441/441 467/467/467 466/466/466
f 442/442/442 443/443/443 468/468/468
f 442/442/442 468/468/468 467/467/467
f 443/443/443 444/444/444 469/469/469
f 443/443/443 469/469/469 468/468/468
f 444/444/444 445/445/445 470/470/470
f 444/444/444 470/470/470 469/469/469
f 445/445/445 446/446/446 471/471/471
f 445/445/445 471/471/471 470/470/470
f 446/446/446 447/447/447 472/472/472
f 446/446/446 472/472/472 471/471/471
f 447/447/447 448/448/448 473/473/473
f 447/447/447 473/473/473 472/472/472
f 448/448/448 449/449/449 474/474/474
f 448/448/448 474/474/474 473/473/473
f 449/449/449 450/450/450 475/475/475
f 449/449/449 475/475/475 474/474/474
f 451/451/451 452/452/452 477/477/477
f 451/451/451 477/477/477 476/476/476
f 452/452/452 453/453/453 478/478/478
f 452/452/452 478/478/478 477/477/477
f 453/453/453 454/454/454 479/479/479
f 453/453/453 479/479/479 478/478/478
f 454/454/454 455/455/455 480/480/480
f 454/454/454 480/480/480 479/479/479
f 455/455/455 456/456/456 481/481/481
f 455/455/455 481/481/481 480/480/480
f 456/456/456 457/457/457 482/482/482
f 456/456/456 482/482/482 481/481/481
f 457/457/457 458/458/458 483/483/483
f 457/457/457 483/483/483 482/482/482
f 458/458/458 459/459/459 484/484/484
f 458/458/458 484/484/484 483/483/483
f 459/459/459 460/460/460 485/485/485
f 459/459/459 485/485/485 484/484/484
f 460/460/460 461/461/461 486/486/486
f 460/460/460 486/486/486 485/485/485
f 461/461/461 462/462/462 487/487/487
f 461/461/461 487/487/487 486/486/486
f 462/462/462 463/463/463 488/488/488
f 462/462/462 488/488/488 487/487/487
f 463/463/463 464/464/464 489/489/489
f 463/463/463 489/489/489 488/488/488
f 464/464/464 465/465/465 490/490/490
f 464/464/464 490/490/490 489/489/489
f 465/465/465 466/466/466 491/491/491
f 465/465/465 491/491/491 490/490/490
f 466/466/466 467/467/467 492/492/492
f 466/466/466 492/492/492 491/491/491
f 467/467/467 468/468/468 493/493/493
f 467/467/467 493/493/493 492/492/492
f 468/468/468 469/469/469 494/494/494
f 468/468/468 494/494/494 493/493/493
f 469/469/469 470/470/470 495/495/495
f 469/469/469 495/495/495 494/494/494
f 470/470/470 471/471/471 496/496/496
f 470/470/470 496/496/496 495/495/495
f 471/471/471 472/472/472 497/497/497
f 471/471/471 497/497/497 496/496/496
f 472/472/472 473/473/473 498/498/498
f 472/472/472 498/498/498 497/497/497
f 473/473/473 474/474/474 499/499/499
f 473/473/473 499/499/499 498/498/498
f 474/474/474 475/475/475 500/500/500
f 474/474/474 500/500/500 499/499/499
f 476/476/476 477/477/477 502/502/502
f 476/476/476 502/502/502 501/501/501
f 477/477/477 478/478/478 503/503/503
f 477/477/477 503/503/503 502/502/502
f 478/478/478 479/479/479 504/504/504
f 478/478/478 504/504/504 503/503/503
f 479/479/479 480/480/480 505/505/505
f 479/479/479 505/505/505 504/504/504
f 480/480/480 481/481/481 506/506/506
f 480/480/480 506/506/506 505/505/505
f 481/481/481 482/482/482 507/507/507
f 481/481/481 507/507/507 506/506/506
f 482/482/482 483/483/483 508/508/508
f 482/482/482 508/508/508 507/507/507
f 483/483/483 484/484/484 509/509/509
f 483/483/483 509/509/509 508/508/508
f 484/484/484 485/485/485 510/510/510
f 484/484/484 510/510/510 509/509/509
f 485/485/485 486/486/486 511/511/511
f 485/485/485 511/511/511 510/510/510
f 486/486/486 487/487/487 512/512/512
f 486/486/486 512/512/512 511/511/511
f 487/487/487 488/488/488 513/513/513
f 487/487/487 513/513/513 512/512/512
f 488/488/488 489/489/489 514/514/514
f 488/488/488 514/514/514 513/513/513
f 489/489/489 490/490/490 515/515/515
f 489/489/489 515/515/515 514/514/514
f 490/490/490 491/491/491 516/516/516
f 490/490/490 516/516/516 515/515/515
f 491/491/491 492/492/492 517/517/517
f 491/491/491 517/517/517 516/516/516
f 492/492/492 493/493/493 518/518/518
f 492/492/492 518/518/518 517/517/517
f 493/493/493 494/494/494 519/519/519
f 493/493/493 519/519/519 518/518/518
f 494/494/494 495/495/495 520/520/520
f 494/494/494 520/520/520 519/519/519
f 495/495/495 496/496/496 521/521/521
f 495/495/495 521/521/521 520/520/520
f 496/496/496 497/497/497 522/522/522
f 496/496/496 522/522/522 521/521/521
f 497/497/497 498/498/498 523/523/523
f 497/497/497 523/523/523 522/522/522
f 498/498/498 499/499/499 524/524/524
f 498/498/498 524/524/524 523/523/523
f 499/499/499 500/500/500 525/525/525
f 499/499/499 525/525/525 524/524/524
f 501/501/501 502/502/502 527/527/527
f 501/501/501 527/527/527 526/526/526
f 502/502/502 503/503/503 528/528/528
f 502/502/502 528/528/528 527/527/527
f 503/503/503 504/504/504 529/529/529
f 503/503/503 529/529/529 528/528/528
f 504/504/504 505/505/505 530/530/530
f 504/504/504 530/530/530 529/529/529
f 505/505/505 506/506/506 531/531/531
f 505/505/505 531/531/531 530/530/530
f 506/506/506 507/507/507 532/532/532
f 506/506/506 532/532/532 531/531/531
f 507/507/507 508/508/508 533/533/533
f 507/507/507 533/533/533 532/532/532
f 508/508/508 509/509/509 534/534/534
f 508/508/508 534/534/534 533/533/533
f 509/509/509 510/510/510 535/535/535
f 509/509/509 535/535/535 534/534/534
f 510/510/510 511/511/511 536/536/536
f 510/510/510 536/536/536 535/535/535
f 511/511/511 512/512/512 537/537/537
f 511/511/511 537/537/537 536/536/536
f 512/512/512 513/513/513 538/538/538
f 512/512/512 538/538/538 537/537/537
f 513/513/513 514/514/514 539/539/539
f 513/513/513 539/539/539 538/538/538
f 514/514/514 515/515/515 540/540/540
f 514/514/514 540/540/540 539/539/539
f 515/515/515 516/516/516 541/541/541
f 515/515/515 541/541/541 540/540/540
f 516/516/516 517/517/517 542/542/542
f 516/516/516 542/542/542 541/541/541
f 517/517/517 518/518/518 543/543/543
f 517/517/517 543/543/543 542/542/542
f 518/518/518 519/519/519 544/544/544
f 518/518/518 544/544/544 543/543/543
f 519/519/519 520/520/520 545/545/545
f 519/519/519 545/545/545 544/544/544
f 520/520/520 521/521/521 546/546/546
f 520/520/520 546/546/546 545/545/545
f 521/521/521 522/522/522 547/547/547
f 521/521/521 547/547/547 546/546/546
f 522/522/522 523/523/523 548/548/548
f 522/522/522 548/548/548 547/547/547
f 523/523/523 524/524/524 549/549/549
f 523/523/523 549/549/549 548/548/548
f 524/524/524 525/525/525 550/550/550
f 524/524/524 550/550/550 549/549/549
f 526/526/526 527/527/527 552/552/552
f 526/526/526 552/552/552 551/551/551
f 527/527/527 528/528/528 553/553/553
f 527/527/527 553/553/553 552/552/552
f 528/528/528 529/529/529 554/554/554
f 528/528/528 554/554/554 553/553/553
f 529/529/529 530/530/530 555/555/555
f 529/529/529 555/555/555 554/554/554
f 530/530/530 531/531/531 556/556/556
f 530/530/530 556/556/556 555/555/555
f 531/531/531 532/532/532 557/557/557
f 531/531/531 557/557/557 556/556/556
f 532/532/532 533/533/533 558/558/558
f 532/532/532 558/558/558 557/557/557
f 533/533/533 534/534/534 559/559/559
f 533/533/533 559/559/559 558/558/558
f 534/534/534 535/535/535 560/560/560
f 534/534/534 560/560/560 559/559/559
f 535/535/535 536/536/536 561/561/561
f 535/535/535 561/561/561 560/560/560
f 536/536/536 537/537/537 562/562/562
f 536/536/536 562/562/562 561/561/561
f 537/537/537 538/538/538 563/563/563
f 537/537/537 563/563/563 562/562/562
f 538/538/538 539/539/539 564/564/564
f 538/538/538 564/564/564 563/563/563
f 539/539/539 540/540/540 565/565/565
f 539/539/539 565/565/565 564/564/564
f 540/540/540 541/541/541 566/566/566
f 540/540/540 566/566/566 565/565/565
f 541/541/541 542/542/542 567/567/567
f 541/541/541 567/567/567 566/566/566
f 542/542/542 543/543/543 568/568/568
f 542/542/542 568/568/568 567/567/567
f 543/543/543 544/544/544 569/569/569
f 543/543/543 569/569/569 568/568/568
f 544/544/544 545/545/545 570/570/570
f 544/544/544 570/570/570 569/569/569
f 545/545/545 546/546/546 571/571/571
f 545/545/545 571/571/571 570/570/570
f 546/546/546 547/547/547 572/572/572
f 546/546/546 572/572/572 571/571/571
f 547/547/547 548/548/548 573/573/573
f 547/547/547 573/573/573 572/572/572
f 548/548/548 549/549/549 574/574/574
f 548/548/548 574/574/574 573/573/573
f 549/549/549 550/550/550 575/575/575
f 549/549/549 575/575/575 574/574/574
f 551/551/551 552/552/552 577/577/577
f 551/551/551 577/577/577 576/576/576
f 552/552/552 553/553/553 578/578/578
f 552/552/552 578/578/578 577/577/577
f 553/553/553 554/554/554 579/579/579
f 553/553/553 579/579/579 578/578/578
f 554/554/554 555/555/555 580/580/580
f 554/554/554 580/580/580 579/579/579
f 555/555/555 556/556/556 581/581/581
f 555/555/555 581/581/581 580/580/580
f 556/556/556 557/557/557 582/582/582
f 556/556/556 582/582/582 581/581/581
f 557/557/557 558/558/558 583/583/583
f 557/557/557 583/583/583 582/582/582
f 558/558/558 559/559/559 584/584/584
f 558/558/558 584/584/584 583/583/583
f 559/559/559 560/560/560 585/585/585
f 559/559/559 585/585/585 584/584/584
f 560/560/560 561/561/561 586/586/586
f 560/560/560 586/586/586 585/585/585
f 561/561/561 562/562/562 587/587/587
f 561/561/561 587/587/587 586/586/586
f 562/562/562 563/563/563 588/588/588
f 562/562/562 588/588/588 587/587/587
f 563/563/563 564/564/564 589/589/589
f 563/563/563 589/589/589 588/588/588
f 564/564/564 565/565/565 590/590/590
f 564/564/564 590/590/590 589/589/589
f 565/565/565 566/566/566 591/591/591
f 565/565/565 591/591/591 590/590/590
f 566/566/566 567/567/567 592/592/592
f 566/566/566 592/592/592 591/591/591
f 567/567/567 568/568/568 593/593/593
f 567/567/567 593/593/593 592/592/592
f 568/568/568 569/569/569 594/594/594
f 568/568/568 594/594/594 593/593/593
f 569/569/569 570/570/570 595/595/595
f 569/569/569 595/595/595 594/594/594
f 570/570/570 571/571/571 596/596/596
f 570/570/570 596/596/596 595/595/595
f 571/571/571 572/572/572 597/597/597
f 571/571/571 597/597/597 596/596/596
f 572/572/572 573/573/573 598/598/598
f 572/572/572 598/598/598 597/597/597
f 573/573/573 574/574/574 599/599/599
f 573/573/573 599/599/599 598/598/598
f 574/574/574 575/575/575 600/600/600
f 574/574/574 600/600/600 599/599/599
f 576/576/576 577/577/577 602/602/602
f 576/576/576 602/602/602 601/601/601
f 577/577/577 578/578/578 603/603/603
f 577/577/577 603/603/603 602/602/602
f 578/578/578 579/579/579 604/604/604
f 578/578/578 604/604/604 603/603/603
f 579/579/579 580/580/580 605/605/605
f 579/579/579 605/605/605 604/604/604
f 580/580/580 581/581/581 606/606/606
f 580/580/580 606/606/606 605/605/605
f 581/581/581 582/582/582 607/607/607
f 581/581/581 607/607/607 606/606/606
f 582/582/582 583/583/583 608/608/608
f 582/582/582 608/608/608 607/607/607
f 583/583/583 584/584/584 609/609/609
f 583/583/583 609/609/609 608/608/608
f 584/584/584 585/585/585 610/610/610
f 584/584/584 610/610/610 609/609/609
f 585/585/585 586/586/586 611/611/611
f 585/585/585 611/611/611 610/610/610
f 586/586/586 587/587/587 612/612/612
f 586/586/586 612/612/612 611/611/611
f 587/587/587 588/588/588 613/613/613
f 587/587/587 613/613/613 612/612/612
f 588/588/588 589/589/589 614/614/614
f 588/588/588 614/614/614 613/613/613
f 589/589/589 590/590/590 615/615/615
f 589/589/589 615/615/615 614/614/614
f 590/590/590 591/591/591 616/616/616
f 590/590/590 616/616/616 615/615/615
f 591/591/591 592/592/592 617/617/617
f 591/591/591 617/617/617 616/616/616
f 592/592/592 593/593/593 618/618/618
f 592/592/592 618/618/618 617/617/617
f 593/593/593 594/594/594 619/619/619
f 593/593/593 619/619/619 618/618/618
f 594/594/594 595/595/595 620/620/620
f 594/594/594 620/620/620 619/619/619
f 595/595/595 596/596/596 621/621/621
f 595/595/595 621/621/621 620/620/620
f 596/596/596 597/597/597 622/622/622
f 596/596/596 622/622/622 621/621/621
f 597/597/597 598/598/598 623/623/623
f 597/597/597 623/623/623 622/622/622
f 598/598/598 599/599/599 624/624/624
f 598/598/598 624/624/624 623/623/623
f 599/599/599 600/600/600 625/625/625
f 599/599/599 625/625/625 624/624/624
f 601/601/601 602/602/602 627/627/627
f 601/601/601 627/627/627 626/626/626
f 602/602/602 603/603/603 628/628/628
f 602/602/602 628/628/628 627/627/627
f 603/603/603 604/604/604 629/629/629
f 603/603/603 629/629/629 628/628/628
f 604/604/604 605/605/605 630/630/630
f 604/604/604 630/630/630 629/629/629
f 605/605/605 606/606/606 631/631/631
f 605/605/605 631/631/631 630/630/630
f 606/606/606 607/607/607 632/632/632
f 606/606/606 632/632/632 631/631/631
f 607/607/607 608/608/608 633/633/633
f 607/607/607 633/633/633 632/632/632
f 608/608/608 609/609/609 634/634/634
f 608/608/608 634/634/634 633/633/633
f 609/609/609 610/610/610 635/635/635
f 609/609/609 635/635/635 634/634/634
f 610/610/610 611/611/611 636/636/636
f 610/610/610 636/636/636 635/635/635
f 611/611/611 612/612/612 637/637/637
f 611/611/611 637/637/637 636/636/636
f 612/612/612 613/613/613 638/638/638
f 612/612/612 638/638/638 637/637/637
f 613/613/613 614/614/614 639/639/639
f 613/613/613 639/639/639 638/638/638
f 614/614/614 615/615/615 640/640/640
f 614/614/614 640/640/640 639/639/639
f 615/615/615 616/616/616 641/641/641
f 615/615/615 641/641/641 640/640/640
f 616/616/616 617/617/617 642/642/642
f 616/616/616 642/642/642 641/641/641
f 617/617/617 618/618/618 643/643/643
f 617/617/617 643/643/643 642/642/642
f 618/618/618 619/619/619 644/644/644
f 618/618/618 644/644/644 643/643/643
f 619/619/619 620/620/620 645/645/645
f 619/619/619 645/645/645 644/644/644
f 620/620/620 621/621/621 646/646/646
f 620/620/620 646/646/646 645/645/645
f 621/621/621 622/622/622 647/647/647
f 621/621/621 647/647/647 646/646/646
f 622/622/622 623/623/623 648/648/648
f 622/622/622 648/648/648 647/647/647
f 623/623/623 624/624/624 649/649/649
f 623/623/623 649/649/649 648/648/648
f 624/624/624 625/625/625 650/650/650
f 624/624/624 650/650/650 649/649/649
f 626/626/626 627/627/627 652/652/652
f 626/626/626 652/652/652 651/651/651
f 627/627/627 628/628/628 653/653/653
f 627/627/627 653/653/653 652/652/652
f 628/628/628 629/629/629 654/654/654
f 628/628/628 654/654/654 653/653/653
f 629/629/629 630/630/630 655/655/655
f 629/629/629 655/655/655 654/654/654
f 630/630/630 631/631/631 656/656/656
f 630/630/630 656/656/656 655/655/655
f 631/631/631 632/632/632 657/657/657
f 631/631/631 657/657/657 656/656/656
f 632/632/632 633/633/633 658/658/658
f 632/632/632 658/658/658 657/657/657
f 633/633/633 634/634/634 659/659/659
f 633/633/633 659/659/659 658/658/658
f 634/634/634 635/635/635 660/660/660
f 634/634/634 660/660/660 659/659/659
f 635/635/635 636/636/636 661/661/661
f 635/635/635 661/661/661 660/660/660
f 636/636/636 637/637/637 662/662/662
f 636/636/636 662/662/662 661/661/661
f 637/637/637 638/638/638 663/663/663
f 637/637/637 663/663/663 662/662/662
f 638/638/638 639/639/639 664/664/664
f 638/638/638 664/664/664 663/663/663
f 639/639/639 640/640/640 665/665/665
f 639/639/639 665/665/665 664/664/664
f 640/640/640 641/641/641 666/666/666
f 640/640/640 666/666/666 665/665/665
f 641/641/641 642/642/642 667/667/667
f 641/641/641 667/667/667 666/666/666
f 642/642/642 643/643/643 668/668/668
f 642/642/642 668/668/668 667/667/667
f 643/643/643 644/644/644 669/669/669
f 643/643/643 669/669/669 668/668/668
f 644/644/644 645/645/645 670/670/670
f 644/644/644 670/670/670 669/669/669
f 645/645/645 646/646/646 671/671/671
f 645/645/645 671/671/671 670/670/670
f 646/646/646 647/647/647 672/672/672
f 646/646/646 672/672/672 671/671/671
f 647/647/647 648/648/648 673/673/673
f 647/647/647 673/673/673 672/672/672
f 648/648/648 649/649/649 674/674/674
f 648/648/648 674/674/674 673/673/673
f 649/649/649 650/650/650 675/675/675
f 649/649/649 675/675/675 674/674/674
f 651/651/651 652/652/652 677/677/677
f 651/651/651 677/677/677 676/676/676
f 652/652/652 653/653/653 678/678/678
f 652/652/652 678/678/678 677/677/677
f 653/653/653 654/654/654 679/679/679
f 653/653/653 679/679/679 678/678/678
f 654/654/654 655/655/655 680/680/680
f 654/654/654 680/680/680 679/679/679
f 655/655/655 656/656/656 681/681/681
f 655/655/655 681/681/681 680/680/680
f 656/656/656 657/657/657 682/682/682
f 656/656/656 682/682/682 681/681/681
f 657/657/657 658/658/658 683/683/683
f 657/657/657 683/683/683 682/682/682
f 658/658/658 659/659/659 684/684/684
f 658/658/658 684/684/684 683/683/683
f 659/659/659 660/660/660 685/685/685
f 659/659/659 685/685/685 684/684/684
f 660/660/660 661/661/661 686/686/686
f 660/660/660 686/686/686 685/685/685
f 661/661/661 662/662/662 687/687/687
f 661/661/661 687/687/687 686/686/686
f 662/662/662 663/663/663 688/688/688
f 662/662/662 688/688/688 687/687/687
f 663/663/663 664/664/664 689/689/689
f 663/663/663 689/689/689 688/688/688
f 664/664/664 665/665/665 690/690/690
f 664/664/664 690/690/690 689/689/689
f 665/665/665 666/666/666 691/691/691
f 665/665/665 691/691/691 690/690/690
f 666/666/666 667/667/667 692/692/692
f 666/666/666 692/692/692 691/691/691
f 667/667/667 668/668/668 693/693/693
f 667/667/667 693/693/693 692/692/692
f 668/668/668 669/669/669 694/694/694
f 668/668/668 694/694/694 693/693/693
f 669/669/669 670/670/670 695/695/695
f 669/669/669 695/695/695 694/694/694
f 670/670/670 671/671/671 696/696/696
f 670/670/670 696/696/696 695/695/695
f 671/671/671 672/672/672 697/697/697
f 671/671/671 697/697/697 696/696/696
f 672/672/672 673/673/673 698/698/698
f 672/672/672 698/698/698 697/697/697
f 673/673/673 674/674/674 699/699/699
f 673/673/673 699/699/699 698/698/698
f 674/674/674 675/675/675 700/700/700
f 674/674/674 700/700/700 699/699/699
f 676/676/676 677/677/677 702/702/702
f 676/676/676 702/702/702 701/701/701
f 677/677/677 678/678/678 703/703/703
f 677/677/677 703/703/703 702/702/702
f 678/678/678 679/679/679 704/704/704
f 678/678/678 704/704/704 703/703/703
f 679/679/679 680/680/680 705/705/705
f 679/679/679 705/705/705 704/704/704
f 680/680/680 681/681/681 706/706/706
f 680/680/680 706/706/706 705/705/705
f 681/681/681 682/682/682 707/707/707
f 681/681/681 707/707/707 706/706/706
f 682/682/682 683/683/683 708/708/708
f 682/682/682 708/708/708 707/707/707
f 683/683/683 684/684/684 709/709/709
f 683/683/683 709/709/709 708/708/708
f 684/684/684 685/685/685 710/710/710
f 684/684/684 710/710/710 709/709/709
f 685/685/685 686/686/686 711/711/711
f 685/685/685 711/711/711 710/710/710
f 686/686/686 687/687/687 712/712/712
f 686/686/686 712/712/712 711/711/711
f 687/687/687 688/688/688 713/713/713
f 687/687/687 713/713/713 712/712/712
f 688/688/688 689/689/689 714/714/714
f 688/688/688 714/714/714 713/713/713
f 689/689/689 690/690/690 715/715/715
f 689/689/689 715/715/715 714/714/714
f 690/690/690 691/691/691 716/716/716
f 690/690/690 716/716/716 715/715/715
f 691/691/691 692/692/692 717/717/717
f 691/691/691 717/717/717 716/716/716
f 692/692/692 693/693/693 718/718/718
f 692/692/692 718/718/718 717/717/717
f 693/693/693 694/694/694 719/719/719
f 693/693/693 719/719/719 718/718/718
f 694/694/694 695/695/695 720/720/720
f 694/694/694 720/720/720 719/719/719
f 695/695/695 696/696/696 721/721/721
f 695/695/695 721/721/721 720/720/720
f 696/696/696 697/697/697 722/722/722
f 696/696/696 722/722/722 721/721/721
f 697/697/697 698/698/698 723/723/723
f 697/697/697 723/723/723 722/722/722
f 698/698/698 699/699/699 724/724/724
f 698/698/698 724/724/724 723/723/723
f 699/699/699 700/700/700 725/725/725
f 699/699/699 725/725/725 724/724/724
f 701/701/701 702/702/702 727/727/727
f 701/701/701 727/727/727 726/726/726
f 702/702/702 703/703/703 728/728/728
f 702/702/702 728/728/728 727/727/727
f 703/703/703 704/704/704 729/729/729
f 703/703/703 729/729/729 728/728/728
f 704/704/704 705/705/705 730/730/730
f 704/704/704 730/730/730 729/729/729
f 705/705/705 706/706/706 731/731/731
f 705/705/705 731/731/731 730/730/730
f 706/706/706 707/707/707 732/732/732
f 706/706/706 732/732/732 731/731/731
f 707/707/707 708/708/708 733/733/733
f 707/707/707 733/733/733 732/732/732
f 708/708/708 709/709/709 734/734/734
f 708/708/708 734/734/734 733/733/733
f 709/709/709 710/710/710 735/735/735
f 709/709/709 735/735/735 734/734/734
f 710/710/710 711/711/711 736/736/736
f 710/710/710 736/736/736 735/735/735
f 711/711/711 712/712/712 737/737/737
f 711/711/711 737/737/737 736/736/736
f 712/712/712 713/713/713 738/738/738
f 712/712/712 738/738/738 737/737/737
f 713/713/713 714/714/714 739/739/739
f 713/713/713 739/739/739 738/738/738
f 714/714/714 715/715/715 740/740/740
f 714/714/714 740/740/740 739/739/739
f 715/715/715 716/716/716 741/741/741
f 715/715/715 741/741/741 740/740/740
f 716/716/716 717/717/717 742/742/742
f 716/716/716 742/742/742 741/741/741
f 717/717/717 718/718/718 743/743/743
f 717/717/717 743/743/743 742/742/742
f 718/718/718 719/719/719 744/744/744
f 718/718/718 744/744/744 743/743/743
f 719/719/719 720/720/720 745/745/745
f 719/719/719 745/745/745 744/744/744
f 720/720/720 721/721/721 746/746/746
f 720/720/720 746/746/746 745/745/745
f 721/721/721 722/722/722 747/747/747
f 721/721/721 747/747/747 746/746/746
f 722/722/722 723/723/723 748/748/748
f 722/722/722 748/748/748 747/747/747
f 723/723/723 724/724/724 749/749/749
f 723/723/723 749/749/749 748/748/748
f 724/724/724 725/725/725 750/750/750
f 724/724/724 750/750/750 749/749/749
f 726/726/726 727/727/727 752/752/752
f 726/726/726 752/752/752 751/751/751
f 727/727/727 728/728/728 753/753/753
f 727/727/727 753/753/753 752/752/752
f 728/728/728 729/729/729 754/754/754
f 728/728/728 754/754/754 753/753/753
f 729/729/729 730/730/730 755/755/755
f 729/729/729 755/755/755 754/754/754
f 730/730/730 731/731/731 756/756/756
f 730/730/730 756/756/756 755/755/755
f 731/731/731 732/732/732 757/757/757
f 731/731/731 757/757/757 756/756/756
f 732/732/732 733/733/733 758/758/758
f 732/732/732 758/758/758 757/757/757
f 733/733/733 734/734/734 759/759/759
f 733/733/733 759/759/759 758/758/758
f 734/734/734 735/735/735 760/760/760
f 734/734/734 760/760/760 759/759/759
f 735/735/735 736/736/736 761/761/761
f 735/735/735 761/761/761 760/760/760
f 736/736/736 737/737/737 762/762/762
f 736/736/736 762/762/762 761/761/761
f 737/737/737 738/738/738 763/763/763
f 737/737/737 763/763/763 762/762/762
f 738/738/738 739/739/739 764/764/764
f 738/738/738 764/764/764 763/763/763
f 739/739/739 740/740/740 765/765/765
f 739/739/739 765/765/765 764/764/764
f 740/740/740 741/741/741 766/766/766
f 740/740/740 766/766/766 765/765/765
f 741/741/741 742/742/742 767/767/767
f 741/741/741 767/767/767 766/766/766
f 742/742/742 743/743/743 768/768/768
f 742/742/742 768/768/768 767/767/767
f 743/743/743 744/744/744 769/769/769
f 743/743/743 769/769/769 768/768/768
f 744/744/744 745/745/745 770/770/770
f 744/744/744 770/770/770 769/769/769
f 745/745/745 746/746/746 771/771/771
f 745/745/745 771/771/771 770/770/770
f 746/746/746 747/747/747 772/772/772
f 746/746/746 772/772/772 771/771/771
f 747/747/747 748/748/748 773/773/773
f 747/747/747 773/773/773 772/772/772
f 748/748/748 749/749/749 774/774/774
f 748/748/748 774/774/774 773/773/773
f 749/749/749 750/750/750 775/775/775
f 749/749/749 775/775/775 774/774/774
f 751/751/751 752/752/752 777/777/777
f 751/751/751 777/777/777 776/776/776
f 752/752/752 753/753/753 778/778/778
f 752/752/752 778/778/778 777/777/777
f 753/753/753 754/754/754 779/779/779
f 753/753/753 779/779/779 778/778/778
f 754/754/754 755/755/755 780/780/780
f 754/754/754 780/780/780 779/779/779
f 755/755/755 756/756/756 781/781/781
f 755/755/755 781/781/781 780/780/780
f 756/756/756 757/757/757 782/782/782
f 756/756/756 782/782/782 781/781/781
f 757/757/757 758/758/758 783/783/783
f 757/757/757 783/783/783 782/782/782
f 758/758/758 759/759/759 784/784/784
f 758/758/758 784/784/784 783/783/783
f 759/759/759 760/760/760 785/785/785
f 759/759/759 785/785/785 784/784/784
f 760/760/760 761/761/761 786/786/786
f 760/760/760 786/786/786 785/785/785
f 761/761/761 762/762/762 787/787/787
f 761/761/761 787/787/787 786/786/786
f 762/762/762 763/763/763 788/788/788
f 762/762/762 788/788/788 787/787/787
f 763/763/763 764/764/764 789/789/789
f 763/763/763 789/789/789 788/788/788
f 764/764/764 765/765/765 790/790/790
f 764/764/764 790/790/790 789/789/789
f 765/765/765 766/766/766 791/791/791
f 765/765/765 791/791/791 790/790/790
f 766/766/766 767/767/767 792/792/792
f 766/766/766 792/792/792 791/791/791
f 767/767/767 768/768/768 793/793/793
f 767/767/767 793/793/793 792/792/792
f 768/768/768 769/769/769 794/794/794
f 768/768/768 794/794/794 793/793/793
f 769/769/769 770/770/770 795/795/795
f 769/769/769 795/795/795 794/794/794
f 770/770/770 771/771/771 796/796/796
f 770/770/770 796/796/796 795/795/795
f 771/771/771 772/772/772 797/797/797
f 771/771/771 797/797/797 796/796/796
f 772/772/772 773/773/773 798/798/798
f 772/772/772 798/798/798 797/797/797
f 773/773/773 774/774/774 799/799/799
f 773/773/773 799/799/799 798/798/798
f 774/774/774 775/775/775 800/800/800
f 774/774/774 800/800/800 799/799/799
f 776/776/776 777/777/777 802/802/802
f 776/776/776 802/802/802 801/801/801
f 777/777/777 778/778/778 803/803/803
f 777/777/777 803/803/803 802/802/802
f 778/778/778 779/779/779 804/804/804
f 778/778/778 804/804/804 803/803/803
f 779/779/779 780/780/780 805/805/805
f 779/779/779 805/805/805 804/804/804
f 780/780/780 781/781/781 806/806/806
f 780/780/780 806/806/806 805/805/805
f 781/781/781 782/782/782 807/807/807
f 781/781/781 807/807/807 806/806/806
f 782/782/782 783/783/783 808/808/808
f 782/782/782 808/808/808 807/807/807
f 783/783/783 784/784/784 809/809/809
f 783/783/783 809/809/809 808/808/808
f 784/784/784 785/785/785 810/810/810
f 784/784/784 810/810/810 809/809/809
f 785/785/785 786/786/786 811/811/811
f 785/785/785 811/811/811 810/810/810
f 786/786/786 787/787/787 812/812/812
f 786/786/786 812/812/812 811/811/811
f 787/787/787 788/788/788 813/813/813
f 787/787/787 813/813/813 812/812/812
f 788/788/788 789/789/789 814/814/814
f 788/788/788 814/814/814 813/813/813
f 789/789/789 790/790/790 815/815/815
f 789/789/789 815/815/815 814/814/814
f 790/790/790 791/791/791 816/816/816
f 790/790/790 816/816/816 815/815/815
f 791/791/791 792/792/792 817/817/817
f 791/791/791 817/817/817 816/816/816
f 792/792/792 793/793/793 818/818/818
f 792/792/792 818/818/818 817/817/817
f 793/793/793 794/794/794 819/819/819
f 793/793/793 819/819/819 818/818/818
f 794/794/794 795/795/795 820/820/820
f 794/794/794 820/820/820 819/819/819
f 795/795/795 796/796/796 821/821/821
f 795/795/795 821/821/821 820/820/820
f 796/796/796 797/797/797 822/822/822
f 796/796/796 822/822/822 821/821/821
f 797/797/797 798/798/798 823/823/823
f 797/797/797 823/823/823 822/822/822
f 798/798/798 799/799/799 824/824/824
f 798/798/798 824/824/824 823/823/823
f 799/799/799 800/800/800 825/825/825
f 799/799/799 825/825/825 824/824/824
f 801/801/801 802/802/802 827/827/827
f 801/801/801 827/827/827 826/826/826
f 802/802/802 803/803/803 828/828/828
f 802/802/802 828/828/828 827/827/827
f 803/803/803 804/804/804 829/829/829
f 803/803/803 829/829/829 828/828/828
f 804/804/804 805/805/805 830/830/830
f 804/804/804 830/830/830 829/829/829
f 805/805/805 806/806/806 831/831/831
f 805/805/805 831/831/831 830/830/830
f 806/806/806 807/807/807 832/832/832
f 806/806/806 832/832/832 831/831/831
f 807/807/807 808/808/808 833/833/833
f 807/807/807 833/833/833 832/832/832
f 808/808/808 809/809/809 834/834/834
f 808/808/808 834/834/834 833/833/833
f 809/809/809 810/810/810 835/835/835
f 809/809/809 835/835/835 834/834/834
f 810/810/810 811/811/811 836/836/836
f 810/810/810 836/836/836 835/835/835
f 811/811/811 812/812/812 837/837/837
f 811/811/811 837/837/837 836/836/836
f 812/812/812 813/813/813 838/838/838
f 812/812/812 838/838/838 837/837/837
f 813/813/813 814/814/814 839/839/839
f 813/813/813 839/839/839 838/838/838
f 814/814/814 815/815/815 840/840/840
f 814/814/814 840/840/840 839/839/839
f 815/815/815 816/816/816 841/841/841
f 815/815/815 841/841/841 840/840/840
f 816/816/816 817/817/817 842/842/842
f 816/816/816 842/842/842 841/841/841
f 817/817/817 818/818/818 843/843/843
f 817/817/817 843/843/843 842/842/842
f 818/818/818 819/819/819 844/844/844
f 818/818/818 844/844/844 843/843/843
f 819/819/819 820/820/820 845/845/845
f 819/819/819 845/845/845 844/844/844
f 820/820/820 821/821/821 846/846/846
f 820/820/820 846/846/846 845/845/845
f 821/821/821 822/822/822 847/847/847
f 821/821/821 847/847/847 846/846/846
f 822/822/822 823/823/823 848/848/848
f 822/822/822 848/848/848 847/847/847
f 823/823/823 824/824/824 849/849/849
f 823/823/823 849/849/849 848/848/848
f 824/824/824 825/825/825 850/850/850
f 824/824/824 850/850/850 849/849/849
f 826/826/826 827/827/827 852/852/852
f 826/826/826 852/852/852 851/851/851
f 827/827/827 828/828/828 853/853/853
f 827/827/827 853/853/853 852/852/852
f 828/828/828 829/829/829 854/854/854
f 828/828/828 854/854/854 853/853/853
f 829/829/829 830/830/830 855/855/855
f 829/829/829 855/855/855 854/854/854
f 830/830/830 831/831/831 856/856/856
f 830/830/830 856/856/856 855/855/855
f 831/831/831 832/832/832 857/857/857
f 831/831/831 857/857/857 856/856/856
f 832/832/832 833/833/833 858/858/858
f 832/832/832 858/858/858 857/857/857
f 833/833/833 834/834/834 859/859/859
f 833/833/833 859/859/859 858/858/858
f 834/834/834 835/835/835 860/860/860
f 834/834/834 860/860/860 859/859/859
f 835/835/835 836/836/836 861/861/861
f 835/835/835 861/861/861 860/860/860
f 836/836/836 837/837/837 862/862/862
f 836/836/836 862/862/862 861/861/861
f 837/837/837 838/838/838 863/863/863
f 837/837/837 863/863/863 862/862/862
f 838/838/838 839/839/839 864/864/864
f 838/838/838 864/864/864 863/863/863
f 839/839/839 840/840/840 865/865/865
f 839/839/839 865/865/865 864/864/864
f 840/840/840 841/841/841 866/866/866
f 840/840/840 866/866/866 865/865/865
f 841/841/841 842/842/842 867/867/867
f 841/841/841 867/867/867 866/866/866
f 842/842/842 843/843/843 868/868/868
f 842/842/842 868/868/868 867/867/867
f 843/843/843 844/844/844 869/869/869
f 843/843/843 869/869/869 868/868/868
f 844/844/844 845/845/845 870/870/870
f 844/844/844 870/870/870 869/869/869
f 845/845/845 846/846/846 871/871/871
f 845/845/845 871/871/871 870/870/870
f 846/846/846 847/847/847 872/872/872
f 846/846/846 872/872/872 871/871/871
f 847/847/847 848/848/848 873/873/873
f 847/847/847 873/873/873 872/872/872
f 848/848/848 849/849/849 874/874/874
f 848/848/848 874/874/874 873/873/873
f 849/849/849 850/850/850 875/875/875
f 849/849/849 875/875/875 874/874/874
f 851/851/851 852/852/852 877/877/877
f 851/851/851 877/877/877 876/876/876
f 852/852/852 853/853/853 878/878/878
f 852/852/852 878/878/878 877/877/877
f 853/853/853 854/854/854 879/879/879
f 853/853/853 879/879/879 878/878/878
f 854/854/854 855/855/855 880/880/880
f 854/854/854 880/880/880 879/879/879
f 855/855/855 856/856/856 881/881/881
f 855/855/855 881/881/881 880/880/880
f 856/856/856 857/857/857 882/882/882
f 856/856/856 882/882/882 881/881/881
f 857/857/857 858/858/858 883/883/883
f 857/857/857 883/883/883 882/882/882
f 858/858/858 859/859/859 884/884/884
f 858/858/858 884/884/884 883/883/883
f 859/859/859 860/860/860 885/885/885
f 859/859/859 885/885/885 884/884/884
f 860/860/860 861/861/861 886/886/886
f 860/860/860 886/886/886 885/885/885
f 861/861/861 862/862/862 887/887/887
f 861/861/861 887/887/887 886/886/886
f 862/862/862 863/863/863 888/888/888
f 862/862/862 888/888/888 887/887/887
f 863/863/863 864/864/864 889/889/889
f 863/863/863 889/889/889 888/888/888
f 864/864/864 865/865/865 890/890/890
f 864/864/864 890/890/890 889/889/889
f 865/865/865 866/866/866 891/891/891
f 865/865/865 891/891/891 890/890/890
f 866/866/866 867/867/867 892/892/892
f 866/866/866 892/892/892 891/891/891
f 867/867/867 868/868/868 893/893/893
f 867/867/867 893/893/893 892/892/892
f 868/868/868 869/869/869 894/894/894
f 868/868/868 894/894/894 893/893/893
f 869/869/869 870/870/870 895/895/895
f 869/869/869 895/895/895 894/894/894
f 870/870/870 871/871/871 896/896/896
f 870/870/870 896/896/896 895/895/895
f 871/871/871 872/872/872 897/897/897
f 871/871/871 897/897/897 896/896/896
f 872/872/872 873/873/873 898/898/898
f 872/872/872 898/898/898 897/897/897
f 873/873/873 874/874/874 899/899/899
f 873/873/873 899/899/899 898/898/898
f 874/874/874 875/875/875 900/900/900
f 874/874/874 900/900/900 899/899/899
f 876/876/876 877/877/877 902/902/902
f 876/876/876 902/902/902 901/901/901
f 877/877/877 878/878/878 903/903/903
f 877/877/877 903/903/903 902/902/902
f 878/878/878 879/879/879 904/904/904
f 878/878/878 904/904/904 903/903/903
f 879/879/879 880/880/880 905/905/905
f 879/879/879 905/905/905 904/904/904
f 880/880/880 881/881/881 906/906/906
f 880/880/880 906/906/906 905/905/905
f 881/881/881 882/882/882 907/907/907
f 881/881/881 907/907/907 906/906/906
f 882/882/882 883/883/883 908/908/908
f 882/882/882 908/908/908 907/907/907
f 883/883/883 884/884/884 909/909/909
f 883/883/883 909/909/909 908/908/908
f 884/884/884 885/885/885 910/910/910
f 884/884/884 910/910/910 909/909/909
f 885/885/885 886/886/886 911/911/911
f 885/885/885 911/911/911 910/910/910
f 886/886/886 887/887/887 912/912/912
f 886/886/886 912/912/912 911/911/911
f 887/887/887 888/888/888 913/913/913
f 887/887/887 913/913/913 912/912/912
f 888/888/888 889/889/889 914/914/914
f 888/888/888 914/914/914 913/913/913
f 889/889/889 890/890/890 915/915/915
f 889/889/889 915/915/915 914/914/914
f 890/890/890 891/891/891 916/916/916
f 890/890/890 916/916/916 915/915/915
f 891/891/891 892/892/892 917/917/917
f 891/891/891 917/917/917 916/916/916
f 892/892/892 893/893/893 918/918/918
f 892/892/892 918/918/918 917/917/917
f 893/893/893 894/894/894 919/919/919
f 893/893/893 919/919/919 918/918/918
f 894/894/894 895/895/895 920/920/920
f 894/894/894 920/920/920 919/919/919
f 895/895/895 896/896/896 921/921/921
f 895/895/895 921/921/921 920/920/920
f 896/896/896 897/897/897 922/922/922
f 896/896/896 922/922/922 921/921/921
f 897/897/897 898/898/898 923/923/923
f 897/897/897 923/923/923 922/922/922
f 898/898/898 899/899/899 924/924/924
f 898/898/898 924/924/924 923/923/923
f 899/899/899 900/900/900 925/925/925
f 899/899/899 925/925/925 924/924/924
f 901/901/901 902/902/902 927/927/927
f 901/901/901 927/927/927 926/926/926
f 902/902/902 903/903/903 928/928/928
f 902/902/902 928/928/928 927/927/927
f 903/903/903 904/904/904 929/929/929
f 903/903/903 929/929/929 928/928/928
f 904/904/904 905/905/905 930/930/930
f 904/904/904 930/930/930 929/929/929
f 905/905/905 906/906/906 931/931/931
f 905/905/905 931/931/931 930/930/930
f 906/906/906 907/907/907 932/932/932
f 906/906/906 932/932/932 931/931/931
f 907/907/907 908/908/908 933/933/933
f 907/907/907 933/933/933 932/932/932
f 908/908/908 909/909/909 934/934/934
f 908/908/908 934/934/934 933/933/933
f 909/909/909 910/910/910 935/935/935
f 909/909/909 935/935/935 934/934/934
f 910/910/910 911/911/911 936/936/936
f 910/910/910 936/936/936 935/935/935
f 911/911/911 912/912/912 937/937/937
f 911/911/911 937/937/937 936/936/936
f 912/912/912 913/913/913 938/938/938
f 912/912/912 938/938/938 937/937/937
f 913/913/913 914/914/914 939/939/939
f 913/913/913 939/939/939 938/938/938
f 914/914/914 915/915/915 940/940/940
f 914/914/914 940/940/940 939/939/939
f 915/915/915 916/916/916 941/941/941
f 915/915/915 941/941/941 940/940/940
f 916/916/916 917/917/917 942/942/942
f 916/916/916 942/942/942 941/941/941
f 917/917/917 918/918/918 943/943/943
f 917/917/917 943/943/943 942/942/942
f 918/918/918 919/919/919 944/944/944
f 918/918/918 944/944/944 943/943/943
f 919/919/919 920/920/920 945/945/945
f 919/919/919 945/945/945 944/944/944
f 920/920/920 921/921/921 946/946/946
f 920/920/920 946/946/946 945/945/945
f 921/921/921 922/922/922 947/947/947
f 921/921/921 947/947/947 946/946/946
f 922/922/922 923/923/923 948/948/948
f 922/922/922 948/948/948 947/947/947
f 923/923/923 924/924/924 949/949/949
f 923/923/923 949/949/949 948/948/948
f 924/924/924 925/925/925 950/950/950
f 924/924/924 950/950/950 949/949/949
f 926/926/926 927/927/927 952/952/952
f 926/926/926 952/952/952 951/951/951
f 927/927/927 928/928/928 953/953/953
f 927/927/927 953/953/953 952/952/952
f 928/928/928 929/929/929 954/954/954
f 928/928/928 954/954/954 953/953/953
f 929/929/929 930/930/930 955/955/955
f 929/929/929 955/955/955 954/954/954
f 930/930/930 931/931/931 956/956/956
f 930/930/930 956/956/956 955/955/955
f 931/931/931 932/932/932 957/957/957
f 931/931/931 957/957/957 956/956/956
f 932/932/932 933/933/933 958/958/958
f 932/932/932 958/958/958 957/957/957
f 933/933/933 934/934/934 959/959/959
f 933/933/933 959/959/959 958/958/958
f 934/934/934 935/935/935 960/960/960
f 934/934/934 960/960/960 959/959/959
f 935/935/935 936/936/936 961/961/961
f 935/935/935 961/961/961 960/960/960
f 936/936/936 937/937/937 962/962/962
f 936/936/936 962/962/962 961/961/961
f 937/937/937 938/938/938 963/963/963
f 937/937/937 963/963/963 962/962/962
f 938/938/938 939/939/939 964/964/964
f 938/938/938 964/964/964 963/963/963
f 939/939/939 940/940/940 965/965/965
f 939/939/939 965/965/965 964/964/964
f 940/940/940 941/941/941 966/966/966
f 940/940/940 966/966/966 965/965/965
f 941/941/941 942/942/942 967/967/967
f 941/941/941 967/967/967 966/966/966
f 942/942/942 943/943/943 968/968/968
f 942/942/942 968/968/968 967/967/967
f 943/943/943 944/944/944 969/969/969
f 943/943/943 969/969/969 968/968/968
f 944/944/944 945/945/945 970/970/970
f 944/944/944 970/970/970 969/969/969
f 945/945/945 946/946/946 971/971/971
f 945/945/945 971/971/971 970/970/970
f 946/946/946 947/947/947 972/972/972
f 946/946/946 972/972/972 971/971/971
f 947/947/947 948/948/948 973/973/973
f 947/947/947 973/973/973 972/972/972
f 948/948/948 949/949/949 974/974/974
f 948/948/948 974/974/974 973/973/973
f 949/949/949 950/950/950 975/975/975
f 949/949/949 975/975/975 974/974/974
f 951/951/951 952/952/952 977/977/977
f 951/951/951 977/977/977 976/976/976
f 952/952/952 953/953/953 978/978/978
f 952/952/952 978/978/978 977/977/977
f 953/953/953 954/954/954 979/979/979
f 953/953/953 979/979/979 978/978/978
f 954/954/954 955/955/955 980/980/980
f 954/954/954 980/980/980 979/979/979
f 955/955/955 956/956/956 981/981/981
f 955/955/955 981/981/981 980/980/980
f 956/956/956 957/957/957 982/982/982
f 956/956/956 982/982/982 981/981/981
f 957/957/957 958/958/958 983/983/983
f 957/957/957 983/983/983 982/982/982
f 958/958/958 959/959/959 984/984/984
f 958/958/958 984/984/984 983/983/983
f 959/959/959 960/960/960 985/985/985
f 959/959/959 985/985/985 984/984/984
f 960/960/960 961/961/961 986/986/986
f 960/960/960 986/986/986 985/985/985
f 961/961/961 962/962/962 987/987/987
f 961/961/961 987/987/987 986/986/986
f 962/962/962 963/963/963 988/988/988
f 962/962/962 988/988/988 987/987/987
f 963/963/963 964/964/964 989/989/989
f 963/963/963 989/989/989 988/988/988
f 964/964/964 965/965/965 990/990/990
f 964/964/964 990/990/990 989/989/989
f 965/965/965 966/966/966 991/991/991
f 965/965/965 991/991/991 990/990/990
f 966/966/966 967/967/967 992/992/992
f 966/966/966 992/992/992 991/991/991
f 967/967/967 968/968/968 993/993/993
f 967/967/967 993/993/993 992/992/992
f 968/968/968 969/969/969 994/994/994
f 968/968/968 994/994/994 993/993/993
f 969/969/969 970/970/970 995/995/995
f 969/969/969 995/995/995 994/994/994
f 970/970/970 971/971/971 996/996/996
f 970/970/970 996/996/996 995/995/995
f 971/971/971 972/972/972 997/997/997
f 971/971/971 997/997/997 996/996/996
f 972/972/972 973/973/973 998/998/998
f 972/972/972 998/998/998 997/997/997
f 973/973/973 974/974/974 999/999/999
f 973/973/973 999/999/999 998/998/998
f 974/974/974 975/975/975 1000/1000/1000
f 974/974/974 1000/1000/1000 999/999/999
f 976/976/976 977/977/977 1002/1002/1002
f 976/976/976 1002/1002/1002 1001/1001/1001
f 977/977/977 978/978/978 1003/1003/1003
f 977/977/977 1003/1003/1003 1002/1002/1002
f 978/978/978 979/979/979 1004/1004/1004
f 978/978/978 1004/1004/1004 1003/1003/1003
f 979/979/979 980/980/980 1005/1005/1005
f 979/979/979 1005/1005/1005 1004/1004/1004
f 980/980/980 981/981/981 1006/1006/1006
f 980/980/980 1006/1006/1006 1005/1005/1005
f 981/981/981 982/982/982 1007/1007/1007
f 981/981/981 1007/1007/1007 1006/1006/1006
f 982/982/982 983/983/983 1008/1008/1008
f 982/982/982 1008/1008/1008 1007/1007/1007
f 983/983/983 984/984/984 1009/1009/1009
f 983/983/983 1009/1009/1009 1008/1008/1008
f 984/984/984 985/985/985 1010/1010/1010
f 984/984/984 1010/1010/1010 1009/1009/1009
f 985/985/985 986/986/986 1011/1011/1011
f 985/985/985 1011/1011/1011 1010/1010/1010
f 986/986/986 987/987/987 1012/1012/1012
f 986/986/986 1012/1012/1012 1011/1011/1011
f 987/987/987 988/988/988 1013/1013/1013
f 987/987/987 1013/1013/1013 1012/1012/1012
f 988/988/988 989/989/989 1014/1014/1014
f 988/988/988 1014/1014/1014 1013/1013/1013
f 989/989/989 990/990/990 1015/1015/1015
f 989/989/989 1015/1015/1015 1014/1014/1014
f 990/990/990 991/991/991 1016/1016/1016
f 990/990/990 1016/1016/1016 1015/1015/1015
f 991/991/991 992/992/992 1017/1017/1017
f 991/991/991 1017/1017/1017 1016/1016/1016
f 992/992/992 993/993/993 1018/1018/1018
f 992/992/992 1018/1018/1018 1017/1017/1017
f 993/993/993 994/994/994 1019/1019/1019
f 993/993/993 1019/1019/1019 1018/1018/1018
f 994/994/994 995/995/995 1020/1020/1020
f 994/994/994 1020/1020/1020 1019/1019/1019
f 995/995/995 996/996/996 1021/1021/1021
f 995/995/995 1021/1021/1021 1020/1020/1020
f 996/996/996 997/997/997 1022/1022/1022
f 996/996/996 1022/1022/1022 1021/1021/1021
f 997/997/997 998/998/998 1023/1023/1023
f 997/997/997 1023/1023/1023 1022/1022/1022
f 998/998/998 999/999/999 1024/1024/1024
f 998/998/998 1024/1024/1024 1023/1023/1023
f 999/999/999 1000/1000/1000 1025/1025/1025
f 999/999/999 1025/1025/1025 1024/1024/1024
f 1026/1026/1026 1051/1051/1051 1052/1052/1052
f 1026/1026/1026 1052/1052/1052 1027/1027/1027
f 1027/1027/1027 1052/1052/1052 1053/1053/1053
f 1027/1027/1027 1053/1053/1053 1028/1028/1028
f 1028/1028/1028 1053/1053/1053 1054/1054/1054
f 1028/1028/1028 1054/1054/1054 1029/1029/1029
f 1029/1029/1029 1054/1054/1054 1055/1055/1055
f 1029/1029/1029 1055/1055/1055 1030/1030/1030
f 1030/1030/1030 1055/1055/1055 1056/1056/1056
f 1030/1030/1030 1056/1056/1056 1031/1031/1031
f 1031/1031/1031 1056/1056/1056 1057/1057/1057
f 1031/1031/1031 1057/1057/1057 1032/1032/1032
f 1032/1032/1032 1057/1057/1057 1058/1058/1058
f 1032/1032/1032 1058/1058/1058 1033/1033/1033
f 1033/1033/1033 1058/1058/1058 1059/1059/1059
f 1033/1033/1033 1059/1059/1059 1034/1034/1034
f 1034/1034/1034 1059/1059/1059 1060/1060/1060
f 1034/1034/1034 1060/1060/1060 1035/1035/1035
f 1035/1035/1035 1060/1060/1060 1061/1061/1061
f 1035/1035/1035 1061/1061/1061 1036/1036/1036
f 1036/1036/1036 1061/1061/1061 1062/1062/1062
f 1036/1036/1036 1062/1062/1062 1037/1037/1037
f 1037/1037/1037 1062/1062/1062 1063/1063/1063
f 1037/1037/1037 1063/1063/1063 1038/1038/1038
f 1038/1038/1038 1063/1063/1063 1064/1064/1064
f 1038/1038/1038 1064/1064/1064 1039/1039/1039
f 1039/1039/1039 1064/1064/1064 1065/1065/1065
f 1039/1039/1039 1065/1065/1065 1040/1040/1040
f 1040/1040/1040 1065/1065/1065 1066/1066/1066
f 1040/1040/1040 1066/1066/1066 1041/1041/1041
f 1041/1041/1041 1066/1066/1066 1067/1067/1067
f 1041/1041/1041 1067/1067/1067 1042/1042/1042
f 1042/1042/1042 1067/1067/1067 1068/1068/1068
f 1042/1042/1042 1068/1068/1068 1043/1043/1043
f 1043/1043/1043 1068/1068/1068 1069/1069/1069
f 1043/1043/1043 1069/1069/1069 1044/1044/1044
f 1044/1044/1044 1069/1069/1069 1070/1070/1070
f 1044/1044/1044 1070/1070/1070 1045/1045/1045
f 1045/1045/1045 1070/1070/1070 1071/1071/1071
f 1045/1045/1045 1071/1071/1071 1046/1046/1046
f 1046/1046/1046 1071/1071/1071 1072/1072/1072
f 1046/1046/1046 1072/1072/1072 1047/1047/1047
f 1047/1047/1047 1072/1072/1072 1073/1073/1073
f 1047/1047/1047 1073/1073/1073 1048/1048/1048
f 1048/1048/1048 1073/1073/1073 1074/1074/1074
f 1048/1048/1048 1074/1074/1074 1049/1049/1049
f 1049/1049/1049 1074/1074/1074 1075/1075/1075
f 1049/1049/1049 1075/1075/1075 1050/1050/1050
f 1051/1051/1051 1076/1076/1076 1077/1077/1077
f 1051/1051/1051 1077/1077/1077 1052/1052/1052
f 1052/1052/1052 1077/1077/1077 1078/1078/1078
f 1052/1052/1052 1078/1078/1078 1053/1053/1053
f 1053/1053/1053 1078/1078/1078 1079/1079/1079
f 1053/1053/1053 1079/1079/1079 1054/1054/1054
f 1054/1054/1054 1079/1079/1079 1080/1080/1080
f 1054/1054/1054 1080/1080/1080 1055/1055/1055
f 1055/1055/1055 1080/1080/1080 1081/1081/1081
f 1055/1055/1055 1081/1081/1081 1056/1056/1056
f 1056/1056/1056 1081/1081/1081 1082/1082/1082
f 1056/1056/1056 1082/1082/1082 1057/1057/1057
f 1057/1057/1057 1082/1082/1082 1083/1083/1083
f 1057/1057/1057 1083/1083/1083 1058/1058/1058
f 1058/1058/1058 1083/1083/1083 1084/1084/1084
f 1058/1058/1058 1084/1084/1084 1059/1059/1059
f 1059/1059/1059 1084/1084/1084 1085/1085/1085
f 1059/1059/1059 1085/1085/1085 1060/1060/1060
f 1060/1060/1060 1085/1085/1085 1086/1086/1086
f 1060/1060/1060 1086/1086/1086 1061/1061/1061
f 1061/1061/1061 1086/1086/1086 1087/1087/1087
f 1061/1061/1061 1087/1087/1087 1062/1062/1062
f 1062/1062/1062 1087/1087/1087 1088/1088/1088
f 1062/1062/1062 1088/1088/1088 1063/1063/1063
f 1063/1063/1063 1088/1088/1088 1089/1089/1089
f 1063/1063/1063 1089/1089/1089 1064/1064/1064
f 1064/1064/1064 1089/1089/1089 1090/1090/1090
f 1064/1064/1064 1090/1090/1090 1065/1065/1065
f 1065/1065/1065 1090/1090/1090 1091/1091/1091
f 1065/1065/1065 1091/1091/1091 1066/1066/1066
f 1066/1066/1066 1091/1091/1091 1092/1092/1092
f 1066/1066/1066 1092/1092/1092 1067/1067/1067
f 1067/1067/1067 1092/1092/1092 1093/1093/1093
f 1067/1067/1067 1093/1093/1093 1068/1068/1068
f 1068/1068/1068 1093/1093/1093 1094/1094/1094
f 1068/1068/1068 1094/1094/1094 1069/1069/1069
f 1069/1069/1069 1094/1094/1094 1095/1095/1095
f 1069/1069/1069 1095/1095/1095 1070/1070/1070
f 1070/1070/1070 1095/1095/1095 1096/1096/1096
f 1070/1070/1070 1096/1096/1096 1071/1071/1071
f 1071/1071/1071 1096/1096/1096 1097/1097/1097
f 1071/1071/1071 1097/1097/1097 1072/1072/1072
f 1072/1072/1072 1097/1097/1097 1098/1098/1098
f 1072/1072/1072 1098/1098/1098 1073/1073/1073
f 1073/1073/1073 1098/1098/1098 1099/1099/1099
f 1073/1073/1073 1099/1099/1099 1074/1074/1074
f 1074/1074/1074 1099/1099/1099 1100/1100/1100
f 1074/1074/1074 1100/1100/1100 1075/1075/1075
f 1076/1076/1076 1101/1101/1101 1102/1102/1102
f 1076/1076/1076 1102/1102/1102 1077/1077/1077
f 1077/1077/1077 1102/1102/1102 1103/1103/1103
f 1077/1077/1077 1103/1103/1103 1078/1078/1078
f 1078/1078/1078 1103/1103/1103 1104/1104/1104
f 1078/1078/1078 1104/1104/1104 1079/1079/1079
f 1079/1079/1079 1104/1104/1104 1105/1105/1105
f 1079/1079/1079 1105/1105/1105 1080/1080/1080
f 1080/1080/1080 1105/1105/1105 1106/1106/1106
f 1080/1080/1080 1106/1106/1106 1081/1081/1081
f 1081/1081/1081 1106/1106/1106 1107/1107/1107
f 1081/1081/1081 1107/1107/1107 1082/1082/1082
f 1082/1082/1082 1107/1107/1107 1108/1108/1108
f 1082/1082/1082 1108/1108/1108 1083/1083/1083
f 1083/1083/1083 1108/1108/1108 1109/1109/1109
f 1083/1083/1083 1109/1109/1109 1084/1084/1084
f 1084/1084/1084 1109/1109/1109 1110/1110/1110
f 1084/1084/1084 1110/1110/1110 1085/1085/1085
f 1085/1085/1085 1110/1110/1110 1111/1111/1111
f 1085/1085/1085 1111/1111/1111 1086/1086/1086
f 1086/1086/1086 1111/1111/1111 1112/1112/1112
f 1086/1086/1086 1112/1112/1112 1087/1087/1087
f 1087/1087/1087 1112/1112/1112 1113/1113/1113
f 1087/1087/1087 1113/1113/1113 1088/1088/1088
f 1088/1088/1088 1113/1113/1113 1114/1114/1114
f 1088/1088/1088 1114/1114/1114 1089/1089/1089
f 1089/1089/1089 1114/1114/1114 1115/1115/1115
f 1089/1089/1089 1115/1115/1115 1090/1090/1090
f 1090/1090/1090 1115/1115/1115 1116/1116/1116
f 1090/1090/1090 1116/1116/1116 1091/1091/1091
f 1091/1091/1091 1116/1116/1116 1117/1117/1117
f 1091/1091/1091 1117/1117/1117 1092/1092/1092
f 1092/1092/1092 1117/1117/1117 1118/1118/1118
f 1092/1092/1092 1118/1118/1118 1093/1093/1093
f 1093/1093/1093 1118/1118/1118 1119/1119/1119
f 1093/1093/1093 1119/1119/1119 1094/1094/1094
f 1094/1094/1094 1119/1119/1119 1120/1120/1120
f 1094/1094/1094 1120/1120/1120 1095/1095/1095
f 1095/1095/1095 1120/1120/1120 1121/1121/1121
f 1095/1095/1095 1121/1121/1121 1096/1096/1096
f 1096/1096/1096 1121/1121/1121 1122/1122/1122
f 1096/1096/1096 1122/1122/1122 1097/1097/1097
f 1097/1097/1097 1122/1122/1122 1123/1123/1123
f 1097/1097/1097 1123/1123/1123 1098/1098/1098
f 1098/1098/1098 1123/1123/1123 1124/1124/1124
f 1098/1098/1098 1124/1124/1124 1099/1099/1099
f 1099/1099/1099 1124/1124/1124 1125/1125/1125
f 1099/1099/1099 1125/1125/1125 1100/1100/1100
f 1101/1101/1101 1126/1126/1126 1127/1127/1127
f 1101/1101/1101 1127/1127/1127 1102/1102/1102
f 1102/1102/1102 1127/1127/1127 1128/1128/1128
f 1102/1102/1102 1128/1128/1128 1103/1103/1103
f 1103/1103/1103 1128/1128/1128 1129/1129/1129
f 1103/1103/1103 1129/1129/1129 1104/1104/1104
f 1104/1104/1104 1129/1129/1129 1130/1130/1130
f 1104/1104/1104 1130/1130/1130 1105/1105/1105
f 1105/1105/1105 1130/1130/1130 1131/1131/1131
f 1105/1105/1105 1131/1131/1131 1106/1106/1106
f 1106/1106/1106 1131/1131/1131 1132/1132/1132
f 1106/1106/1106 1132/1132/1132 1107/1107/1107
f 1107/1107/1107 1132/1132/1132 1133/1133/1133
f 1107/1107/1107 1133/1133/1133 1108/1108/1108
f 1108/1108/1108 1133/1133/1133 1134/1134/1134
f 1108/1108/1108 1134/1134/1134 1109/1109/1109
f 1109/1109/1109 1134/1134/1134 1135/1135/1135
f 1109/1109/1109 1135/1135/1135 1110/1110/1110
f 1110/1110/1110 1135/1135/1135 1136/1136/1136
f 1110/1110/1110 1136/1136/1136 1111/1111/1111
f 1111/1111/1111 1136/1136/1136 1137/1137/1137
f 1111/1111/1111 1137/1137/1137 1112/1112/1112
f 1112/1112/1112 1137/1137/1137 1138/1138/1138
f 1112/1112/1112 1138/1138/1138 1113/1113/1113
f 1113/1113/1113 1138/1138/1138 1139/1139/1139
f 1113/1113/1113 1139/1139/1139 1114/1114/1114
f 1114/1114/1114 1139/1139/1139 1140/1140/1140
f 1114/1114/1114 1140/1140/1140 1115/1115/1115
f 1115/1115/1115 1140/1140/1140 1141/1141/1141
f 1115/1115/1115 1141/1141/1141 1116/1116/1116
f 1116/1116/1116 1141/1141/1141 1142/1142/1142
f 1116/1116/1116 1142/1142/1142 1117/1117/1117
f 1117/1117/1117 1142/1142/1142 1143/1143/1143
f 1117/1117/1117 1143/1143/1143 1118/1118/1118
f 1118/1118/1118 1143/1143/1143 1144/1144/1144
f 1118/1118/1118 1144/1144/1144 1119/1119/1119
f 1119/1119/1119 1144/1144/1144 1145/1145/1145
f 1119/1119/1119 1145/1145/1145 1120/1120/1120
f 1120/1120/1120 1145/1145/1145 1146/1146/1146
f 1120/1120/1120 1146/1146/1146 1121/1121/1121
f 1121/1121/1121 1146/1146/1146 1147/1147/1147
f 1121/1121/1121 1147/1147/1147 1122/1122/1122
f 1122/1122/1122 1147/1147/1147 1148/1148/1148
f 1122/1122/1122 1148/1148/1148 1123/1123/1123
f 1123/1123/1123 1148/1148/1148 1149/1149/1149
f 1123/1123/1123 1149/1149/1149 1124/1124/1124
f 1124/1124/1124 1149/1149/1149 1150/1150/1150
f 1124/1124/1124 1150/1150/1150 1125/1125/1125
f 1126/1126/1126 1151/1151/1151 1152/1152/1152
f 1126/1126/1126 1152/1152/1152 1127/1127/1127
f 1127/1127/1127 1152/1152/1152 1153/1153/1153
f 1127/1127/1127 1153/1153/1153 1128/1128/1128
f 1128/1128/1128 1153/1153/1153 1154/1154/1154
f 1128/1128/1128 1154/1154/1154 1129/1129/1129
f 1129/1129/1129 1154/1154/1154 1155/1155/1155
f 1129/1129/1129 1155/1155/1155 1130/1130/1130
f 1130/1130/1130 1155/1155/1155 1156/1156/1156
f 1130/1130/1130 1156/1156/1156 1131/1131/1131
f 1131/1131/1131 1156/1156/1156 1157/1157/1157
f 1131/1131/1131 1157/1157/1157 1132/1132/1132
f 1132/1132/1132 1157/1157/1157 1158/1158/1158
f 1132/1132/1132 1158/1158/1158 1133/1133/1133
f 1133/1133/1133 1158/1158/1158 1159/1159/1159
f 1133/1133/1133 1159/1159/1159 1134/1134/1134
f 1134/1134/1134 1159/1159/1159 1160/1160/1160
f 1134/1134/1134 1160/1160/1160 1135/1135/1135
f 1135/1135/1135 1160/1160/1160 1161/1161/1161
f 1135/1135/1135 1161/1161/1161 1136/1136/1136
f 1136/1136/1136 1161/1161/1161 1162/1162/1162
f 1136/1136/1136 1162/1162/1162 1137/1137/1137
f 1137/1137/1137 1162/1162/1162 1163/1163/1163
f 1137/1137/1137 1163/1163/1163 1138/1138/1138
f 1138/1138/1138 1163/1163/1163 1164/1164/1164
f 1138/1138/1138 1164/1164/1164 1139/1139/1139
f 1139/1139/1139 1164/1164/1164 1165/1165/1165
f 1139/1139/1139 1165/1165/1165 1140/1140/1140
f 1140/1140/1140 1165/1165/1165 1166/1166/1166
f 1140/1140/1140 1166/1166/1166 1141/1141/1141
f 1141/1141/1141 1166/1166/1166 1167/1167/1167
f 1141/1141/1141 1167/1167/1167 1142/1142/1142
f 1142/1142/1142 1167/1167/1167 1168/1168/1168
f 1142/1142/1142 1168/1168/1168 1143/1143/1143
f 1143/1143/1143 1168/1168/1168 1169/1169/1169
f 1143/1143/1143 1169/1169/1169 1144/1144/1144
f 1144/1144/1144 1169/1169/1169 1170/1170/1170
f 1144/1144/1144 1170/1170/1170 1145/1145/1145
f 1145/1145/1145 1170/1170/1170 1171/1171/1171
f 1145/1145/1145 1171/1171/1171 1146/1146/1146
f 1146/1146/1146 1171/1171/1171 1172/1172/1172
f 1146/1146/1146 1172/1172/1172 1147/1147/1147
f 1147/1147/1147 1172/1172/1172 1173/1173/1173
f 1147/1147/1147 1173/1173/1173 1148/1148/1148
f 1148/1148/1148 1173/1173/1173 1174/1174/1174
f 1148/1148/1148 1174/1174/1174 1149/1149/1149
f 1149/1149/1149 1174/1174/1174 1175/1175/1175
f 1149/1149/1149 1175/1175/1175 1150/1150/1150
f 1151/1151/1151 1176/1176/1176 1177/1177/1177
f 1151/1151/1151 1177/1177/1177 1152/1152/1152
f 1152/1152/1152 1177/1177/1177 1178/1178/1178
f 1152/1152/1152 1178/1178/1178 1153/1153/1153
f 1153/1153/1153 1178/1178/1178 1179/1179/1179
f 1153/1153/1153 1179/1179/1179 1154/1154/1154
f 1154/1154/1154 1179/1179/1179 1180/1180/1180
f 1154/1154/1154 1180/1180/1180 1155/1155/1155
f 1155/1155/1155 1180/1180/1180 1181/1181/1181
f 1155/1155/1155 1181/1181/1181 1156/1156/1156
f 1156/1156/1156 1181/1181/1181 1182/1182/1182
f 1156/1156/1156 1182/1182/1182 1157/1157/1157
f 1157/1157/1157 1182/1182/1182 1183/1183/1183
f 1157/1157/1157 1183/1183/1183 1158/1158/1158
f 1158/1158/1158 1183/1183/1183 1184/1184/1184
f 1158/1158/1158 1184/1184/1184 1159/1159/1159
f 1159/1159/1159 1184/1184/1184 1185/1185/1185
f 1159/1159/1159 1185/1185/1185 1160/1160/1160
f 1160/1160/1160 1185/1185/1185 1186/1186/1186
f 1160/1160/1160 1186/1186/1186 1161/1161/1161
f 1161/1161/1161 1186/1186/1186 1187/1187/1187
f 1161/1161/1161 1187/1187/1187 1162/1162/1162
f 1162/1162/1162 1187/1187/1187 1188/1188/1188
f 1162/1162/1162 1188/1188/1188 1163/1163/1163
f 1163/1163/1163 1188/1188/1188 1189/1189/1189
f 1163/1163/1163 1189/1189/1189 1164/1164/1164
f 1164/1164/1164 1189/1189/1189 1190/1190/1190
f 1164/1164/1164 1190/1190/1190 1165/1165/1165
f 1165/1165/1165 1190/1190/1190 1191/1191/1191
f 1165/1165/1165 1191/1191/1191 1166/1166/1166
f 1166/1166/1166 1191/1191/1191 1192/1192/1192
f 1166/1166/1166 1192/1192/1192 1167/1167/1167
f 1167/1167/1167 1192/1192/1192 1193/1193/1193
f 1167/1167/1167 1193/1193/1193 1168/1168/1168
f 1168/1168/1168 1193/1193/1193 1194/1194/1194
f 1168/1168/1168 1194/1194/1194 1169/1169/1169
f 1169/1169/1169 1194/1194/1194 1195/1195/1195
f 1169/1169/1169 1195/1195/1195 1170/1170/1170
f 1170/1170/1170 1195/1195/1195 1196/1196/1196
f 1170/1170/1170 1196/1196/1196 1171/1171/1171
f 1171/1171/1171 1196/1196/1196 1197/1197/1197
f 1171/1171/1171 1197/1197/1197 1172/1172/1172
f 1172/1172/1172 1197/1197/1197 1198/1198/1198
f 1172/1172/1172 1198/1198/1198 1173/1173/1173
f 1173/1173/1173 1198/1198/1198 1199/1199/1199
f 1173/1173/1173 1199/1199/1199 1174/1174/1174
f 1174/1174/1174 1199/1199/1199 1200/1200/1200
f 1174/1174/1174 1200/1200/1200 1175/1175/1175
f 1176/1176/1176 1201/1201/1201 1202/1202/1202
f 1176/1176/1176 1202/1202/1202 1177/1177/1177
f 1177/1177/1177 1202/1202/1202 1203/1203/1203
f 1177/1177/1177 1203/1203/1203 1178/1178/1178
f 1178/1178/1178 1203/1203/1203 1204/1204/1204
f 1178/1178/1178 1204/1204/1204 1179/1179/1179
f 1179/1179/1179 1204/1204/1204 1205/1205/1205
f 1179/1179/1179 1205/1205/1205 1180/1180/1180
f 1180/1180/1180 1205/1205/1205 1206/1206/1206
f 1180/1180/1180 1206/1206/1206 1181/1181/1181
f 1181/1181/1181 1206/1206/1206 1207/1207/1207
f 1181/1181/1181 1207/1207/1207 1182/1182/1182
f 1182/1182/1182 1207/1207/1207 1208/1208/1208
f 1182/1182/1182 1208/1208/1208 1183/1183/1183
f 1183/1183/1183 1208/1208/1208 1209/1209/1209
f 1183/1183/1183 1209/1209/1209 1184/1184/1184
f 1184/1184/1184 1209/1209/1209 1210/1210/1210
f 1184/1184/1184 1210/1210/1210 1185/1185/1185
f 1185/1185/1185 1210/1210/1210 1211/1211/1211
f 1185/1185/1185 1211/1211/1211 1186/1186/1186
f 1186/1186/1186 1211/1211/1211 1212/1212/1212
f 1186/1186/1186 1212/1212/1212 1187/1187/1187
f 1187/1187/1187 1212/1212/1212 1213/1213/1213
f 1187/1187/1187 1213/1213/1213 1188/1188/1188
f 1188/1188/1188 1213/1213/1213 1214/1214/1214
f 1188/1188/1188 1214/1214/1214 1189/1189/1189
f 1189/1189/1189 1214/1214/1214 1215/1215/1215
f 1189/1189/1189 1215/1215/1215 1190/1190/1190
f 1190/1190/1190 1215/1215/1215 1216/1216/1216
f 1190/1190/1190 1216/1216/1216 1191/1191/1191
f 1191/1191/1191 1216/1216/1216 1217/1217/1217
f 1191/1191/1191 1217/1217/1217 1192/1192/1192
f 1192/1192/1192 1217/1217/1217 1218/1218/1218
f 1192/1192/1192 1218/1218/1218 1193/1193/1193
f 1193/1193/1193 1218/1218/1218 1219/1219/1219
f 1193/1193/1193 1219/1219/1219 1194/1194/1194
f 1194/1194/1194 1219/1219/1219 1220/1220/1220
f 1194/1194/1194 1220/1220/1220 1195/1195/1195
f 1195/1195/1195 1220/1220/1220 1221/1221/1221
f 1195/1195/1195 1221/1221/1221 1196/1196/1196
f 1196/1196/1196 1221/1221/1221 1222/1222/1222
f 1196/1196/1196 1222/1222/1222 1197/1197/1197
f 1197/1197/1197 1222/1222/1222 1223/1223/1223
f 1197/1197/1197 1223/1223/1223 1198/1198/1198
f 1198/1198/1198 1223/1223/1223 1224/1224/1224
f 1198/1198/1198 1224/1224/1224 1199/1199/1199
f 1199/1199/1199 1224/1224/1224 1225/1225/1225
f 1199/1199/1199 1225/1225/1225 1200/1200/1200
f 1201/1201/1201 1226/1226/1226 1227/1227/1227
f 1201/1201/1201 1227/1227/1227 1202/1202/1202
f 1202/1202/1202 1227/1227/1227 1228/1228/1228
f 1202/1202/1202 1228/1228/1228 1203/1203/1203
f 1203/1203/1203 1228/1228/1228 1229/1229/1229
f 1203/1203/1203 1229/1229/1229 1204/1204/1204
f 1204/1204/1204 1229/1229/1229 1230/1230/1230
f 1204/1204/1204 1230/1230/1230 1205/1205/1205
f 1205/1205/1205 1230/1230/1230 1231/1231/1231
f 1205/1205/1205 1231/1231/1231 1206/1206/1206
f 1206/1206/1206 1231/1231/1231 1232/1232/1232
f 1206/1206/1206 1232/1232/1232 1207/1207/1207
f 1207/1207/1207 1232/1232/1232 1233/1233/1233
f 1207/1207/1207 1233/1233/1233 1208/1208/1208
f 1208/1208/1208 1233/1233/1233 1234/1234/1234
f 1208/1208/1208 1234/1234/1234 1209/1209/1209
f 1209/1209/1209 1234/1234/1234 1235/1235/1235
f 1209/1209/1209 1235/1235/1235 1210/1210/1210
f 1210/1210/1210 1235/1235/1235 1236/1236/1236
f 1210/1210/1210 1236/1236/1236 1211/1211/1211
f 1211/1211/1211 1236/1236/1236 1237/1237/1237
f 1211/1211/1211 1237/1237/1237 1212/1212/1212
f 1212/1212/1212 1237/1237/1237 1238/1238/1238
f 1212/1212/1212 1238/1238/1238 1213/1213/1213
f 1213/1213/1213 1238/1238/1238 1239/1239/1239
f 1213/1213/1213 1239/1239/1239 1214/1214/1214
f 1214/1214/1214 1239/1239/1239 1240/1240/1240
f 1214/1214/1214 1240/1240/1240 1215/1215/1215
f 1215/1215/1215 1240/1240/1240 1241/1241/1241
f 1215/1215/1215 1241/1241/1241 1216/1216/1216
f 1216/1216/1216 1241/1241/1241 1242/1242/1242
f 1216/1216/1216 1242/1242/1242 1217/1217/1217
f 1217/1217/1217 1242/1242/1242 1243/1243/1243
f 1217/1217/1217 1243/1243/1243 1218/1218/1218
f 1218/1218/1218 1243/1243/1243 1244/1244/1244
f 1218/1218/1218 1244/1244/1244 1219/1219/1219
f 1219/1219/1219 1244/1244/1244 1245/1245/1245
f 1219/1219/1219 1245/1245/1245 1220/1220/1220
f 1220/1220/1220 1245/1245/1245 1246/1246/1246
f 1220/1220/1220 1246/1246/1246 1221/1221/1221
f 1221/1221/1221 1246/1246/1246 1247/1247/1247
f 1221/1221/1221 1247/1247/1247 1222/1222/1222
f 1222/1222/1222 1247/1247/1247 1248/1248/1248
f 1222/1222/1222 1248/1248/1248 1223/1223/1223
f 1223/1223/1223 1248/1248/1248 1249/1249/1249
f 1223/1223/1223 1249/1249/1249 1224/1224/1224
f 1224/1224/1224 1249/1249/1249 1250/1250/1250
f 1224/1224/1224 1250/1250/1250 1225/1225/1225
f 1226/1226/1226 1251/1251/1251 1252/1252/1252
f 1226/1226/1226 1252/1252/1252 1227/1227/1227
f 1227/1227/1227 1252/1252/1252 1253/1253/1253
f 1227/1227/1227 1253/1253/1253 1228/1228/1228
f 1228/1228/1228 1253/1253/1253 1254/1254/1254
f 1228/1228/1228 1254/1254/1254 1229/1229/1229
f 1229/1229/1229 1254/1254/1254 1255/1255/1255
f 1229/1229/1229 1255/1255/1255 1230/1230/1230
f 1230/1230/1230 1255/1255/1255 1256/1256/1256
f 1230/1230/1230 1256/1256/1256 1231/1231/1231
f 1231/1231/1231 1256/1256/1256 1257/1257/1257
f 1231/1231/1231 1257/1257/1257 1232/1232/1232
f 1232/1232/1232 1257/1257/1257 1258/1258/1258
f 1232/1232/1232 1258/1258/1258 1233/1233/1233
f 1233/1233/1233 1258/1258/1258 1259/1259/1259
f 1233/1233/1233 1259/1259/1259 1234/1234/1234
f 1234/1234/1234 1259/1259/1259 1260/1260/1260
f 1234/1234/1234 1260/1260/1260 1235/1235/1235
f 1235/1235/1235 1260/1260/1260 1261/1261/1261
f 1235/1235/1235 1261/1261/1261 1236/1236/1236
f 1236/1236/1236 1261/1261/1261 1262/1262/1262
f 1236/1236/1236 1262/1262/1262 1237/1237/1237
f 1237/1237/1237 1262/1262/1262 1263/1263/1263
f 1237/1237/1237 1263/1263/1263 1238/1238/1238
f 1238/1238/1238 1263/1263/1263 1264/1264/1264
f 1238/1238/1238 1264/1264/1264 1239/1239/1239
f 1239/1239/1239 1264/1264/1264 1265/1265/1265
f 1239/1239/1239 1265/1265/1265 1240/1240/1240
f 1240/1240/1240 1265/1265/1265 1266/1266/1266
f 1240/1240/1240 1266/1266/1266 1241/1241/1241
f 1241/1241/1241 1266/1266/1266 1267/1267/1267
f 1241/1241/1241 1267/1267/1267 1242/1242/1242
f 1242/1242/1242 1267/1267/1267 1268/1268/1268
f 1242/1242/1242 1268/1268/1268 1243/1243/1243
f 1243/1243/1243 1268/1268/1268 1269/1269/1269
f 1243/1243/1243 1269/1269/1269 1244/1244/1244
f 1244/1244/1244 1269/1269/1269 1270/1270/1270
f 1244/1244/1244 1270/1270/1270 1245/1245/1245
f 1245/1245/1245 1270/1270/1270 1271/1271/1271
f 1245/1245/1245 1271/1271/1271 1246/1246/1246
f 1246/1246/1246 1271/1271/1271 1272/1272/1272
f 1246/1246/1246 1272/1272/1272 1247/1247/1247
f 1247/1247/1247 1272/1272/1272 1273/1273/1273
f 1247/1247/1247 1273/1273/1273 1248/1248/1248
f 1248/1248/1248 1273/1273/1273 1274/1274/1274
f 1248/1248/1248 1274/1274/1274 1249/1249/1249
f 1249/1249/1249 1274/1274/1274 1275/1275/1275
f 1249/1249/1249 1275/1275/1275 1250/1250/1250
f 1251/1251/1251 1276/1276/1276 1277/1277/1277
f 1251/1251/1251 1277/1277/1277 1252/1252/1252
f 1252/1252/1252 1277/1277/1277 1278/1278/1278
f 1252/1252/1252 1278/1278/1278 1253/1253/1253
f 1253/1253/1253 1278/1278/1278 1279/1279/1279
f 1253/1253/1253 1279/1279/1279 1254/1254/1254
f 1254/1254/1254 1279/1279/1279 1280/1280/1280
f 1254/1254/1254 1280/1280/1280 1255/1255/1255
f 1255/1255/1255 1280/1280/1280 1281/1281/1281
f 1255/1255/1255 1281/1281/1281 1256/1256/1256
f 1256/1256/1256 1281/1281/1281 1282/1282/1282
f 1256/1256/1256 1282/1282/1282 1257/1257/1257
f 1257/1257/1257 1282/1282/1282 1283/1283/1283
f 1257/1257/1257 1283/1283/1283 1258/1258/1258
f 1258/1258/1258 1283/1283/1283 1284/1284/1284
f 1258/1258/1258 1284/1284/1284 1259/1259/1259
f 1259/1259/1259 1284/1284/1284 1285/1285/1285
f 1259/1259/1259 1285/1285/1285 1260/1260/1260
f 1260/1260/1260 1285/1285/1285 1286/1286/1286
f 1260/1260/1260 1286/1286/1286 1261/1261/1261
f 1261/1261/1261 1286/1286/1286 1287/1287/1287
f 1261/1261/1261 1287/1287/1287 1262/1262/1262
f 1262/1262/1262 1287/1287/1287 1288/1288/1288
f 1262/1262/1262 1288/1288/1288 1263/1263/1263
f 1263/1263/1263 1288/1288/1288 1289/1289/1289
f 1263/1263/1263 1289/1289/1289 1264/1264/1264
f 1264/1264/1264 1289/1289/1289 1290/1290/1290
f 1264/1264/1264 1290/1290/1290 1265/1265/1265
f 1265/1265/1265 1290/1290/1290 1291/1291/1291
f 1265/1265/1265 1291/1291/1291 1266/1266/1266
f 1266/1266/1266 1291/1291/1291 1292/1292/1292
f 1266/1266/1266 1292/1292/1292 1267/1267/1267
f 1267/1267/1267 1292/1292/1292 1293/1293/1293
f 1267/1267/1267 1293/1293/1293 1268/1268/1268
f 1268/1268/1268 1293/1293/1293 1294/1294/1294
f 1268/1268/1268 1294/1294/1294 1269/1269/1269
f 1269/1269/1269 1294/1294/1294 1295/1295/1295
f 1269/1269/1269 1295/1295/1295 1270/1270/1270
f 1270/1270/1270 1295/1295/1295 1296/1296/1296
f 1270/1270/1270 1296/1296/1296 1271/1271/1271
f 1271/1271/1271 1296/1296/1296 1297/1297/1297
f 1271/1271/1271 1297/1297/1297 1272/1272/1272
f 1272/1272/1272 1297/1297/1297 1298/1298/1298
f 1272/1272/1272 1298/1298/1298 1273/1273/1273
f 1273/1273/1273 1298/1298/1298 1299/1299/1299
f 1273/1273/1273 1299/1299/1299 1274/1274/1274
f 1274/1274/1274 1299/1299/1299 1300/1300/1300
f 1274/1274/1274 1300/1300/1300 1275/1275/1275
f 1276/1276/1276 1301/1301/1301 1302/1302/1302
f 1276/1276/1276 1302/1302/1302 1277/1277/1277
f 1277/1277/1277 1302/1302/1302 1303/1303/1303
f 1277/1277/1277 1303/1303/1303 1278/1278/1278
f 1278/1278/1278 1303/1303/1303 1304/1304/1304
f 1278/1278/1278 1304/1304/1304 1279/1279/1279
f 1279/1279/1279 1304/1304/1304 1305/1305/1305
f 1279/1279/1279 1305/1305/1305 1280/1280/1280
f 1280/1280/1280 1305/1305/1305 1306/1306/1306
f 1280/1280/1280 1306/1306/1306 1281/1281/1281
f 1281/1281/1281 1306/1306/1306 1307/1307/1307
f 1281/1281/1281 1307/1307/1307 1282/1282/1282
f 1282/1282/1282 1307/1307/1307 1308/1308/1308
f 1282/1282/1282 1308/1308/1308 1283/1283/1283
f 1283/1283/1283 1308/1308/1308 1309/1309/1309
f 1283/1283/1283 1309/1309/1309 1284/1284/1284
f 1284/1284/1284 1309/1309/1309 1310/1310/1310
f 1284/1284/1284 1310/1310/1310 1285/1285/1285
f 1285/1285/1285 1310/1310/1310 1311/1311/1311
f 1285/1285/1285 1311/1311/1311 1286/1286/1286
f 1286/1286/1286 1311/1311/1311 1312/1312/1312
f 1286/1286/1286 1312/1312/1312 1287/1287/1287
f 1287/1287/1287 1312/1312/1312 1313/1313/1313
f 1287/1287/1287 1313/1313/1313 1288/1288/1288
f 1288/1288/1288 1313/1313/1313 1314/1314/1314
f 1288/1288/1288 1314/1314/1314 1289/1289/1289
f 1289/1289/1289 1314/1314/1314 1315/1315/1315
f 1289/1289/1289 1315/1315/1315 1290/1290/1290
f 1290/1290/1290 1315/1315/1315 1316/1316/1316
f 1290/1290/1290 1316/1316/1316 1291/1291/1291
f 1291/1291/1291 1316/1316/1316 1317/1317/1317
f 1291/1291/1291 1317/1317/1317 1292/1292/1292
f 1292/1292/1292 1317/1317/1317 1318/1318/1318
f 1292/1292/1292 1318/1318/1318 1293/1293/1293
f 1293/1293/1293 1318/1318/1318 1319/1319/1319
f 1293/1293/1293 1319/1319/1319 1294/1294/1294
f 1294/1294/1294 1319/1319/1319 1320/1320/1320
f 1294/1294/1294 1320/1320/1320 1295/1295/1295
f 1295/1295/1295 1320/1320/1320 1321/1321/1321
f 1295/1295/1295 1321/1321/1321 1296/1296/1296
f 1296/1296/1296 1321/1321/1321 1322/1322/1322
f 1296/1296/1296 1322/1322/1322 1297/1297/1297
f 1297/1297/1297 1322/1322/1322 1323/1323/1323
f 1297/1297/1297 1323/1323/1323 1298/1298/1298
f 1298/1298/1298 1323/1323/1323 1324/1324/1324
f 1298/1298/1298 1324/1324/1324 1299/1299/1299
f 1299/1299/1299 1324/1324/1324 1325/1325/1325
f 1299/1299/1299 1325/1325/1325 1300/1300/1300
f 1301/1301/1301 1326/1326/1326 1327/1327/1327
f 1301/1301/1301 1327/1327/1327 1302/1302/1302
f 1302/1302/1302 1327/1327/1327 1328/1328/1328
f 1302/1302/1302 1328/1328/1328 1303/1303/1303
f 1303/1303/1303 1328/1328/1328 1329/1329/1329
f 1303/1303/1303 1329/1329/1329 1304/1304/1304
f 1304/1304/1304 1329/1329/1329 1330/1330/1330
f 1304/1304/1304 1330/1330/1330 1305/1305/1305
f 1305/1305/1305 1330/1330/1330 1331/1331/1331
f 1305/1305/1305 1331/1331/1331 1306/1306/1306
f 1306/1306/1306 1331/1331/1331 1332/1332/1332
f 1306/1306/1306 1332/1332/1332 1307/1307/1307
f 1307/1307/1307 1332/1332/1332 1333/1333/1333
f 1307/1307/1307 1333/1333/1333 1308/1308/1308
f 1308/1308/1308 1333/1333/1333 1334/1334/1334
f 1308/1308/1308 1334/1334/1334 1309/1309/1309
f 1309/1309/1309 1334/1334/1334 1335/1335/1335
f 1309/1309/1309 1335/1335/1335 1310/1310/1310
f 1310/1310/1310 1335/1335/1335 1336/1336/1336
f 1310/1310/1310 1336/1336/1336 1311/1311/1311
f 1311/1311/1311 1336/1336/1336 1337/1337/1337
f 1311/1311/1311 1337/1337/1337 1312/1312/1312
f 1312/1312/1312 1337/1337/1337 1338/1338/1338
f 1312/1312/1312 1338/1338/1338 1313/1313/1313
f 1313/1313/1313 1338/1338/1338 1339/1339/1339
f 1313/1313/1313 1339/1339/1339 1314/1314/1314
f 1314/1314/1314 1339/1339/1339 1340/1340/1340
f 1314/1314/1314 1340/1340/1340 1315/1315/1315
f 1315/1315/1315 1340/1340/1340 1341/1341/1341
f 1315/1315/1315 1341/1341/1341 1316/1316/1316
f 1316/1316/1316 1341/1341/1341 1342/1342/1342
f 1316/1316/1316 1342/1342/1342 1317/1317/1317
f 1317/1317/1317 1342/1342/1342 1343/1343/1343
f 1317/1317/1317 1343/1343/1343 1318/1318/1318
f 1318/1318/1318 1343/1343/1343 1344/1344/1344
f 1318/1318/1318 1344/1344/1344 1319/1319/1319
f 1319/1319/1319 1344/1344/1344 1345/1345/1345
f 1319/1319/1319 1345/1345/1345 1320/1320/1320
f 1320/1320/1320 1345/1345/1345 1346/1346/1346
f 1320/1320/1320 1346/1346/1346 1321/1321/1321
f 1321/1321/1321 1346/1346/1346 1347/1347/1347
f 1321/1321/1321 1347/1347/1347 1322/1322/1322
f 1322/1322/1322 1347/1347/1347 1348/1348/1348
f 1322/1322/1322 1348/1348/1348 1323/1323/1323
f 1323/1323/1323 1348/1348/1348 1349/1349/1349
f 1323/1323/1323 1349/1349/1349 1324/1324/1324
f 1324/1324/1324 1349/1349/1349 1350/1350/1350
f 1324/1324/1324 1350/1350/1350 1325/1325/1325
f 1326/1326/1326 1351/1351/1351 1352/1352/1352
f 1326/1326/1326 1352/1352/1352 1327/1327/1327
f 1327/1327/1327 1352/1352/1352 1353/1353/1353
f 1327/1327/1327 1353/1353/1353 1328/1328/1328
f 1328/1328/1328 1353/1353/1353 1354/1354/1354
f 1328/1328/1328 1354/1354/1354 1329/1329/1329
f 1329/1329/1329 1354/1354/1354 1355/1355/1355
f 1329/1329/1329 1355/1355/1355 1330/1330/1330
f 1330/1330/1330 1355/1355/1355 1356/1356/1356
f 1330/1330/1330 1356/1356/1356 1331/1331/1331
f 1331/1331/1331 1356/1356/1356 1357/1357/1357
f 1331/1331/1331 1357/1357/1357 1332/1332/1332
f 1332/1332/1332 1357/1357/1357 1358/1358/1358
f 1332/1332/1332 1358/1358/1358 1333/1333/1333
f 1333/1333/1333 1358/1358/1358 1359/1359/1359
f 1333/1333/1333 1359/1359/1359 1334/1334/1334
f 1334/1334/1334 1359/1359/1359 1360/1360/1360
f 1334/1334/1334 1360/1360/1360 1335/1335/1335
f 1335/1335/1335 1360/1360/1360 1361/1361/1361
f 1335/1335/1335 1361/1361/1361 1336/1336/1336
f 1336/1336/1336 1361/1361/1361 1362/1362/1362
f 1336/1336/1336 1362/1362/1362 1337/1337/1337
f 1337/1337/1337 1362/1362/1362 1363/1363/1363
f 1337/1337/1337 1363/1363/1363 1338/1338/1338
f 1338/1338/1338 1363/1363/1363 1364/1364/1364
f 1338/1338/1338 1364/1364/1364 1339/1339/1339
f 1339/1339/1339 1364/1364/1364 1365/1365/1365
f 1339/1339/1339 1365/1365/1365 1340/1340/1340
f 1340/1340/1340 1365/1365/1365 1366/1366/1366
f 1340/1340/1340 1366/1366/1366 1341/1341/1341
f 1341/1341/1341 1366/1366/1366 1367/1367/1367
f 1341/1341/1341 1367/1367/1367 1342/1342/1342
f 1342/1342/1342 1367/1367/1367 1368/1368/1368
f 1342/1342/1342 1368/1368/1368 1343/1343/1343
f 1343/1343/1343 1368/1368/1368 1369/1369/1369
f 1343/1343/1343 1369/1369/1369 1344/1344/1344
f 1344/1344/1344 1369/1369/1369 1370/1370/1370
f 1344/1344/1344 1370/1370/1370 1345/1345/1345
f 1345/1345/1345 1370/1370/1370 1371/1371/1371
f 1345/1345/1345 1371/1371/1371 1346/1346/1346
f 1346/1346/1346 1371/1371/1371 1372/1372/1372
f 1346/1346/1346 1372/1372/1372 1347/1347/1347
f 1347/1347/1347 1372/1372/1372 1373/1373/1373
f 1347/1347/1347 1373/1373/1373 1348/1348/1348
f 1348/1348/1348 1373/1373/1373 1374/1374/1374
f 1348/1348/1348 1374/1374/1374 1349/1349/1349
f 1349/1349/1349 1374/1374/1374 1375/1375/1375
f 1349/1349/1349 1375/1375/1375 1350/1350/1350
f 1351/1351/1351 1376/1376/1376 1377/1377/1377
f 1351/1351/1351 1377/1377/1377 1352/1352/1352
f 1352/1352/1352 1377/1377/1377 1378/1378/1378
f 1352/1352/1352 1378/1378/1378 1353/1353/1353
f 1353/1353/1353 1378/1378/1378 1379/1379/1379
f 1353/1353/1353 1379/1379/1379 1354/1354/1354
f 1354/1354/1354 1379/1379/1379 1380/1380/1380
f 1354/1354/1354 1380/1380/1380 1355/1355/1355
f 1355/1355/1355 1380/1380/1380 1381/1381/1381
f 1355/1355/1355 1381/1381/1381 1356/1356/1356
f 1356/1356/1356 1381/1381/1381 1382/1382/1382
f 1356/1356/1356 1382/1382/1382 1357/1357/1357
f 1357/1357/1357 1382/1382/1382 1383/1383/1383
f 1357/1357/1357 1383/1383/1383 1358/1358/1358
f 1358/1358/1358 1383/1383/1383 1384/1384/1384
f 1358/1358/1358 1384/1384/1384 1359/1359/1359
f 1359/1359/1359 1384/1384/1384 1385/1385/1385
f 1359/1359/1359 1385/1385/1385 1360/1360/1360
f 1360/1360/1360 1385/1385/1385 1386/1386/1386
f 1360/1360/1360 1386/1386/1386 1361/1361/1361
f 1361/1361/1361 1386/1386/1386 1387/1387/1387
f 1361/1361/1361 1387/1387/1387 1362/1362/1362
f 1362/1362/1362 1387/1387/1387 1388/1388/1388
f 1362/1362/1362 1388/1388/1388 1363/1363/1363
f 1363/1363/1363 1388/1388/1388 1389/1389/1389
f 1363/1363/1363 1389/1389/1389 1364/1364/1364
f 1364/1364/1364 1389/1389/1389 1390/1390/1390
f 1364/1364/1364 1390/1390/1390 1365/1365/1365
f 1365/1365/1365 1390/1390/1390 1391/1391/1391
f 1365/1365/1365 1391/1391/1391 1366/1366/1366
f 1366/1366/1366 1391/1391/1391 1392/1392/1392
f 1366/1366/1366 1392/1392/1392 1367/1367/1367
f 1367/1367/1367 1392/1392/1392 1393/1393/1393
f 1367/1367/1367 1393/1393/1393 1368/1368/1368
f 1368/1368/1368 1393/1393/1393 1394/1394/1394
f 1368/1368/1368 1394/1394/1394 1369/1369/1369
f 1369/1369/1369 1394/1394/1394 1395/1395/1395
f 1369/1369/1369 1395/1395/1395 1370/1370/1370
f 1370/1370/1370 1395/1395/1395 1396/1396/1396
f 1370/1370/1370 1396/1396/1396 1371/1371/1371
f 1371/1371/1371 1396/1396/1396 1397/1397/1397
f 1371/1371/1371 1397/1397/1397 1372/1372/1372
f 1372/1372/1372 1397/1397/1397 1398/1398/1398
f 1372/1372/1372 1398/1398/1398 1373/1373/1373
f 1373/1373/1373 1398/1398/1398 1399/1399/1399
f 1373/1373/1373 1399/1399/1399 1374/1374/1374
f 1374/1374/1374 1399/1399/1399 1400/1400/1400
f 1374/1374/1374 1400/1400/1400 1375/1375/1375
f 1376/1376/1376 1401/1401/1401 1402/1402/1402
f 1376/1376/1376 1402/1402/1402 1377/1377/1377
f 1377/1377/1377 1402/1402/1402 1403/1403/1403
f 1377/1377/1377 1403/1403/1403 1378/1378/1378
f 1378/1378/1378 1403/1403/1403 1404/1404/1404
f 1378/1378/1378 1404/1404/1404 1379/1379/1379
f 1379/1379/1379 1404/1404/1404 1405/1405/1405
f 1379/1379/1379 1405/1405/1405 1380/1380/1380
f 1380/1380/1380 1405/1405/1405 1406/1406/1406
f 1380/1380/1380 1406/1406/1406 1381/1381/1381
f 1381/1381/1381 1406/1406/1406 1407/1407/1407
f 1381/1381/1381 1407/1407/1407 1382/1382/1382
f 1382/1382/1382 1407/1407/1407 1408/1408/1408
f 1382/1382/1382 1408/1408/1408 1383/1383/1383
f 1383/1383/1383 1408/1408/1408 1409/1409/1409
f 1383/1383/1383 1409/1409/1409 1384/1384/1384
f 1384/1384/1384 1409/1409/1409 1410/1410/1410
f 1384/1384/1384 1410/1410/1410 1385/1385/1385
f 1385/1385/1385 1410/1410/1410 1411/1411/1411
f 1385/1385/1385 1411/1411/1411 1386/1386/1386
f 1386/1386/1386 1411/1411/1411 1412/1412/1412
f 1386/1386/1386 1412/1412/1412 1387/1387/1387
f 1387/1387/1387 1412/1412/1412 1413/1413/1413
f 1387/1387/1387 1413/1413/1413 1388/1388/1388
f 1388/1388/1388 1413/1413/1413 1414/1414/1414
f 1388/1388/1388 1414/1414/1414 1389/1389/1389
f 1389/1389/1389 1414/1414/1414 1415/1415/1415
f 1389/1389/1389 1415/1415/1415 1390/1390/1390
f 1390/1390/1390 1415/1415/1415 1416/1416/1416
f 1390/1390/1390 1416/1416/1416 1391/1391/1391
f 1391/1391/1391 1416/1416/1416 1417/1417/1417
f 1391/1391/1391 1417/1417/1417 1392/1392/1392
f 1392/1392/1392 1417/1417/1417 1418/1418/1418
f 1392/1392/1392 1418/1418/1418 1393/1393/1393
f 1393/1393/1393 1418/1418/1418 1419/1419/1419
f 1393/1393/1393 1419/1419/1419 1394/1394/1394
f 1394/1394/1394 1419/1419/1419 1420/1420/1420
f 1394/1394/1394 1420/1420/1420 1395/1395/1395
f 1395/1395/1395 1420/1420/1420 1421/1421/1421
f 1395/1395/1395 1421/1421/1421 1396/1396/1396
f 1396/1396/1396 1421/1421/1421 1422/1422/1422
f 1396/1396/1396 1422/1422/1422 1397/1397/1397
f 1397/1397/1397 1422/1422/1422 1423/1423/1423
f 1397/1397/1397 1423/1423/1423 1398/1398/1398
f 1398/1398/1398 1423/1423/1423 1424/1424/1424
f 1398/1398/1398 1424/1424/1424 1399/1399/1399
f 1399/1399/1399 1424/1424/1424 1425/1425/1425
f 1399/1399/1399 1425/1425/1425 1400/1400/1400
f 1401/1401/1401 1426/1426/1426 1427/1427/1427
f 1401/1401/1401 1427/1427/1427 1402/1402/1402
f 1402/1402/1402 1427/1427/1427 1428/1428/1428
f 1402/1402/1402 1428/1428/1428 1403/1403/1403
f 1403/1403/1403 1428/1428/1428 1429/1429/1429
f 1403/1403/1403 1429/1429/1429 1404/1404/1404
f 1404/1404/1404 1429/1429/1429 1430/1430/1430
f 1404/1404/1404 1430/1430/1430 1405/1405/1405
f 1405/1405/1405 1430/1430/1430 1431/1431/1431
f 1405/1405/1405 1431/1431/1431 1406/1406/1406
f 1406/1406/1406 1431/1431/1431 1432/1432/1432
f 1406/1406/1406 1432/1432/1432 1407/1407/1407
f 1407/1407/1407 1432/1432/1432 1433/1433/1433
f 1407/1407/1407 1433/1433/1433 1408/1408/1408
f 1408/1408/1408 1433/1433/1433 1434/1434/1434
f 1408/1408/1408 1434/1434/1434 1409/1409/1409
f 1409/1409/1409 1434/1434/1434 1435/1435/1435
f 1409/1409/1409 1435/1435/1435 1410/1410/1410
f 1410/1410/1410 1435/1435/1435 1436/1436/1436
f 1410/1410/1410 1436/1436/1436 1411/1411/1411
f 1411/1411/1411 1436/1436/1436 1437/1437/1437
f 1411/1411/1411 1437/1437/1437 1412/1412/1412
f 1412/1412/1412 1437/1437/1437 1438/1438/1438
f 1412/1412/1412 1438/1438/1438 1413/1413/1413
f 1413/1413/1413 1438/1438/1438 1439/1439/1439
f 1413/1413/1413 1439/1439/1439 1414/1414/1414
f 1414/1414/1414 1439/1439/1439 1440/1440/1440
f 1414/1414/1414 1440/1440/1440 1415/1415/1415
f 1415/1415/1415 1440/1440/1440 1441/1441/1441
f 1415/1415/1415 1441/1441/1441 1416/1416/1416
f 1416/1416/1416 1441/1441/1441 1442/1442/1442
f 1416/1416/1416 1442/1442/1442 1417/1417/1417
f 1417/1417/1417 1442/1442/1442 1443/1443/1443
f 1417/1417/1417 1443/1443/1443 1418/1418/1418
f 1418/1418/1418 1443/1443/1443 1444/1444/1444
f 1418/1418/1418 1444/1444/1444 1419/1419/1419
f 1419/1419/1419 1444/1444/1444 1445/1445/1445
f 1419/1419/1419 1445/1445/1445 1420/1420/1420
f 1420/1420/1420 1445/1445/1445 1446/1446/1446
f 1420/1420/1420 1446/1446/1446 1421/1421/1421
f 1421/1421/1421 1446/1446/1446 1447/1447/1447
f 1421/1421/1421 1447/1447/1447 1422/1422/1422
f 1422/1422/1422 1447/1447/1447 1448/1448/1448
f 1422/1422/1422 1448/1448/1448 1423/1423/1423
f 1423/1423/1423 1448/1448/1448 1449/1449/1449
f 1423/1423/1423 1449/1449/1449 1424/1424/1424
f 1424/1424/1424 1449/1449/1449 1450/1450/1450
f 1424/1424/1424 1450/1450/1450 1425/1425/1425
f 1426/1426/1426 1451/1451/1451 1452/1452/1452
f 1426/1426/1426 1452/1452/1452 1427/1427/1427
f 1427/1427/1427 1452/1452/1452 1453/1453/1453
f 1427/1427/1427 1453/1453/1453 1428/1428/1428
f 1428/1428/1428 1453/1453/1453 1454/1454/1454
f 1428/1428/1428 1454/1454/1454 1429/1429/1429
f 1429/1429/1429 1454/1454/1454 1455/1455/1455
f 1429/1429/1429 1455/1455/1455 1430/1430/1430
f 1430/1430/1430 1455/1455/1455 1456/1456/1456
f 1430/1430/1430 1456/1456/1456 1431/1431/1431
f 1431/1431/1431 1456/1456/1456 1457/1457/1457
f 1431/1431/1431 1457/1457/1457 1432/1432/1432
f 1432/1432/1432 1457/1457/1457 1458/1458/1458
f 1432/1432/1432 1458/1458/1458 1433/1433/1433
f 1433/1433/1433 1458/1458/1458 1459/1459/1459
f 1433/1433/1433 1459/1459/1459 1434/1434/1434
f 1434/1434/1434 1459/1459/1459 1460/1460/1460
f 1434/1434/1434 1460/1460/1460 1435/1435/1435
f 1435/1435/1435 1460/1460/1460 1461/1461/1461
f 1435/1435/1435 1461/1461/1461 1436/1436/1436
f 1436/1436/1436 1461/1461/1461 1462/1462/1462
f 1436/1436/1436 1462/1462/1462 1437/1437/1437
f 1437/1437/1437 1462/1462/1462 1463/1463/1463
f 1437/1437/1437 1463/1463/1463 1438/1438/1438
f 1438/1438/1438 1463/1463/1463 1464/1464/1464
f 1438/1438/1438 1464/1464/1464 1439/1439/1439
f 1439/1439/1439 1464/1464/1464 1465/1465/1465
f 1439/1439/1439 1465/1465/1465 1440/1440/1440
f 1440/1440/1440 1465/1465/1465 1466/1466/1466
f 1440/1440/1440 1466/1466/1466 1441/1441/1441
f 1441/1441/1441 1466/1466/1466 1467/1467/1467
f 1441/1441/1441 1467/1467/1467 1442/1442/1442
f 1442/1442/1442 1467/1467/1467 1468/1468/1468
f 1442/1442/1442 1468/1468/1468 1443/1443/1443
f 1443/1443/1443 1468/1468/1468 1469/1469/1469
f 1443/1443/1443 1469/1469/1469 1444/1444/1444
f 1444/1444/1444 1469/1469/1469 1470/1470/1470
f 1444/1444/1444 1470/1470/1470 1445/1445/1445
f 1445/1445/1445 1470/1470/1470 1471/1471/1471
f 1445/1445/1445 1471/1471/1471 1446/1446/1446
f 1446/1446/1446 1471/1471/1471 1472/1472/1472
f 1446/1446/1446 1472/1472/1472 1447/1447/1447
f 1447/1447/1447 1472/1472/1472 1473/1473/1473
f 1447/1447/1447 1473/1473/1473 1448/1448/1448
f 1448/1448/1448 1473/1473/1473 1474/1474/1474
f 1448/1448/1448 1474/1474/1474 1449/1449/1449
f 1449/1449/1449 1474/1474/1474 1475/1475/1475
f 1449/1449/1449 1475/1475/1475 1450/1450/1450
f 1451/1451/1451 1476/1476/1476 1477/1477/1477
f 1451/1451/1451 1477/1477/1477 1452/1452/1452
f 1452/1452/1452 1477/1477/1477 1478/1478/1478
f 1452/1452/1452 1478/1478/1478 1453/1453/1453
f 1453/1453/1453 1478/1478/1478 1479/1479/1479
f 1453/1453/1453 1479/1479/1479 1454/1454/1454
f 1454/1454/1454 1479/1479/1479 1480/1480/1480
f 1454/1454/1454 1480/1480/1480 1455/1455/1455
f 1455/1455/1455 1480/1480/1480 1481/1481/1481
f 1455/1455/1455 1481/1481/1481 1456/1456/1456
f 1456/1456/1456 1481/1481/1481 1482/1482/1482
f 1456/1456/1456 1482/1482/1482 1457/1457/1457
f 1457/1457/1457 1482/1482/1482 1483/1483/1483
f 1457/1457/1457 1483/1483/1483 1458/1458/1458
f 1458/1458/1458 1483/1483/1483 1484/1484/1484
f 1458/1458/1458 1484/1484/1484 1459/1459/1459
f 1459/1459/1459 1484/1484/1484 1485/1485/1485
f 1459/1459/1459 1485/1485/1485 1460/1460/1460
f 1460/1460/1460 1485/1485/1485 1486/1486/1486
f 1460/1460/1460 1486/1486/1486 1461/1461/1461
f 1461/1461/1461 1486/1486/1486 1487/1487/1487
f 1461/1461/1461 1487/1487/1487 1462/1462/1462
f 1462/1462/1462 1487/1487/1487 1488/1488/1488
f 1462/1462/1462 1488/1488/1488 1463/1463/1463
f 1463/1463/1463 1488/1488/1488 1489/1489/1489
f 1463/1463/1463 1489/1489/1489 1464/1464/1464
f 1464/1464/1464 1489/1489/1489 1490/1490/1490
f 1464/1464/1464 1490/1490/1490 1465/1465/1465
f 1465/1465/1465 1490/1490/1490 1491/1491/1491
f 1465/1465/1465 1491/1491/1491 1466/1466/1466
f 1466/1466/1466 1491/1491/1491 1492/1492/1492
f 1466/1466/1466 1492/1492/1492 1467/1467/1467
f 1467/1467/1467 1492/1492/1492 1493/1493/1493
f 1467/1467/1467 1493/1493/1493 1468/1468/1468
f 1468/1468/1468 1493/1493/1493 1494/1494/1494
f 1468/1468/1468 1494/1494/1494 1469/1469/1469
f 1469/1469/1469 1494/1494/1494 1495/1495/1495
f 1469/1469/1469 1495/1495/1495 1470/1470/1470
f 1470/1470/1470 1495/1495/1495 1496/1496/1496
f 1470/1470/1470 1496/1496/1496 1471/1471/1471
f 1471/1471/1471 1496/1496/1496 1497/1497/1497
f 1471/1471/1471 1497/1497/1497 1472/1472/1472
f 1472/1472/1472 1497/1497/1497 1498/1498/1498
f 1472/1472/1472 1498/1498/1498 1473/1473/1473
f 1473/1473/1473 1498/1498/1498 1499/1499/1499
f 1473/1473/1473 1499/1499/1499 1474/1474/1474
f 1474/1474/1474 1499/1499/1499 1500/1500/1500
f 1474/1474/1474 1500/1500/1500 1475/1475/1475
f 1476/1476/1476 1501/1501/1501 1502/1502/1502
f 1476/1476/1476 1502/1502/1502 1477/1477/1477
f 1477/1477/1477 1502/1502/1502 1503/1503/1503
f 1477/1477/1477 1503/1503/1503 1478/1478/1478
f 1478/1478/1478 1503/1503/1503 1504/1504/1504
f 1478/1478/1478 1504/1504/1504 1479/1479/1479
f 1479/1479/1479 1504/1504/1504 1505/1505/1505
f 1479/1479/1479 1505/1505/1505 1480/1480/1480
f 1480/1480/1480 1505/1505/1505 1506/1506/1506
f 1480/1480/1480 1506/1506/1506 1481/1481/1481
f 1481/1481/1481 1506/1506/1506 1507/1507/1507
f 1481/1481/1481 1507/1507/1507 1482/1482/1482
f 1482/1482/1482 1507/1507/1507 1508/1508/1508
f 1482/1482/1482 1508/1508/1508 1483/1483/1483
f 1483/1483/1483 1508/1508/1508 1509/1509/1509
f 1483/1483/1483 1509/1509/1509 1484/1484/1484
f 1484/1484/1484 1509/1509/1509 1510/1510/1510
f 1484/1484/1484 1510/1510/1510 1485/1485/1485
f 1485/1485/1485 1510/1510/1510 1511/1511/1511
f 1485/1485/1485 1511/1511/1511 1486/1486/1486
f 1486/1486/1486 1511/1511/1511 1512/1512/1512
f 1486/1486/1486 1512/1512/1512 1487/1487/1487
f 1487/1487/1487 1512/1512/1512 1513/1513/1513
f 1487/1487/1487 1513/1513/1513 1488/1488/1488
f 1488/1488/1488 1513/1513/1513 1514/1514/1514
f 1488/1488/1488 1514/1514/1514 1489/1489/1489
f 1489/1489/1489 1514/1514/1514 1515/1515/1515
f 1489/1489/1489 1515/1515/1515 1490/1490/1490
f 1490/1490/1490 1515/1515/1515 1516/1516/1516
f 1490/1490/1490 1516/1516/1516 1491/1491/1491
f 1491/1491/1491 1516/1516/1516 1517/1517/1517
f 1491/1491/1491 1517/1517/1517 1492/1492/1492
f 1492/1492/1492 1517/1517/1517 1518/1518/1518
f 1492/1492/1492 1518/1518/1518 1493/1493/1493
f 1493/1493/1493 1518/1518/1518 1519/1519/1519
f 1493/1493/1493 1519/1519/1519 1494/1494/1494
f 1494/1494/1494 1519/1519/1519 1520/1520/1520
f 1494/1494/1494 1520/1520/1520 1495/1495/1495
f 1495/1495/1495 1520/1520/1520 1521/1521/1521
f 1495/1495/1495 1521/1521/1521 1496/1496/1496
f 1496/1496/1496 1521/1521/1521 1522/1522/1522
f 1496/1496/1496 1522/1522/1522 1497/1497/1497
f 1497/1497/1497 1522/1522/1522 1523/1523/1523
f 1497/1497/1497 1523/1523/1523 1498/1498/1498
f 1498/1498/1498 1523/1523/1523 1524/1524/1524
f 1498/1498/1498 1524/1524/1524 1499/1499/1499
f 1499/1499/1499 1524/1524/1524 1525/1525/1525
f 1499/1499/1499 1525/1525/1525 1500/1500/1500
f 1501/1501/1501 1526/1526/1526 1527/1527/1527
f 1501/1501/1501 1527/1527/1527 1502/1502/1502
f 1502/1502/1502 1527/1527/1527 1528/1528/1528
f 1502/1502/1502 1528/1528/1528 1503/1503/1503
f 1503/1503/1503 1528/1528/1528 1529/1529/1529
f 1503/1503/1503 1529/1529/1529 1504/1504/1504
f 1504/1504/1504 1529/1529/1529 1530/1530/1530
f 1504/1504/1504 1530/1530/1530 1505/1505/1505
f 1505/1505/1505 1530/1530/1530 1531/1531/1531
f 1505/1505/1505 1531/1531/1531 1506/1506/1506
f 1506/1506/1506 1531/1531/1531 1532/1532/1532
f 1506/1506/1506 1532/1532/1532 1507/1507/1507
f 1507/1507/1507 1532/1532/1532 1533/1533/1533
f 1507/1507/1507 1533/1533/1533 1508/1508/1508
f 1508/1508/1508 1533/1533/1533 1534/1534/1534
f 1508/1508/1508 1534/1534/1534 1509/1509/1509
f 1509/1509/1509 1534/1534/1534 1535/1535/1535
f 1509/1509/1509 1535/1535/1535 1510/1510/1510
f 1510/1510/1510 1535/1535/1535 1536/1536/1536
f 1510/1510/1510 1536/1536/1536 1511/1511/1511
f 1511/1511/1511 1536/1536/1536 1537/1537/1537
f 1511/1511/1511 1537/1537/1537 1512/1512/1512
f 1512/1512/1512 1537/1537/1537 1538/1538/1538
f 1512/1512/1512 1538/1538/1538 1513/1513/1513
f 1513/1513/1513 1538/1538/1538 1539/1539/1539
f 1513/1513/1513 1539/1539/1539 1514/1514/1514
f 1514/1514/1514 1539/1539/1539 1540/1540/1540
f 1514/1514/1514 1540/1540/1540 1515/1515/1515
f 1515/1515/1515 1540/1540/1540 1541/1541/1541
f 1515/1515/1515 1541/1541/1541 1516/1516/1516
f 1516/1516/1516 1541/1541/1541 1542/1542/1542
f 1516/1516/1516 1542/1542/1542 1517/1517/1517
f 1517/1517/1517 1542/1542/1542 1543/1543/1543
f 1517/1517/1517 1543/1543/1543 1518/1518/1518
f 1518/1518/1518 1543/1543/1543 1544/1544/1544
f 1518/1518/1518 1544/1544/1544 1519/1519/1519
f 1519/1519/1519 1544/1544/1544 1545/1545/1545
f 1519/1519/1519 1545/1545/1545 1520/1520/1520
f 1520/1520/1520 1545/1545/1545 1546/1546/1546
f 1520/1520/1520 1546/1546/1546 1521/1521/1521
f 1521/1521/1521 1546/1546/1546 1547/1547/1547
f 1521/1521/1521 1547/1547/1547 1522/1522/1522
f 1522/1522/1522 1547/1547/1547 1548/1548/1548
f 1522/1522/1522 1548/1548/1548 1523/1523/1523
f 1523/1523/1523 1548/1548/1548 1549/1549/1549
f 1523/1523/1523 1549/1549/1549 1524/1524/1524
f 1524/1524/1524 1549/1549/1549 1550/1550/1550
f 1524/1524/1524 1550/1550/1550 1525/1525/1525
f 1526/1526/1526 1551/1551/1551 1552/1552/1552
f 1526/1526/1526 1552/1552/1552 1527/1527/1527
f 1527/1527/1527 1552/1552/1552 1553/1553/1553
f 1527/1527/1527 1553/1553/1553 1528/1528/1528
f 1528/1528/1528 1553/1553/1553 1554/1554/1554
f 1528/1528/1528 1554/1554/1554 1529/1529/1529
f 1529/1529/1529 1554/1554/1554 1555/1555/1555
f 1529/1529/1529 1555/1555/1555 1530/1530/1530
f 1530/1530/1530 1555/1555/1555 1556/1556/1556
f 1530/1530/1530 1556/1556/1556 1531/1531/1531
f 1531/1531/1531 1556/1556/1556 1557/1557/1557
f 1531/1531/1531 1557/1557/1557 1532/1532/1532
f 1532/1532/1532 1557/1557/1557 1558/1558/1558
f 1532/1532/1532 1558/1558/1558 1533/1533/1533
f 1533/1533/1533 1558/1558/1558 1559/1559/1559
f 1533/1533/1533 1559/1559/1559 1534/1534/1534
f 1534/1534/1534 1559/1559/1559 1560/1560/1560
f 1534/1534/1534 1560/1560/1560 1535/1535/1535
f 1535/1535/1535 1560/1560/1560 1561/1561/1561
f 1535/1535/1535 1561/1561/1561 1536/1536/1536
f 1536/1536/1536 1561/1561/1561 1562/1562/1562
f 1536/1536/1536 1562/1562/1562 1537/1537/1537
f 1537/1537/1537 1562/1562/1562 1563/1563/1563
f 1537/1537/1537 1563/1563/1563 1538/1538/1538
f 1538/1538/1538 1563/1563/1563 1564/1564/1564
f 1538/1538/1538 1564/1564/1564 1539/1539/1539
f 1539/1539/1539 1564/1564/1564 1565/1565/1565
f 1539/1539/1539 1565/1565/1565 1540/1540/1540
f 1540/1540/1540 1565/1565/1565 1566/1566/1566
f 1540/1540/1540 1566/1566/1566 1541/1541/1541
f 1541/1541/1541 1566/1566/1566 1567/1567/1567
f 1541/1541/1541 1567/1567/1567 1542/1542/1542
f 1542/1542/1542 1567/1567/1567 1568/1568/1568
f 1542/1542/1542 1568/1568/1568 1543/1543/1543
f 1543/1543/1543 1568/1568/1568 1569/1569/1569
f 1543/1543/1543 1569/1569/1569 1544/1544/1544
f 1544/1544/1544 1569/1569/1569 1570/1570/1570
f 1544/1544/1544 1570/1570/1570 1545/1545/1545
f 1545/1545/1545 1570/1570/1570 1571/1571/1571
f 1545/1545/1545 1571/1571/1571 1546/1546/1546
f 1546/1546/1546 1571/1571/1571 1572/1572/1572
f 1546/1546/1546 1572/1572/1572 1547/1547/1547
f 1547/1547/1547 1572/1572/1572 1573/1573/1573
f 1547/1547/1547 1573/1573/1573 1548/1548/1548
f 1548/1548/1548 1573/1573/1573 1574/1574/1574
f 1548/1548/1548 1574/1574/1574 1549/1549/1549
f 1549/1549/1549 1574/1574/1574 1575/1575/1575
f 1549/1549/1549 1575/1575/1575 1550/1550/1550
f 1551/1551/1551 1576/1576/1576 1577/1577/1577
f 1551/1551/1551 1577/1577/1577 1552/1552/1552
f 1552/1552/1552 1577/1577/1577 1578/1578/1578
f 1552/1552/1552 1578/1578/1578 1553/1553/1553
f 1553/1553/1553 1578/1578/1578 1579/1579/1579
f 1553/1553/1553 1579/1579/1579 1554/1554/1554
f 1554/1554/1554 1579/1579/1579 1580/1580/1580
f 1554/1554/1554 1580/1580/1580 1555/1555/1555
f 1555/1555/1555 1580/1580/1580 1581/1581/1581
f 1555/1555/1555 1581/1581/1581 1556/1556/1556
f 1556/1556/1556 1581/1581/1581 1582/1582/1582
f 1556/1556/1556 1582/1582/1582 1557/1557/1557
f 1557/1557/1557 1582/1582/1582 1583/1583/1583
f 1557/1557/1557 1583/1583/1583 1558/1558/1558
f 1558/1558/1558 1583/1583/1583 1584/1584/1584
f 1558/1558/1558 1584/1584/1584 1559/1559/1559
f 1559/1559/1559 1584/1584/1584 1585/1585/1585
f 1559/1559/1559 1585/1585/1585 1560/1560/1560
f 1560/1560/1560 1585/1585/1585 1586/1586/1586
f 1560/1560/1560 1586/1586/1586 1561/1561/1561
f 1561/1561/1561 1586/1586/1586 1587/1587/1587
f 1561/1561/1561 1587/1587/1587 1562/1562/1562
f 1562/1562/1562 1587/1587/1587 1588/1588/1588
f 1562/1562/1562 1588/1588/1588 1563/1563/1563
f 1563/1563/1563 1588/1588/1588 1589/1589/1589
f 1563/1563/1563 1589/1589/1589 1564/1564/1564
f 1564/1564/1564 1589/1589/1589 1590/1590/1590
f 1564/1564/1564 1590/1590/1590 1565/1565/1565
f 1565/1565/1565 1590/1590/1590 1591/1591/1591
f 1565/1565/1565 1591/1591/1591 1566/1566/1566
f 1566/1566/1566 1591/1591/1591 1592/1592/1592
f 1566/1566/1566 1592/1592/1592 1567/1567/1567
f 1567/1567/1567 1592/1592/1592 1593/1593/1593
f 1567/1567/1567 1593/1593/1593 1568/1568/1568
f 1568/1568/1568 1593/1593/1593 1594/1594/1594
f 1568/1568/1568 1594/1594/1594 1569/1569/1569
f 1569/1569/1569 1594/1594/1594 1595/1595/1595
f 1569/1569/1569 1595/1595/1595 1570/1570/1570
f 1570/1570/1570 1595/1595/1595 1596/1596/1596
f 1570/1570/1570 1596/1596/1596 1571/1571/1571
f 1571/1571/1571 1596/1596/1596 1597/1597/1597
f 1571/1571/1571 1597/1597/1597 1572/1572/1572
f 1572/1572/1572 1597/1597/1597 1598/1598/1598
f 1572/1572/1572 1598/1598/1598 1573/1573/1573
f 1573/1573/1573 1598/1598/1598 1599/1599/1599
f 1573/1573/1573 1599/1599/1599 1574/1574/1574
f 1574/1574/1574 1599/1599/1599 1600/1600/1600
f 1574/1574/1574 1600/1600/1600 1575/1575/1575
f 1576/1576/1576 1601/1601/1601 1602/1602/1602
f 1576/1576/1576 1602/1602/1602 1577/1577/1577
f 1577/1577/1577 1602/1602/1602 1603/1603/1603
f 1577/1577/1577 1603/1603/1603 1578/1578/1578
f 1578/1578/1578 1603/1603/1603 1604/1604/1604
f 1578/1578/1578 1604/1604/1604 1579/1579/1579
f 1579/1579/1579 1604/1604/1604 1605/1605/1605
f 1579/1579/1579 1605/1605/1605 1580/1580/1580
f 1580/1580/1580 1605/1605/1605 1606/1606/1606
f 1580/1580/1580 1606/1606/1606 1581/1581/1581
f 1581/1581/1581 1606/1606/1606 1607/1607/1607
f 1581/1581/1581 1607/1607/1607 1582/1582/1582
f 1582/1582/1582 1607/1607/1607 1608/1608/1608
f 1582/1582/1582 1608/1608/1608 1583/1583/1583
f 1583/1583/1583 1608/1608/1608 1609/1609/1609
f 1583/1583/1583 1609/1609/1609 1584/1584/1584
f 1584/1584/1584 1609/1609/1609 1610/1610/1610
f 1584/1584/1584 1610/1610/1610 1585/1585/1585
f 1585/1585/1585 1610/1610/1610 1611/1611/1611
f 1585/1585/1585 1611/1611/1611 1586/1586/1586
f 1586/1586/1586 1611/1611/1611 1612/1612/1612
f 1586/1586/1586 1612/1612/1612 1587/1587/1587
f 1587/1587/1587 1612/1612/1612 1613/1613/1613
f 1587/1587/1587 1613/1613/1613 1588/1588/1588
f 1588/1588/1588 1613/1613/1613 1614/1614/1614
f 1588/1588/1588 1614/1614/1614 1589/1589/1589
f 1589/1589/1589 1614/1614/1614 1615/1615/1615
f 1589/1589/1589 1615/1615/1615 1590/1590/1590
f 1590/1590/1590 1615/1615/1615 1616/1616/1616
f 1590/1590/1590 1616/1616/1616 1591/1591/1591
f 1591/1591/1591 1616/1616/1616 1617/1617/1617
f 1591/1591/1591 1617/1617/1617 1592/1592/1592
f 1592/1592/1592 1617/1617/1617 1618/1618/1618
f 1592/1592/1592 1618/1618/1618 1593/1593/1593
f 1593/1593/1593 1618/1618/1618 1619/1619/1619
f 1593/1593/1593 1619/1619/1619 1594/1594/1594
f 1594/1594/1594 1619/1619/1619 1620/1620/1620
f 1594/1594/1594 1620/1620/1620 1595/1595/1595
f 1595/1595/1595 1620/1620/1620 1621/1621/1621
f 1595/1595/1595 1621/1621/1621 1596/1596/1596
f 1596/1596/1596 1621/1621/1621 1622/1622/1622
f 1596/1596/1596 1622/1622/1622 1597/1597/1597
f 1597/1597/1597 1622/1622/1622 1623/1623/1623
f 1597/1597/1597 1623/1623/1623 1598/1598/1598
f 1598/1598/1598 1623/1623/1623 1624/1624/1624
f 1598/1598/1598 1624/1624/1624 1599/1599/1599
f 1599/1599/1599 1624/1624/1624 1625/1625/1625
f 1599/1599/1599 1625/1625/1625 1600/1600/1600
f 1601/1601/1601 1626/1626/1626 1627/1627/1627
f 1601/1601/1601 1627/1627/1627 1602/1602/1602
f 1602/1602/1602 1627/1627/1627 1628/1628/1628
f 1602/1602/1602 1628/1628/1628 1603/1603/1603
f 1603/1603/1603 1628/1628/1628 1629/1629/1629
f 1603/1603/1603 1629/1629/1629 1604/1604/1604
f 1604/1604/1604 1629/1629/1629 1630/1630/1630
f 1604/1604/1604 1630/1630/1630 1605/1605/1605
f 1605/1605/1605 1630/1630/1630 1631/1631/1631
f 1605/1605/1605 1631/1631/1631 1606/1606/1606
f 1606/1606/1606 1631/1631/1631 1632/1632/1632
f 1606/1606/1606 1632/1632/1632 1607/1607/1607
f 1607/1607/1607 1632/1632/1632 1633/1633/1633
f 1607/1607/1607 1633/1633/1633 1608/1608/1608
f 1608/1608/1608 1633/1633/1633 1634/1634/1634
f 1608/1608/1608 1634/1634/1634 1609/1609/1609
f 1609/1609/1609 1634/1634/1634 1635/1635/1635
f 1609/1609/1609 1635/1635/1635 1610/1610/1610
f 1610/1610/1610 1635/1635/1635 1636/1636/1636
f 1610/1610/1610 1636/1636/1636 1611/1611/1611
f 1611/1611/1611 1636/1636/1636 1637/1637/1637
f 1611/1611/1611 1637/1637/1637 1612/1612/1612
f 1612/1612/1612 1637/1637/1637 1638/1638/1638
f 1612/1612/1612 1638/1638/1638 1613/1613/1613
f 1613/1613/1613 1638/1638/1638 1639/1639/1639
f 1613/1613/1613 1639/1639/1639 1614/1614/1614
f 1614/1614/1614 1639/1639/1639 1640/1640/1640
f 1614/1614/1614 1640/1640/1640 1615/1615/1615
f 1615/1615/1615 1640/1640/1640 1641/1641/1641
f 1615/1615/1615 1641/1641/1641 1616/1616/1616
f 1616/1616/1616 1641/1641/1641 1642/1642/1642
f 1616/1616/1616 1642/1642/1642 1617/1617/1617
f 1617/1617/1617 1642/1642/1642 1643/1643/1643
f 1617/1617/1617 1643/1643/1643 1618/1618/1618
f 1618/1618/1618 1643/1643/1643 1644/1644/1644
f 1618/1618/1618 1644/1644/1644 1619/1619/1619
f 1619/1619/1619 1644/1644/1644 1645/1645/1645
f 1619/1619/1619 1645/1645/1645 1620/1620/1620
f 1620/1620/1620 1645/1645/1645 1646/1646/1646
f 1620/1620/1620 1646/1646/1646 1621/1621/1621
f 1621/1621/1621 1646/1646/1646 1647/1647/1647
f 1621/1621/1621 1647/1647/1647 1622/1622/1622
f 1622/1622/1622 1647/1647/1647 1648/1648/1648
f 1622/1622/1622 1648/1648/1648 1623/1623/1623
f 1623/1623/1623 1648/1648/1648 1649/1649/1649
f 1623/1623/1623 1649/1649/1649 1624/1624/1624
f 1624/1624/1624 1649/1649/1649 1650/1650/1650
f 1624/1624/1624 1650/1650/1650 1625/1625/1625
f 1626/1626/1626 1651/1651/1651 1652/1652/1652
f 1626/1626/1626 1652/1652/1652 1627/1627/1627
f 1627/1627/1627 1652/1652/1652 1653/1653/1653
f 1627/1627/1627 1653/1653/1653 1628/1628/1628
f 1628/1628/1628 1653/1653/1653 1654/1654/1654
f 1628/1628/1628 1654/1654/1654 1629/1629/1629
f 1629/1629/1629 1654/1654/1654 1655/1655/1655
f 1629/1629/1629 1655/1655/1655 1630/1630/1630
f 1630/1630/1630 1655/1655/1655 1656/1656/1656
f 1630/1630/1630 1656/1656/1656 1631/1631/1631
f 1631/1631/1631 1656/1656/1656 1657/1657/1657
f 1631/1631/1631 1657/1657/1657 1632/1632/1632
f 1632/1632/1632 1657/1657/1657 1658/1658/1658
f 1632/1632/1632 1658/1658/1658 1633/1633/1633
f 1633/1633/1633 1658/1658/1658 1659/1659/1659
f 1633/1633/1633 1659/1659/1659 1634/1634/1634
f 1634/1634/1634 1659/1659/1659 1660/1660/1660
f 1634/1634/1634 1660/1660/1660 1635/1635/1635
f 1635/1635/1635 1660/1660/1660 1661/1661/1661
f 1635/1635/1635 1661/1661/1661 1636/1636/1636
f 1636/1636/1636 1661/1661/1661 1662/1662/1662
f 1636/1636/1636 1662/1662/1662 1637/1637/1637
f 1637/1637/1637 1662/1662/1662 1663/1663/1663
f 1637/1637/1637 1663/1663/1663 1638/1638/1638
f 1638/1638/1638 1663/1663/1663 1664/1664/1664
f 1638/1638/1638 1664/1664/1664 1639/1639/1639
f 1639/1639/1639 1664/1664/1664 1665/1665/1665
f 1639/1639/1639 1665/1665/1665 1640/1640/1640
f 1640/1640/1640 1665/1665/1665 1666/1666/1666
f 1640/1640/1640 1666/1666/1666 1641/1641/1641
f 1641/1641/1641 1666/1666/1666 1667/1667/1667
f 1641/1641/1641 1667/1667/1667 1642/1642/1642
f 1642/1642/1642 1667/1667/1667 1668/1668/1668
f 1642/1642/1642 1668/1668/1668 1643/1643/1643
f 1643/1643/1643 1668/1668/1668 1669/1669/1669
f 1643/1643/1643 1669/1669/1669 1644/1644/1644
f 1644/1644/1644 1669/1669/1669 1670/1670/1670
f 1644/1644/1644 1670/1670/1670 1645/1645/1645
f 1645/1645/1645 1670/1670/1670 1671/1671/1671
f 1645/1645/1645 1671/1671/1671 1646/1646/1646
f 1646/1646/1646 1671/1671/1671 1672/1672/1672
f 1646/1646/1646 1672/1672/1672 1647/1647/1647
f 1647/1647/1647 1672/1672/1672 1673/1673/1673
f 1647/1647/1647 1673/1673/1673 1648/1648/1648
f 1648/1648/1648 1673/1673/1673 1674/1674/1674
f 1648/1648/1648 1674/1674/1674 1649/1649/1649
f 1649/1649/1649 1674/1674/1674 1675/1675/1675
f 1649/1649/1649 1675/1675/1675 1650/1650/1650
f 1651/1651/1651 1676/1676/1676 1677/1677/1677
f 1651/1651/1651 1677/1677/1677 1652/1652/1652
f 1652/1652/1652 1677/1677/1677 1678/1678/1678
f 1652/1652/1652 1678/1678/1678 1653/1653/1653
f 1653/1653/1653 1678/1678/1678 1679/1679/1679
f 1653/1653/1653 1679/1679/1679 1654/1654/1654
f 1654/1654/1654 1679/1679/1679 1680/1680/1680
f 1654/1654/1654 1680/1680/1680 1655/1655/1655
f 1655/1655/1655 1680/1680/1680 1681/1681/1681
f 1655/1655/1655 1681/1681/1681 1656/1656/1656
f 1656/1656/1656 1681/1681/1681 1682/1682/1682
f 1656/1656/1656 1682/1682/1682 1657/1657/1657
f 1657/1657/1657 1682/1682/1682 1683/1683/1683
f 1657/1657/1657 1683/1683/1683 1658/1658/1658
f 1658/1658/1658 1683/1683/1683 1684/1684/1684
f 1658/1658/1658 1684/1684/1684 1659/1659/1659
f 1659/1659/1659 1684/1684/1684 1685/1685/1685
f 1659/1659/1659 1685/1685/1685 1660/1660/1660
f 1660/1660/1660 1685/1685/1685 1686/1686/1686
f 1660/1660/1660 1686/1686/1686 1661/1661/1661
f 1661/1661/1661 1686/1686/1686 1687/1687/1687
f 1661/1661/1661 1687/1687/1687 1662/1662/1662
f 1662/1662/1662 1687/1687/1687 1688/1688/1688
f 1662/1662/1662 1688/1688/1688 1663/1663/1663
f 1663/1663/1663 1688/1688/1688 1689/1689/1689
f 1663/1663/1663 1689/1689/1689 1664/1664/1664
f 1664/1664/1664 1689/1689/1689 1690/1690/1690
f 1664/1664/1664 1690/1690/1690 1665/1665/1665
f 1665/1665/1665 1690/1690/1690 1691/1691/1691
f 1665/1665/1665 1691/1691/1691 1666/1666/1666
f 1666/1666/1666 1691/1691/1691 1692/1692/1692
f 1666/1666/1666 1692/1692/1692 1667/1667/1667
f 1667/1667/1667 1692/1692/1692 1693/1693/1693
f 1667/1667/1667 1693/1693/1693 1668/1668/1668
f 1668/1668/1668 1693/1693/1693 1694/1694/1694
f 1668/1668/1668 1694/1694/1694 1669/1669/1669
f 1669/1669/1669 1694/1694/1694 1695/1695/1695
f 1669/1669/1669 1695/1695/1695 1670/1670/1670
f 1670/1670/1670 1695/1695/1695 1696/1696/1696
f 1670/1670/1670 1696/1696/1696 1671/1671/1671
f 1671/1671/1671 1696/1696/1696 1697/1697/1697
f 1671/1671/1671 1697/1697/1697 1672/1672/1672
f 1672/1672/1672 1697/1697/1697 1698/1698/1698
f 1672/1672/1672 1698/1698/1698 1673/1673/1673
f 1673/1673/1673 1698/1698/1698 1699/1699/1699
f 1673/1673/1673 1699/1699/1699 1674/1674/1674
f 1674/1674/1674 1699/1699/1699 1700/1700/1700
f 1674/1674/1674 1700/1700/1700 1675/1675/1675
f 1676/1676/1676 1701/1701/1701 1702/1702/1702
f 1676/1676/1676 1702/1702/1702 1677/1677/1677
f 1677/1677/1677 1702/1702/1702 1703/1703/1703
f 1677/1677/1677 1703/1703/1703 1678/1678/1678
f 1678/1678/1678 1703/1703/1703 1704/1704/1704
f 1678/1678/1678 1704/1704/1704 1679/1679/1679
f 1679/1679/1679 1704/1704/1704 1705/1705/1705
f 1679/1679/1679 1705/1705/1705 1680/1680/1680
f 1680/1680/1680 1705/1705/1705 1706/1706/1706
f 1680/1680/1680 1706/1706/1706 1681/1681/1681
f 1681/1681/1681 1706/1706/1706 1707/1707/1707
f 1681/1681/1681 1707/1707/1707 1682/1682/1682
f 1682/1682/1682 1707/1707/1707 1708/1708/1708
f 1682/1682/1682 1708/1708/1708 1683/1683/1683
f 1683/1683/1683 1708/1708/1708 1709/1709/1709
f 1683/1683/1683 1709/1709/1709 1684/1684/1684
f 1684/1684/1684 1709/1709/1709 1710/1710/1710
f 1684/1684/1684 1710/1710/1710 1685/1685/1685
f 1685/1685/1685 1710/1710/1710 1711/1711/1711
f 1685/1685/1685 1711/1711/1711 1686/1686/1686
f 1686/1686/1686 1711/1711/1711 1712/1712/1712
f 1686/1686/1686 1712/1712/1712 1687/1687/1687
f 1687/1687/1687 1712/1712/1712 1713/1713/1713
f 1687/1687/1687 1713/1713/1713 1688/1688/1688
f 1688/1688/1688 1713/1713/1713 1714/1714/1714
f 1688/1688/1688 1714/1714/1714 1689/1689/1689
f 1689/1689/1689 1714/1714/1714 1715/1715/1715
f 1689/1689/1689 1715/1715/1715 1690/1690/1690
f 1690/1690/1690 1715/1715/1715 1716/1716/1716
f 1690/1690/1690 1716/1716/1716 1691/1691/1691
f 1691/1691/1691 1716/1716/1716 1717/1717/1717
f 1691/1691/1691 1717/1717/1717 1692/1692/1692
f 1692/1692/1692 1717/1717/1717 1718/1718/1718
f 1692/1692/1692 1718/1718/1718 1693/1693/1693
f 1693/1693/1693 1718/1718/1718 1719/1719/1719
f 1693/1693/1693 1719/1719/1719 1694/1694/1694
f 1694/1694/1694 1719/1719/1719 1720/1720/1720
f 1694/1694/1694 1720/1720/1720 1695/1695/1695
f 1695/1695/1695 1720/1720/1720 1721/1721/1721
f 1695/1695/1695 1721/1721/1721 1696/1696/1696
f 1696/1696/1696 1721/1721/1721 1722/1722/1722
f 1696/1696/1696 1722/1722/1722 1697/1697/1697
f 1697/1697/1697 1722/1722/1722 1723/1723/1723
f 1697/1697/1697 1723/1723/1723 1698/1698/1698
f 1698/1698/1698 1723/1723/1723 1724/1724/1724
f 1698/1698/1698 1724/1724/1724 1699/1699/1699
f 1699/1699/1699 1724/1724/1724 1725/1725/1725
f 1699/1699/1699 1725/1725/1725 1700/1700/1700
f 1701/1701/1701 1726/1726/1726 1727/1727/1727
f 1701/1701/1701 1727/1727/1727 1702/1702/1702
f 1702/1702/1702 1727/1727/1727 1728/1728/1728
f 1702/1702/1702 1728/1728/1728 1703/1703/1703
f 1703/1703/1703 1728/1728/1728 1729/1729/1729
f 1703/1703/1703 1729/1729/1729 1704/1704/1704
f 1704/1704/1704 1729/1729/1729 1730/1730/1730
f 1704/1704/1704 1730/1730/1730 1705/1705/1705
f 1705/1705/1705 1730/1730/1730 1731/1731/1731
f 1705/1705/1705 1731/1731/1731 1706/1706/1706
f 1706/1706/1706 1731/1731/1731 1732/1732/1732
f 1706/1706/1706 1732/1732/1732 1707/1707/1707
f 1707/1707/1707 1732/1732/1732 1733/1733/1733
f 1707/1707/1707 1733/1733/1733 1708/1708/1708
f 1708/1708/1708 1733/1733/1733 1734/1734/1734
f 1708/1708/1708 1734/1734/1734 1709/1709/1709
f 1709/1709/1709 1734/1734/1734 1735/1735/1735
f 1709/1709/1709 1735/1735/1735 1710/1710/1710
f 1710/1710/1710 1735/1735/1735 1736/1736/1736
f 1710/1710/1710 1736/1736/1736 1711/1711/1711
f 1711/1711/1711 1736/1736/1736 1737/1737/1737
f 1711/1711/1711 1737/1737/1737 1712/1712/1712
f 1712/1712/1712 1737/1737/1737 1738/1738/1738
f 1712/1712/1712 1738/1738/1738 1713/1713/1713
f 1713/1713/1713 1738/1738/1738 1739/1739/1739
f 1713/1713/1713 1739/1739/1739 1714/1714/1714
f 1714/1714/1714 1739/1739/1739 1740/1740/1740
f 1714/1714/1714 1740/1740/1740 1715/1715/1715
f 1715/1715/1715 1740/1740/1740 1741/1741/1741
f 1715/1715/1715 1741/1741/1741 1716/1716/1716
f 1716/1716/1716 1741/1741/1741 1742/1742/1742
f 1716/1716/1716 1742/1742/1742 1717/1717/1717
f 1717/1717/1717 1742/1742/1742 1743/1743/1743
f 1717/1717/1717 1743/1743/1743 1718/1718/1718
f 1718/1718/1718 1743/1743/1743 1744/1744/1744
f 1718/1718/1718 1744/1744/1744 1719/1719/1719
f 1719/1719/1719 1744/1744/1744 1745/1745/1745
f 1719/1719/1719 1745/1745/1745 1720/1720/1720
f 1720/1720/1720 1745/1745/1745 1746/1746/1746
f 1720/1720/1720 1746/1746/1746 1721/1721/1721
f 1721/1721/1721 1746/1746/1746 1747/1747/1747
f 1721/1721/1721 1747/1747/1747 1722/1722/1722
f 1722/1722/1722 1747/1747/1747 1748/1748/1748
f 1722/1722/1722 1748/1748/1748 1723/1723/1723
f 1723/1723/1723 1748/1748/1748 1749/1749/1749
f 1723/1723/1723 1749/1749/1749 1724/1724/1724
f 1724/1724/1724 1749/1749/1749 1750/1750/1750
f 1724/1724/1724 1750/1750/1750 1725/1725/1725
f 1726/1726/1726 1751/1751/1751 1752/1752/1752
f 1726/1726/1726 1752/1752/1752 1727/1727/1727
f 1727/1727/1727 1752/1752/1752 1753/1753/1753
f 1727/1727/1727 1753/1753/1753 1728/1728/1728
f 1728/1728/1728 1753/1753/1753 1754/1754/1754
f 1728/1728/1728 1754/1754/1754 1729/1729/1729
f 1729/1729/1729 1754/1754/1754 1755/1755/1755
f 1729/1729/1729 1755/1755/1755 1730/1730/1730
f 1730/1730/1730 1755/1755/1755 1756/1756/1756
f 1730/1730/1730 1756/1756/1756 1731/1731/1731
f 1731/1731/1731 1756/1756/1756 1757/1757/1757
f 1731/1731/1731 1757/1757/1757 1732/1732/1732
f 1732/1732/1732 1757/1757/1757 1758/1758/1758
f 1732/1732/1732 1758/1758/1758 1733/1733/1733
f 1733/1733/1733 1758/1758/1758 1759/1759/1759
f 1733/1733/1733 1759/1759/1759 1734/1734/1734
f 1734/1734/1734 1759/1759/1759 1760/1760/1760
f 1734/1734/1734 1760/1760/1760 1735/1735/1735
f 1735/1735/1735 1760/1760/1760 1761/1761/1761
f 1735/1735/1735 1761/1761/1761 1736/1736/1736
f 1736/1736/1736 1761/1761/1761 1762/1762/1762
f 1736/1736/1736 1762/1762/1762 1737/1737/1737
f 1737/1737/1737 1762/1762/1762 1763/1763/1763
f 1737/1737/1737 1763/1763/1763 1738/1738/1738
f 1738/1738/1738 1763/1763/1763 1764/1764/1764
f 1738/1738/1738 1764/1764/1764 1739/1739/1739
f 1739/1739/1739 1764/1764/1764 1765/1765/1765
f 1739/1739/1739 1765/1765/1765 1740/1740/1740
f 1740/1740/1740 1765/1765/1765 1766/1766/1766
f 1740/1740/1740 1766/1766/1766 1741/1741/1741
f 1741/1741/1741 1766/1766/1766 1767/1767/1767
f 1741/1741/1741 1767/1767/1767 1742/1742/1742
f 1742/1742/1742 1767/1767/1767 1768/1768/1768
f 1742/1742/1742 1768/1768/1768 1743/1743/1743
f 1743/1743/1743 1768/1768/1768 1769/1769/1769
f 1743/1743/1743 1769/1769/1769 1744/1744/1744
f 1744/1744/1744 1769/1769/1769 1770/1770/1770
f 1744/1744/1744 1770/1770/1770 1745/1745/1745
f 1745/1745/1745 1770/1770/1770 1771/1771/1771
f 1745/1745/1745 1771/1771/1771 1746/1746/1746
f 1746/1746/1746 1771/1771/1771 1772/1772/1772
f 1746/1746/1746 1772/1772/1772 1747/1747/1747
f 1747/1747/1747 1772/1772/1772 1773/1773/1773
f 1747/1747/1747 1773/1773/1773 1748/1748/1748
f 1748/1748/1748 1773/1773/1773 1774/1774/1774
f 1748/1748/1748 1774/1774/1774 1749/1749/1749
f 1749/1749/1749 1774/1774/1774 1775/1775/1775
f 1749/1749/1749 1775/1775/1775 1750/1750/1750
f 1751/1751/1751 1776/1776/1776 1777/1777/1777
f 1751/1751/1751 1777/1777/1777 1752/1752/1752
f 1752/1752/1752 1777/1777/1777 1778/1778/1778
f 1752/1752/1752 1778/1778/1778 1753/1753/1753
f 1753/1753/1753 1778/1778/1778 1779/1779/1779
f 1753/1753/1753 1779/1779/1779 1754/1754/1754
f 1754/1754/1754 1779/1779/1779 1780/1780/1780
f 1754/1754/1754 1780/1780/1780 1755/1755/1755
f 1755/1755/1755 1780/1780/1780 1781/1781/1781
f 1755/1755/1755 1781/1781/1781 1756/1756/1756
f 1756/1756/1756 1781/1781/1781 1782/1782/1782
f 1756/1756/1756 1782/1782/1782 1757/1757/1757
f 1757/1757/1757 1782/1782/1782 1783/1783/1783
f 1757/1757/1757 1783/1783/1783 1758/1758/1758
f 1758/1758/1758 1783/1783/1783 1784/1784/1784
f 1758/1758/1758 1784/1784/1784 1759/1759/1759
f 1759/1759/1759 1784/1784/1784 1785/1785/1785
f 1759/1759/1759 1785/1785/1785 1760/1760/1760
f 1760/1760/1760 1785/1785/1785 1786/1786/1786
f 1760/1760/1760 1786/1786/1786 1761/1761/1761
f 1761/1761/1761 1786/1786/1786 1787/1787/1787
f 1761/1761/1761 1787/1787/1787 1762/1762/1762
f 1762/1762/1762 1787/1787/1787 1788/1788/1788
f 1762/1762/1762 1788/1788/1788 1763/1763/1763
f 1763/1763/1763 1788/1788/1788 1789/1789/1789
f 1763/1763/1763 1789/1789/1789 1764/1764/1764
f 1764/1764/1764 1789/1789/1789 1790/1790/1790
f 1764/1764/1764 1790/1790/1790 1765/1765/1765
f 1765/1765/1765 1790/1790/1790 1791/1791/1791
f 1765/1765/1765 1791/1791/1791 1766/1766/1766
f 1766/1766/1766 1791/1791/1791 1792/1792/1792
f 1766/1766/1766 1792/1792/1792 1767/1767/1767
f 1767/1767/1767 1792/1792/1792 1793/1793/1793
f 1767/1767/1767 1793/1793/1793 1768/1768/1768
f 1768/1768/1768 1793/1793/1793 1794/1794/1794
f 1768/1768/1768 1794/1794/1794 1769/1769/1769
f 1769/1769/1769 1794/1794/1794 1795/1795/1795
f 1769/1769/1769 1795/1795/1795 1770/1770/1770
f 1770/1770/1770 1795/1795/1795 1796/1796/1796
f 1770/1770/1770 1796/1796/1796 1771/1771/1771
f 1771/1771/1771 1796/1796/1796 1797/1797/1797
f 1771/1771/1771 1797/1797/1797 1772/1772/1772
f 1772/1772/1772 1797/1797/1797 1798/1798/1798
f 1772/1772/1772 1798/1798/1798 1773/1773/1773
f 1773/1773/1773 1798/1798/1798 1799/1799/1799
f 1773/1773/1773 1799/1799/1799 1774/1774/1774
f 1774/1774/1774 1799/1799/1799 1800/1800/1800
f 1774/1774/1774 1800/1800/1800 1775/1775/1775
f 1776/1776/1776 1801/1801/1801 1802/1802/1802
f 1776/1776/1776 1802/1802/1802 1777/1777/1777
f 1777/1777/1777 1802/1802/1802 1803/1803/1803
f 1777/1777/1777 1803/1803/1803 1778/1778/1778
f 1778/1778/1778 1803/1803/1803 1804/1804/1804
f 1778/1778/1778 1804/1804/1804 1779/1779/1779
f 1779/1779/1779 1804/1804/1804 1805/1805/1805
f 1779/1779/1779 1805/1805/1805 1780/1780/1780
f 1780/1780/1780 1805/1805/1805 1806/1806/1806
f 1780/1780/1780 1806/1806/1806 1781/1781/1781
f 1781/1781/1781 1806/1806/1806 1807/1807/1807
f 1781/1781/1781 1807/1807/1807 1782/1782/1782
f 1782/1782/1782 1807/1807/1807 1808/1808/1808
f 1782/1782/1782 1808/1808/1808 1783/1783/1783
f 1783/1783/1783 1808/1808/1808 1809/1809/1809
f 1783/1783/1783 1809/1809/1809 1784/1784/1784
f 1784/1784/1784 1809/1809/1809 1810/1810/1810
f 1784/1784/1784 1810/1810/1810 1785/1785/1785
f 1785/1785/1785 1810/1810/1810 1811/1811/1811
f 1785/1785/1785 1811/1811/1811 1786/1786/1786
f 1786/1786/1786 1811/1811/1811 1812/1812/1812
f 1786/1786/1786 1812/1812/1812 1787/1787/1787
f 1787/1787/1787 1812/1812/1812 1813/1813/1813
f 1787/1787/1787 1813/1813/1813 1788/1788/1788
f 1788/1788/1788 1813/1813/1813 1814/1814/1814
f 1788/1788/1788 1814/1814/1814 1789/1789/1789
f 1789/1789/1789 1814/1814/1814 1815/1815/1815
f 1789/1789/1789 1815/1815/1815 1790/1790/1790
f 1790/1790/1790 1815/1815/1815 1816/1816/1816
f 1790/1790/1790 1816/1816/1816 1791/1791/1791
f 1791/1791/1791 1816/1816/1816 1817/1817/1817
f 1791/1791/1791 1817/1817/1817 1792/1792/1792
f 1792/1792/1792 1817/1817/1817 1818/1818/1818
f 1792/1792/1792 1818/1818/1818 1793/1793/1793
f 1793/1793/1793 1818/1818/1818 1819/1819/1819
f 1793/1793/1793 1819/1819/1819 1794/1794/1794
f 1794/1794/1794 1819/1819/1819 1820/1820/1820
f 1794/1794/1794 1820/1820/1820 1795/1795/1795
f 1795/1795/1795 1820/1820/1820 1821/1821/1821
f 1795/1795/1795 1821/1821/1821 1796/1796/1796
f 1796/1796/1796 1821/1821/1821 1822/1822/1822
f 1796/1796/1796 1822/1822/1822 1797/1797/1797
f 1797/1797/1797 1822/1822/1822 1823/1823/1823
f 1797/1797/1797 1823/1823/1823 1798/1798/1798
f 1798/1798/1798 1823/1823/1823 1824/1824/1824
f 1798/1798/1798 1824/1824/1824 1799/1799/1799
f 1799/1799/1799 1824/1824/1824 1825/1825/1825
f 1799/1799/1799 1825/1825/1825 1800/1800/1800
f 1801/1801/1801 1826/1826/1826 1827/1827/1827
f 1801/1801/1801 1827/1827/1827 1802/1802/1802
f 1802/1802/1802 1827/1827/1827 1828/1828/1828
f 1802/1802/1802 1828/1828/1828 1803/1803/1803
f 1803/1803/1803 1828/1828/1828 1829/1829/1829
f 1803/1803/1803 1829/1829/1829 1804/1804/1804
f 1804/1804/1804 1829/1829/1829 1830/1830/1830
f 1804/1804/1804 1830/1830/1830 1805/1805/1805
f 1805/1805/1805 1830/1830/1830 1831/1831/1831
f 1805/1805/1805 1831/1831/1831 1806/1806/1806
f 1806/1806/1806 1831/1831/1831 1832/1832/1832
f 1806/1806/1806 1832/1832/1832 1807/1807/1807
f 1807/1807/1807 1832/1832/1832 1833/1833/1833
f 1807/1807/1807 1833/1833/1833 1808/1808/1808
f 1808/1808/1808 1833/1833/1833 1834/1834/1834
f 1808/1808/1808 1834/1834/1834 1809/1809/1809
f 1809/1809/1809 1834/1834/1834 1835/1835/1835
f 1809/1809/1809 1835/1835/1835 1810/1810/1810
f 1810/1810/1810 1835/1835/1835 1836/1836/1836
f 1810/1810/1810 1836/1836/1836 1811/1811/1811
f 1811/1811/1811 1836/1836/1836 1837/1837/1837
f 1811/1811/1811 1837/1837/1837 1812/1812/1812
f 1812/1812/1812 1837/1837/1837 1838/1838/1838
f 1812/1812/1812 1838/1838/1838 1813/1813/1813
f 1813/1813/1813 1838/1838/1838 1839/1839/1839
f 1813/1813/1813 1839/1839/1839 1814/1814/1814
f 1814/1814/1814 1839/1839/1839 1840/1840/1840
f 1814/1814/1814 1840/1840/1840 1815/1815/1815
f 1815/1815/1815 1840/1840/1840 1841/1841/1841
f 1815/1815/1815 1841/1841/1841 1816/1816/1816
f 1816/1816/1816 1841/1841/1841 1842/1842/1842
f 1816/1816/1816 1842/1842/1842 1817/1817/1817
f 1817/1817/1817 1842/1842/1842 1843/1843/1843
f 1817/1817/1817 1843/1843/1843 1818/1818/1818
f 1818/1818/1818 1843/1843/1843 1844/1844/1844
f 1818/1818/1818 1844/1844/1844 1819/1819/1819
f 1819/1819/1819 1844/1844/1844 1845/1845/1845
f 1819/1819/1819 1845/1845/1845 1820/1820/1820
f 1820/1820/1820 1845/1845/1845 1846/1846/1846
f 1820/1820/1820 1846/1846/1846 1821/1821/1821
f 1821/1821/1821 1846/1846/1846 1847/1847/1847
f 1821/1821/1821 1847/1847/1847 1822/1822/1822
f 1822/1822/1822 1847/1847/1847 1848/1848/1848
f 1822/1822/1822 1848/1848/1848 1823/1823/1823
f 1823/1823/1823 1848/1848/1848 1849/1849/1849
f 1823/1823/1823 1849/1849/1849 1824/1824/1824
f 1824/1824/1824 1849/1849/1849 1850/1850/1850
f 1824/1824/1824 1850/1850/1850 1825/1825/1825
f 1826/1826/1826 1851/1851/1851 1852/1852/1852
f 1826/1826/1826 1852/1852/1852 1827/1827/1827
f 1827/1827/1827 1852/1852/1852 1853/1853/1853
f 1827/1827/1827 1853/1853/1853 1828/1828/1828
f 1828/1828/1828 1853/1853/1853 1854/1854/1854
f 1828/1828/1828 1854/1854/1854 1829/1829/1829
f 1829/1829/1829 1854/1854/1854 1855/1855/1855
f 1829/1829/1829 1855/1855/1855 1830/1830/1830
f 1830/1830/1830 1855/1855/1855 1856/1856/1856
f 1830/1830/1830 1856/1856/1856 1831/1831/1831
f 1831/1831/1831 1856/1856/1856 1857/1857/1857
f 1831/1831/1831 1857/1857/1857 1832/1832/1832
f 1832/1832/1832 1857/1857/1857 1858/1858/1858
f 1832/1832/1832 1858/1858/1858 1833/1833/1833
f 1833/1833/1833 1858/1858/1858 1859/1859/1859
f 1833/1833/1833 1859/1859/1859 1834/1834/1834
f 1834/1834/1834 1859/1859/1859 1860/1860/1860
f 1834/1834/1834 1860/1860/1860 1835/1835/1835
f 1835/1835/1835 1860/1860/1860 1861/1861/1861
f 1835/1835/1835 1861/1861/1861 1836/1836/1836
f 1836/1836/1836 1861/1861/1861 1862/1862/1862
f 1836/1836/1836 1862/1862/1862 1837/1837/1837
f 1837/1837/1837 1862/1862/1862 1863/1863/1863
f 1837/1837/1837 1863/1863/1863 1838/1838/1838
f 1838/1838/1838 1863/1863/1863 1864/1864/1864
f 1838/1838/1838 1864/1864/1864 1839/1839/1839
f 1839/1839/1839 1864/1864/1864 1865/1865/1865
f 1839/1839/1839 1865/1865/1865 1840/1840/1840
f 1840/1840/1840 1865/1865/1865 1866/1866/1866
f 1840/1840/1840 1866/1866/1866 1841/1841/1841
f 1841/1841/1841 1866/1866/1866 1867/1867/1867
f 1841/1841/1841 1867/1867/1867 1842/1842/1842
f 1842/1842/1842 1867/1867/1867 1868/1868/1868
f 1842/1842/1842 1868/1868/1868 1843/1843/1843
f 1843/1843/1843 1868/1868/1868 1869/1869/1869
f 1843/1843/1843 1869/1869/1869 1844/1844/1844
f 1844/1844/1844 1869/1869/1869 1870/1870/1870
f 1844/1844/1844 1870/1870/1870 1845/1845/1845
f 1845/1845/1845 1870/1870/1870 1871/1871/1871
f 1845/1845/1845 1871/1871/1871 1846/1846/1846
f 1846/1846/1846 1871/1871/1871 1872/1872/1872
f 1846/1846/1846 1872/1872/1872 1847/1847/1847
f 1847/1847/1847 1872/1872/1872 1873/1873/1873
f 1847/1847/1847 1873/1873/1873 1848/1848/1848
f 1848/1848/1848 1873/1873/1873 1874/1874/1874
f 1848/1848/1848 1874/1874/1874 1849/1849/1849
f 1849/1849/1849 1874/1874/1874 1875/1875/1875
f 1849/1849/1849 1875/1875/1875 1850/1850/1850
f 1851/1851/1851 1876/1876/1876 1877/1877/1877
f 1851/1851/1851 1877/1877/1877 1852/1852/1852
f 1852/1852/1852 1877/1877/1877 1878/1878/1878
f 1852/1852/1852 1878/1878/1878 1853/1853/1853
f 1853/1853/1853 1878/1878/1878 1879/1879/1879
f 1853/1853/1853 1879/1879/1879 1854/1854/1854
f 1854/1854/1854 1879/1879/1879 1880/1880/1880
f 1854/1854/1854 1880/1880/1880 1855/1855/1855
f 1855/1855/1855 1880/1880/1880 1881/1881/1881
f 1855/1855/1855 1881/1881/1881 1856/1856/1856
f 1856/1856/1856 1881/1881/1881 1882/1882/1882
f 1856/1856/1856 1882/1882/1882 1857/1857/1857
f 1857/1857/1857 1882/1882/1882 1883/1883/1883
f 1857/1857/1857 1883/1883/1883 1858/1858/1858
f 1858/1858/1858 1883/1883/1883 1884/1884/1884
f 1858/1858/1858 1884/1884/1884 1859/1859/1859
f 1859/1859/1859 1884/1884/1884 1885/1885/1885
f 1859/1859/1859 1885/1885/1885 1860/1860/1860
f 1860/1860/1860 1885/1885/1885 1886/1886/1886
f 1860/1860/1860 1886/1886/1886 1861/1861/1861
f 1861/1861/1861 1886/1886/1886 1887/1887/1887
f 1861/1861/1861 1887/1887/1887 1862/1862/1862
f 1862/1862/1862 1887/1887/1887 1888/1888/1888
f 1862/1862/1862 1888/1888/1888 1863/1863/1863
f 1863/1863/1863 1888/1888/1888 1889/1889/1889
f 1863/1863/1863 1889/1889/1889 1864/1864/1864
f 1864/1864/1864 1889/1889/1889 1890/1890/1890
f 1864/1864/1864 1890/1890/1890 1865/1865/1865
f 1865/1865/1865 1890/1890/1890 1891/1891/1891
f 1865/1865/1865 1891/1891/1891 1866/1866/1866
f 1866/1866/1866 1891/1891/1891 1892/1892/1892
f 1866/1866/1866 1892/1892/1892 1867/1867/1867
f 1867/1867/1867 1892/1892/1892 1893/1893/1893
f 1867/1867/1867 1893/1893/1893 1868/1868/1868
f 1868/1868/1868 1893/1893/1893 1894/1894/1894
f 1868/1868/1868 1894/1894/1894 1869/1869/1869
f 1869/1869/1869 1894/1894/1894 1895/1895/1895
f 1869/1869/1869 1895/1895/1895 1870/1870/1870
f 1870/1870/1870 1895/1895/1895 1896/1896/1896
f 1870/1870/1870 1896/1896/1896 1871/1871/1871
f 1871/1871/1871 1896/1896/1896 1897/1897/1897
f 1871/1871/1871 1897/1897/1897 1872/1872/1872
f 1872/1872/1872 1897/1897/1897 1898/1898/1898
f 1872/1872/1872 1898/1898/1898 1873/1873/1873
f 1873/1873/1873 1898/1898/1898 1899/1899/1899
f 1873/1873/1873 1899/1899/1899 1874/1874/1874
f 1874/1874/1874 1899/1899/1899 1900/1900/1900
f 1874/1874/1874 1900/1900/1900 1875/1875/1875
f 1876/1876/1876 1901/1901/1901 1902/1902/1902
f 1876/1876/1876 1902/1902/1902 1877/1877/1877
f 1877/1877/1877 1902/1902/1902 1903/1903/1903
f 1877/1877/1877 1903/1903/1903 1878/1878/1878
f 1878/1878/1878 1903/1903/1903 1904/1904/1904
f 1878/1878/1878 1904/1904/1904 1879/1879/1879
f 1879/1879/1879 1904/1904/1904 1905/1905/1905
f 1879/1879/1879 1905/1905/1905 1880/1880/1880
f 1880/1880/1880 1905/1905/1905 1906/1906/1906
f 1880/1880/1880 1906/1906/1906 1881/1881/1881
f 1881/1881/1881 1906/1906/1906 1907/1907/1907
f 1881/1881/1881 1907/1907/1907 1882/1882/1882
f 1882/1882/1882 1907/1907/1907 1908/1908/1908
f 1882/1882/1882 1908/1908/1908 1883/1883/1883
f 1883/1883/1883 1908/1908/1908 1909/1909/1909
f 1883/1883/1883 1909/1909/1909 1884/1884/1884
f 1884/1884/1884 1909/1909/1909 1910/1910/1910
f 1884/1884/1884 1910/1910/1910 1885/1885/1885
f 1885/1885/1885 1910/1910/1910 1911/1911/1911
f 1885/1885/1885 1911/1911/1911 1886/1886/1886
f 1886/1886/1886 1911/1911/1911 1912/1912/1912
f 1886/1886/1886 1912/1912/1912 1887/1887/1887
f 1887/1887/1887 1912/1912/1912 1913/1913/1913
f 1887/1887/1887 1913/1913/1913 1888/1888/1888
f 1888/1888/1888 1913/1913/1913 1914/1914/1914
f 1888/1888/1888 1914/1914/1914 1889/1889/1889
f 1889/1889/1889 1914/1914/1914 1915/1915/1915
f 1889/1889/1889 1915/1915/1915 1890/1890/1890
f 1890/1890/1890 1915/1915/1915 1916/1916/1916
f 1890/1890/1890 1916/1916/1916 1891/1891/1891
f 1891/1891/1891 1916/1916/1916 1917/1917/1917
f 1891/1891/1891 1917/1917/1917 1892/1892/1892
f 1892/1892/1892 1917/1917/1917 1918/1918/1918
f 1892/1892/1892 1918/1918/1918 1893/1893/1893
f 1893/1893/1893 1918/1918/1918 1919/1919/1919
f 1893/1893/1893 1919/1919/1919 1894/1894/1894
f 1894/1894/1894 1919/1919/1919 1920/1920/1920
f 1894/1894/1894 1920/1920/1920 1895/1895/1895
f 1895/1895/1895 1920/1920/1920 1921/1921/1921
f 1895/1895/1895 1921/1921/1921 1896/1896/1896
f 1896/1896/1896 1921/1921/1921 1922/1922/1922
f 1896/1896/1896 1922/1922/1922 1897/1897/1897
f 1897/1897/1897 1922/1922/1922 1923/1923/1923
f 1897/1897/1897 1923/1923/1923 1898/1898/1898
f 1898/1898/1898 1923/1923/1923 1924/1924/1924
f 1898/1898/1898 1924/1924/1924 1899/1899/1899
f 1899/1899/1899 1924/1924/1924 1925/1925/1925
f 1899/1899/1899 1925/1925/1925 1900/1900/1900
f 1901/1901/1901 1926/1926/1926 1927/1927/1927
f 1901/1901/1901 1927/1927/1927 1902/1902/1902
f 1902/1902/1902 1927/1927/1927 1928/1928/1928
f 1902/1902/1902 1928/1928/1928 1903/1903/1903
f 1903/1903/1903 1928/1928/1928 1929/1929/1929
f 1903/1903/1903 1929/1929/1929 1904/1904/1904
f 1904/1904/1904 1929/1929/1929 1930/1930/1930
f 1904/1904/1904 1930/1930/1930 1905/1905/1905
f 1905/1905/1905 1930/1930/1930 1931/1931/1931
f 1905/1905/1905 1931/1931/1931 1906/1906/1906
f 1906/1906/1906 1931/1931/1931 1932/1932/1932
f 1906/1906/1906 1932/1932/1932 1907/1907/1907
f 1907/1907/1907 1932/1932/1932 1933/1933/1933
f 1907/1907/1907 1933/1933/1933 1908/1908/1908
f 1908/1908/1908 1933/1933/1933 1934/1934/1934
f 1908/1908/1908 1934/1934/1934 1909/1909/1909
f 1909/1909/1909 1934/1934/1934 1935/1935/1935
f 1909/1909/1909 1935/1935/1935 1910/1910/1910
f 1910/1910/1910 1935/1935/1935 1936/1936/1936
f 1910/1910/1910 1936/1936/1936 1911/1911/1911
f 1911/1911/1911 1936/1936/1936 1937/1937/1937
f 1911/1911/1911 1937/1937/1937 1912/1912/1912
f 1912/1912/1912 1937/1937/1937 1938/1938/1938
f 1912/1912/1912 1938/1938/1938 1913/1913/1913
f 1913/1913/1913 1938/1938/1938 1939/1939/1939
f 1913/1913/1913 1939/1939/1939 1914/1914/1914
f 1914/1914/1914 1939/1939/1939 1940/1940/1940
f 1914/1914/1914 1940/1940/1940 1915/1915/1915
f 1915/1915/1915 1940/1940/1940 1941/1941/1941
f 1915/1915/1915 1941/1941/1941 1916/1916/1916
f 1916/1916/1916 1941/1941/1941 1942/1942/1942
f 1916/1916/1916 1942/1942/1942 1917/1917/1917
f 1917/1917/1917 1942/1942/1942 1943/1943/1943
f 1917/1917/1917 1943/1943/1943 1918/1918/1918
f 1918/1918/1918 1943/1943/1943 1944/1944/1944
f 1918/1918/1918 1944/1944/1944 1919/1919/1919
f 1919/1919/1919 1944/1944/1944 1945/1945/1945
f 1919/1919/1919 1945/1945/1945 1920/1920/1920
f 1920/1920/1920 1945/1945/1945 1946/1946/1946
f 1920/1920/1920 1946/1946/1946 1921/1921/1921
f 1921/1921/1921 1946/1946/1946 1947/1947/1947
f 1921/1921/1921 1947/1947/1947 1922/1922/1922
f 1922/1922/1922 1947/1947/1947 1948/1948/1948
f 1922/1922/1922 1948/1948/1948 1923/1923/1923
f 1923/1923/1923 1948/1948/1948 1949/1949/1949
f 1923/1923/1923 1949/1949/1949 1924/1924/1924
f 1924/1924/1924 1949/1949/1949 1950/1950/1950
f 1924/1924/1924 1950/1950/1950 1925/1925/1925
f 1926/1926/1926 1951/1951/1951 1952/1952/1952
f 1926/1926/1926 1952/1952/1952 1927/1927/1927
f 1927/1927/1927 1952/1952/1952 1953/1953/1953
f 1927/1927/1927 1953/1953/1953 1928/1928/1928
f 1928/1928/1928 1953/1953/1953 1954/1954/1954
f 1928/1928/1928 1954/1954/1954 1929/1929/1929
f 1929/1929/1929 1954/1954/1954 1955/1955/1955
f 1929/1929/1929 1955/1955/1955 1930/1930/1930
f 1930/1930/1930 1955/1955/1955 1956/1956/1956
f 1930/1930/1930 1956/1956/1956 1931/1931/1931
f 1931/1931/1931 1956/1956/1956 1957/1957/1957
f 1931/1931/1931 1957/1957/1957 1932/1932/1932
f 1932/1932/1932 1957/1957/1957 1958/1958/1958
f 1932/1932/1932 1958/1958/1958 1933/1933/1933
f 1933/1933/1933 1958/1958/1958 1959/1959/1959
f 1933/1933/1933 1959/1959/1959 1934/1934/1934
f 1934/1934/1934 1959/1959/1959 1960/1960/1960
f 1934/1934/1934 1960/1960/1960 1935/1935/1935
f 1935/1935/1935 1960/1960/1960 1961/1961/1961
f 1935/1935/1935 1961/1961/1961 1936/1936/1936
f 1936/1936/1936 1961/1961/1961 1962/1962/1962
f 1936/1936/1936 1962/1962/1962 1937/1937/1937
f 1937/1937/1937 1962/1962/1962 1963/1963/1963
f 1937/1937/1937 1963/1963/1963 1938/1938/1938
f 1938/1938/1938 1963/1963/1963 1964/1964/1964
f 1938/1938/1938 1964/1964/1964 1939/1939/1939
f 1939/1939/1939 1964/1964/1964 1965/1965/1965
f 1939/1939/1939 1965/1965/1965 1940/1940/1940
f 1940/1940/1940 1965/1965/1965 1966/1966/1966
f 1940/1940/1940 1966/1966/1966 1941/1941/1941
f 1941/1941/1941 1966/1966/1966 1967/1967/1967
f 1941/1941/1941 1967/1967/1967 1942/1942/1942
f 1942/1942/1942 1967/1967/1967 1968/1968/1968
f 1942/1942/1942 1968/1968/1968 1943/1943/1943
f 1943/1943/1943 1968/1968/1968 1969/1969/1969
f 1943/1943/1943 1969/1969/1969 1944/1944/1944
f 1944/1944/1944 1969/1969/1969 1970/1970/1970
f 1944/1944/1944 1970/1970/1970 1945/1945/1945
f 1945/1945/1945 1970/1970/1970 1971/1971/1971
f 1945/1945/1945 1971/1971/1971 1946/1946/1946
f 1946/1946/1946 1971/1971/1971 1972/1972/1972
f 1946/1946/1946 1972/1972/1972 1947/1947/1947
f 1947/1947/1947 1972/1972/1972 1973/1973/1973
f 1947/1947/1947 1973/1973/1973 1948/1948/1948
f 1948/1948/1948 1973/1973/1973 1974/1974/1974
f 1948/1948/1948 1974/1974/1974 1949/1949/1949
f 1949/1949/1949 1974/1974/1974 1975/1975/1975
f 1949/1949/1949 1975/1975/1975 1950/1950/1950
f 1951/1951/1951 1976/1976/1976 1977/1977/1977
f 1951/1951/1951 1977/1977/1977 1952/1952/1952
f 1952/1952/1952 1977/1977/1977 1978/1978/1978
f 1952/1952/1952 1978/1978/1978 1953/1953/1953
f 1953/1953/1953 1978/1978/1978 1979/1979/1979
f 1953/1953/1953 1979/1979/1979 1954/1954/1954
f 1954/1954/1954 1979/1979/1979 1980/1980/1980
f 1954/1954/1954 1980/1980/1980 1955/1955/1955
f 1955/1955/1955 1980/1980/1980 1981/1981/1981
f 1955/1955/1955 1981/1981/1981 1956/1956/1956
f 1956/1956/1956 1981/1981/1981 1982/1982/1982
f 1956/1956/1956 1982/1982/1982 1957/1957/1957
f 1957/1957/1957 1982/1982/1982 1983/1983/1983
f 1957/1957/1957 1983/1983/1983 1958/1958/1958
f 1958/1958/1958 1983/1983/1983 1984/1984/1984
f 1958/1958/1958 1984/1984/1984 1959/1959/1959
f 1959/1959/1959 1984/1984/1984 1985/1985/1985
f 1959/1959/1959 1985/1985/1985 1960/1960/1960
f 1960/1960/1960 1985/1985/1985 1986/1986/1986
f 1960/1960/1960 1986/1986/1986 1961/1961/1961
f 1961/1961/1961 1986/1986/1986 1987/1987/1987
f 1961/1961/1961 1987/1987/1987 1962/1962/1962
f 1962/1962/1962 1987/1987/1987 1988/1988/1988
f 1962/1962/1962 1988/1988/1988 1963/1963/1963
f 1963/1963/1963 1988/1988/1988 1989/1989/1989
f 1963/1963/1963 1989/1989/1989 1964/1964/1964
f 1964/1964/1964 1989/1989/1989 1990/1990/1990
f 1964/1964/1964 1990/1990/1990 1965/1965/1965
f 1965/1965/1965 1990/1990/1990 1991/1991/1991
f 1965/1965/1965 1991/1991/1991 1966/1966/1966
f 1966/1966/1966 1991/1991/1991 1992/1992/1992
f 1966/1966/1966 1992/1992/1992 1967/1967/1967
f 1967/1967/1967 1992/1992/1992 1993/1993/1993
f 1967/1967/1967 1993/1993/1993 1968/1968/1968
f 1968/1968/1968 1993/1993/1993 1994/1994/1994
f 1968/1968/1968 1994/1994/1994 1969/1969/1969
f 1969/1969/1969 1994/1994/1994 1995/1995/1995
f 1969/1969/1969 1995/1995/1995 1970/1970/1970
f 1970/1970/1970 1995/1995/1995 1996/1996/1996
f 1970/1970/1970 1996/1996/1996 1971/1971/1971
f 1971/1971/1971 1996/1996/1996 1997/1997/1997
f 1971/1971/1971 1997/1997/1997 1972/1972/1972
f 1972/1972/1972 1997/1997/1997 1998/1998/1998
f 1972/1972/1972 1998/1998/1998 1973/1973/1973
f 1973/1973/1973 1998/1998/1998 1999/1999/1999
f 1973/1973/1973 1999/1999/1999 1974/1974/1974
f 1974/1974/1974 1999/1999/1999 2000/2000/2000
f 1974/1974/1974 2000/2000/2000 1975/1975/1975
f 1976/1976/1976 2001/2001/2001 2002/2002/2002
f 1976/1976/1976 2002/2002/2002 1977/1977/1977
f 1977/1977/1977 2002/2002/2002 2003/2003/2003
f 1977/1977/1977 2003/2003/2003 1978/1978/1978
f 1978/1978/1978 2003/2003/2003 2004/2004/2004
f 1978/1978/1978 2004/2004/2004 1979/1979/1979
f 1979/1979/1979 2004/2004/2004 2005/2005/2005
f 1979/1979/1979 2005/2005/2005 1980/1980/1980
f 1980/1980/1980 2005/2005/2005 2006/2006/2006
f 1980/1980/1980 2006/2006/2006 1981/1981/1981
f 1981/1981/1981 2006/2006/2006 2007/2007/2007
f 1981/1981/1981 2007/2007/2007 1982/1982/1982
f 1982/1982/1982 2007/2007/2007 2008/2008/2008
f 1982/1982/1982 2008/2008/2008 1983/1983/1983
f 1983/1983/1983 2008/2008/2008 2009/2009/2009
f 1983/1983/1983 2009/2009/2009 1984/1984/1984
f 1984/1984/1984 2009/2009/2009 2010/2010/2010
f 1984/1984/1984 2010/2010/2010 1985/1985/1985
f 1985/1985/1985 2010/2010/2010 2011/2011/2011
f 1985/1985/1985 2011/2011/2011 1986/1986/1986
f 1986/1986/1986 2011/2011/2011 2012/2012/2012
f 1986/1986/1986 2012/2012/2012 1987/1987/1987
f 1987/1987/1987 2012/2012/2012 2013/2013/2013
f 1987/1987/1987 2013/2013/2013 1988/1988/1988
f 1988/1988/1988 2013/2013/2013 2014/2014/2014
f 1988/1988/1988 2014/2014/2014 1989/1989/1989
f 1989/1989/1989 2014/2014/2014 2015/2015/2015
f 1989/1989/1989 2015/2015/2015 1990/1990/1990
f 1990/1990/1990 2015/2015/2015 2016/2016/2016
f 1990/1990/1990 2016/2016/2016 1991/1991/1991
f 1991/1991/1991 2016/2016/2016 2017/2017/2017
f 1991/1991/1991 2017/2017/2017 1992/1992/1992
f 1992/1992/1992 2017/2017/2017 2018/2018/2018
f 1992/1992/1992 2018/2018/2018 1993/1993/1993
f 1993/1993/1993 2018/2018/2018 2019/2019/2019
f 1993/1993/1993 2019/2019/2019 1994/1994/1994
f 1994/1994/1994 2019/2019/2019 2020/2020/2020
f 1994/1994/1994 2020/2020/2020 1995/1995/1995
f 1995/1995/1995 2020/2020/2020 2021/2021/2021
f 1995/1995/1995 2021/2021/2021 1996/1996/1996
f 1996/1996/1996 2021/2021/2021 2022/2022/2022
f 1996/1996/1996 2022/2022/2022 1997/1997/1997
f 1997/1997/1997 2022/2022/2022 2023/2023/2023
f 1997/1997/1997 2023/2023/2023 1998/1998/1998
f 1998/1998/1998 2023/2023/2023 2024/2024/2024
f 1998/1998/1998 2024/2024/2024 1999/1999/1999
f 1999/1999/1999 2024/2024/2024 2025/2025/2025
f 1999/1999/1999 2025/2025/2025 2000/2000/2000
f 2001/2001/2001 2026/2026/2026 2027/2027/2027
f 2001/2001/2001 2027/2027/2027 2002/2002/2002
f 2002/2002/2002 2027/2027/2027 2028/2028/2028
f 2002/2002/2002 2028/2028/2028 2003/2003/2003
f 2003/2003/2003 2028/2028/2028 2029/2029/2029
f 2003/2003/2003 2029/2029/2029 2004/2004/2004
f 2004/2004/2004 2029/2029/2029 2030/2030/2030
f 2004/2004/2004 2030/2030/2030 2005/2005/2005
f 2005/2005/2005 2030/2030/2030 2031/2031/2031
f 2005/2005/2005 2031/2031/2031 2006/2006/2006
f 2006/2006/2006 2031/2031/2031 2032/2032/2032
f 2006/2006/2006 2032/2032/2032 2007/2007/2007
f 2007/2007/2007 2032/2032/2032 2033/2033/2033
f 2007/2007/2007 2033/2033/2033 2008/2008/2008
f 2008/2008/2008 2033/2033/2033 2034/2034/2034
f 2008/2008/2008 2034/2034/2034 2009/2009/2009
f 2009/2009/2009 2034/2034/2034 2035/2035/2035
f 2009/2009/2009 2035/2035/2035 2010/2010/2010
f 2010/2010/2010 2035/2035/2035 2036/2036/2036
f 2010/2010/2010 2036/2036/2036 2011/2011/2011
f 2011/2011/2011 2036/2036/2036 2037/2037/2037
f 2011/2011/2011 2037/2037/2037 2012/2012/2012
f 2012/2012/2012 2037/2037/2037 2038/2038/2038
f 2012/2012/2012 2038/2038/2038 2013/2013/2013
f 2013/2013/2013 2038/2038/2038 2039/2039/2039
f 2013/2013/2013 2039/2039/2039 2014/2014/2014
f 2014/2014/2014 2039/2039/2039 2040/2040/2040
f 2014/2014/2014 2040/2040/2040 2015/2015/2015
f 2015/2015/2015 2040/2040/2040 2041/2041/2041
f 2015/2015/2015 2041/2041/2041 2016/2016/2016
f 2016/2016/2016 2041/2041/2041 2042/2042/2042
f 2016/2016/2016 2042/2042/2042 2017/2017/2017
f 2017/2017/2017 2042/2042/2042 2043/2043/2043
f 2017/2017/2017 2043/2043/2043 2018/2018/2018
f 2018/2018/2018 2043/2043/2043 2044/2044/2044
f 2018/2018/2018 2044/2044/2044 2019/2019/2019
f 2019/2019/2019 2044/2044/2044 2045/2045/2045
f 2019/2019/2019 2045/2045/2045 2020/2020/2020
f 2020/2020/2020 2045/2045/2045 2046/2046/2046
f 2020/2020/2020 2046/2046/2046 2021/2021/2021
f 2021/2021/2021 2046/2046/2046 2047/2047/2047
f 2021/2021/2021 2047/2047/2047 2022/2022/2022
f 2022/2022/2022 2047/2047/2047 2048/2048/2048
f 2022/2022/2022 2048/2048/2048 2023/2023/2023
f 2023/2023/2023 2048/2048/2048 2049/2049/2049
f 2023/2023/2023 2049/2049/2049 2024/2024/2024
f 2024/2024/2024 2049/2049/2049 2050/2050/2050
f 2024/2024/2024 2050/2050/2050 2025/2025/2025
